사고번호,사고일시,요일,시군구,사고내용,사망자수,중상자수,경상자수,부상신고자수,사고유형,법규위반,노면상태,기상상태,도로형태,가해운전자 차종,가해운전자 성별,가해운전자 연령,가해운전자 상해정도,피해운전자 차종,피해운전자 성별,피해운전자 연령,피해운전자 상해정도
2016012800100637,2016년 1월 28일 22시,목요일,제주특별자치도 제주시 연동,경상사고,0,0,1,0,차대차 - 측면직각충돌,신호위반,습기,비,단일로 - 횡단보도상,자전거,남,13세,경상,승용,남,49세,상해없음
2016012800100638,2016년 1월 28일 22시,목요일,제주특별자치도 제주시 노형동,부상신고사고,0,0,0,2,차대차 - 추돌,안전운전불이행,습기,비,교차로 - 교차로부근,승용,남,52세,부상신고,승용,남,61세,상해없음
2016012900100065,2016년 1월 29일 02시,금요일,제주특별자치도 서귀포시 서귀동,경상사고,0,0,1,0,차대차 - 기타,교차로운행방법위반,건조,맑음,교차로 - 교차로안,승용,여,30세,상해없음,승용,남,62세,경상
2016012900100085,2016년 1월 29일 03시,금요일,제주특별자치도 제주시 연동,중상사고,0,1,0,0,차대사람 - 횡단중,안전운전불이행,습기,비,단일로 - 기타,승용,남,37세,상해없음,보행자,여,52세,중상
2016012900100254,2016년 1월 29일 11시,금요일,제주특별자치도 서귀포시 남원읍,부상신고사고,0,0,0,1,차대차 - 기타,직진우회전진행방해,습기,비,교차로 - 교차로안,승용,여,60세,부상신고,화물,남,68세,상해없음
2016012900100307,2016년 1월 29일 13시,금요일,제주특별자치도 제주시 삼도일동,경상사고,0,0,2,0,차대차 - 정면충돌,직진우회전진행방해,습기,비,교차로 - 교차로안,승용,여,39세,경상,승용,남,72세,경상
2016012900100328,2016년 1월 29일 14시,금요일,제주특별자치도 제주시 건입동,경상사고,0,0,1,0,차대사람 - 횡단중,보행자보호의무위반,습기,비,단일로 - 횡단보도상,승용,남,67세,상해없음,보행자,남,9세,경상
2016012900100359,2016년 1월 29일 15시,금요일,제주특별자치도 서귀포시 강정동,경상사고,0,0,2,0,차대차 - 기타,직진우회전진행방해,건조,맑음,교차로 - 교차로안,승용,여,59세,경상,승용,남,39세,경상
2016012900100417,2016년 1월 29일 17시,금요일,제주특별자치도 서귀포시 강정동,중상사고,0,1,0,0,차대사람 - 기타,안전운전불이행,습기,비,교차로 - 교차로부근,승용,남,53세,상해없음,보행자,남,56세,중상
2016012900100588,2016년 1월 29일 20시,금요일,제주특별자치도 제주시 외도일동,경상사고,0,0,1,0,차대차 - 측면충돌,안전운전불이행,습기,비,단일로 - 기타,승합,남,46세,상해없음,승용,여,35세,경상
2016012900100616,2016년 1월 29일 21시,금요일,제주특별자치도 제주시 노형동,경상사고,0,0,1,1,차대차 - 추돌,안전운전불이행,습기,비,단일로 - 기타,승용,남,22세,상해없음,승용,남,35세,부상신고
2016012900100654,2016년 1월 29일 22시,금요일,제주특별자치도 서귀포시 대정읍,중상사고,0,1,0,0,차량단독 - 전도전복,안전운전불이행,건조,맑음,교차로 - 교차로부근,화물,남,52세,중상,,,,
2016013000100295,2016년 1월 30일 11시,토요일,제주특별자치도 제주시 연동,경상사고,0,0,1,0,차대차 - 정면충돌,안전운전불이행,건조,맑음,단일로 - 기타,승용,남,72세,상해없음,화물,남,36세,경상
2016013000100380,2016년 1월 30일 14시,토요일,제주특별자치도 제주시 애월읍,부상신고사고,0,0,0,1,차대사람 - 횡단중,안전운전불이행,건조,맑음,교차로 - 교차로안,승용,남,41세,상해없음,보행자,남,56세,부상신고
2016013000100427,2016년 1월 30일 16시,토요일,제주특별자치도 제주시 노형동,중상사고,0,1,0,0,차대차 - 측면충돌,직진우회전진행방해,습기,비,교차로 - 교차로안,원동기,남,18세,상해없음,원동기,남,66세,중상
2016013000100502,2016년 1월 30일 18시,토요일,제주특별자치도 제주시 구좌읍,중상사고,0,1,4,0,차대차 - 측면직각충돌,직진우회전진행방해,건조,맑음,교차로 - 교차로안,승용,남,26세,상해없음,승용,여,37세,경상
2016013000100575,2016년 1월 30일 20시,토요일,제주특별자치도 제주시 노형동,중상사고,0,1,0,0,차대사람 - 기타,안전운전불이행,건조,맑음,단일로 - 기타,승용,남,45세,상해없음,보행자,남,47세,중상
2016013000100635,2016년 1월 30일 22시,토요일,제주특별자치도 제주시 애월읍,경상사고,0,0,3,3,차대차 - 측면직각충돌,교차로운행방법위반,건조,맑음,교차로 - 교차로안,승용,여,21세,경상,승용,남,48세,경상
2016013100100117,2016년 1월 31일 06시,일요일,제주특별자치도 서귀포시 성산읍,경상사고,0,0,2,0,차대차 - 추돌,안전운전불이행,건조,맑음,교차로 - 교차로부근,원동기,남,17세,경상,승용,남,26세,상해없음
2016013100100162,2016년 1월 31일 09시,일요일,제주특별자치도 제주시 연동,부상신고사고,0,0,0,2,차대차 - 측면충돌,직진우회전진행방해,건조,맑음,교차로 - 교차로안,승용,남,44세,상해없음,화물,남,46세,상해없음
2016013100100192,2016년 1월 31일 11시,일요일,제주특별자치도 서귀포시 남원읍,경상사고,0,0,1,0,차량단독 - 기타,안전운전불이행,건조,맑음,단일로 - 기타,원동기,남,28세,경상,,,,
2016013100100215,2016년 1월 31일 12시,일요일,제주특별자치도 서귀포시 중문동,경상사고,0,0,1,0,차대차 - 기타,안전운전불이행,건조,맑음,교차로 - 교차로안,승용,여,22세,상해없음,승합,남,50세,상해없음
2016013100100255,2016년 1월 31일 14시,일요일,제주특별자치도 서귀포시 성산읍,경상사고,0,0,1,0,차량단독 - 기타,안전운전불이행,건조,맑음,단일로 - 기타,승용,남,67세,경상,,,,
2016013100100282,2016년 1월 31일 15시,일요일,제주특별자치도 서귀포시 성산읍,중상사고,0,1,0,0,차대사람 - 기타,안전운전불이행,건조,맑음,교차로 - 교차로부근,승용,남,57세,상해없음,보행자,남,59세,중상
2016013100100329,2016년 1월 31일 17시,일요일,제주특별자치도 서귀포시 성산읍,중상사고,0,1,0,0,차대사람 - 기타,보행자보호의무위반,건조,맑음,단일로 - 기타,승용,여,57세,상해없음,보행자,여,28세,중상
2016013100100330,2016년 1월 31일 17시,일요일,제주특별자치도 서귀포시 대정읍,경상사고,0,0,2,1,차대차 - 기타,중앙선침범,건조,맑음,단일로 - 기타,승용,여,44세,부상신고,화물,남,49세,경상
2016013100100358,2016년 1월 31일 18시,일요일,제주특별자치도 서귀포시 강정동,부상신고사고,0,0,0,1,차대차 - 기타,교차로운행방법위반,건조,맑음,교차로 - 교차로안,승용,여,34세,부상신고,승용,여,53세,상해없음
2016013100100416,2016년 1월 31일 20시,일요일,제주특별자치도 제주시 조천읍,중상사고,0,3,1,0,차대차 - 정면충돌,신호위반,건조,맑음,교차로 - 교차로안,승용,여,28세,중상,화물,남,29세,중상
2016013100100439,2016년 1월 31일 21시,일요일,제주특별자치도 제주시 이도이동,경상사고,0,0,4,0,차대차 - 추돌,안전운전불이행,기타,맑음,단일로 - 기타,화물,남,25세,상해없음,승합,여,26세,경상
2016020100100080,2016년 2월 1일 07시,월요일,제주특별자치도 제주시 화북이동,경상사고,0,0,2,0,차대차 - 추돌,안전거리미확보,건조,맑음,교차로 - 교차로부근,승합,남,63세,상해없음,승용,남,54세,경상
2016020100100112,2016년 2월 1일 08시,월요일,제주특별자치도 제주시 한경면,중상사고,0,1,0,0,차대사람 - 횡단중,안전운전불이행,건조,맑음,단일로 - 기타,승용,남,40세,상해없음,보행자,여,17세,중상
2016020100100164,2016년 2월 1일 10시,월요일,제주특별자치도 제주시 화북일동,경상사고,0,0,1,0,차대차 - 추돌,안전거리미확보,습기,눈,단일로 - 기타,승용,남,53세,상해없음,승용,여,33세,경상
2016020100100165,2016년 2월 1일 10시,월요일,제주특별자치도 제주시 연동,중상사고,0,1,0,0,차대차 - 기타,직진우회전진행방해,건조,맑음,교차로 - 교차로안,원동기,남,19세,중상,화물,남,38세,상해없음
2016020100100232,2016년 2월 1일 12시,월요일,제주특별자치도 제주시 노형동,경상사고,0,0,1,0,차대사람 - 횡단중,안전운전불이행,건조,맑음,교차로 - 교차로부근,기타불명,기타불명,기타불명,기타불명,보행자,여,12세,경상
2016020100100256,2016년 2월 1일 13시,월요일,제주특별자치도 제주시 조천읍,경상사고,0,0,1,0,차대차 - 추돌,안전운전불이행,적설,눈,단일로 - 기타,승용,남,34세,경상,화물,남,44세,상해없음
2016020100100257,2016년 2월 1일 13시,월요일,제주특별자치도 제주시 용담이동,경상사고,0,0,1,0,차대사람 - 길가장자리구역통행중,안전운전불이행,건조,흐림,단일로 - 기타,승용,여,45세,상해없음,보행자,여,18세,경상
2016020100100288,2016년 2월 1일 14시,월요일,제주특별자치도 제주시 삼도일동,사망사고,1,0,0,0,차대사람 - 횡단중,안전운전불이행,건조,맑음,단일로 - 기타,화물,남,47세,상해없음,보행자,남,86세,사망
2016020100100289,2016년 2월 1일 14시,월요일,제주특별자치도 서귀포시 남원읍,경상사고,0,0,3,0,차대차 - 기타,교차로운행방법위반,건조,맑음,교차로 - 교차로부근,화물,남,33세,상해없음,화물,남,41세,상해없음
2016020100100320,2016년 2월 1일 15시,월요일,제주특별자치도 서귀포시 표선면,중상사고,0,1,0,0,차량단독 - 전도전복,안전운전불이행,건조,흐림,단일로 - 기타,원동기,남,71세,중상,,,,
2016020100100321,2016년 2월 1일 15시,월요일,제주특별자치도 제주시 애월읍,경상사고,0,0,5,0,차대차 - 측면충돌,안전거리미확보,건조,맑음,단일로 - 기타,승합,남,51세,상해없음,승용,여,24세,경상
2016020100100391,2016년 2월 1일 17시,월요일,제주특별자치도 제주시 용담이동,경상사고,0,0,1,0,차대사람 - 기타,안전운전불이행,건조,맑음,기타 - 기타,승용,여,47세,상해없음,보행자,여,22세,경상
2016020100100525,2016년 2월 1일 21시,월요일,제주특별자치도 제주시 연동,경상사고,0,0,1,0,차대사람 - 기타,안전운전불이행,건조,흐림,단일로 - 기타,승용,남,35세,상해없음,보행자,남,45세,경상
2016020100100555,2016년 2월 1일 22시,월요일,제주특별자치도 제주시 애월읍,경상사고,0,0,1,2,차대차 - 추돌,안전운전불이행,결빙,눈,단일로 - 기타,승용,남,22세,부상신고,승용,여,45세,경상
2016020200100129,2016년 2월 2일 08시,화요일,제주특별자치도 제주시 용담이동,경상사고,0,0,1,0,차대사람 - 횡단중,보행자보호의무위반,건조,맑음,단일로 - 횡단보도상,승용,남,24세,상해없음,보행자,남,14세,경상
2016020200100193,2016년 2월 2일 10시,화요일,제주특별자치도 제주시 이도이동,부상신고사고,0,0,0,1,차대사람 - 차도통행중,안전운전불이행,건조,맑음,단일로 - 기타,화물,남,29세,상해없음,보행자,남,47세,부상신고
2016020200100194,2016년 2월 2일 10시,화요일,제주특별자치도 제주시 삼양이동,경상사고,0,0,1,0,차대차 - 측면충돌,직진우회전진행방해,건조,맑음,교차로 - 교차로안,원동기,남,76세,경상,승용,남,25세,상해없음
2016020200100195,2016년 2월 2일 10시,화요일,제주특별자치도 제주시 애월읍,중상사고,0,2,2,0,차대차 - 측면충돌,안전운전불이행,건조,맑음,단일로 - 기타,승용,남,23세,상해없음,승용,남,21세,경상
2016020200100304,2016년 2월 2일 14시,화요일,제주특별자치도 서귀포시 남원읍,중상사고,0,1,2,0,차대차 - 기타,교차로운행방법위반,건조,맑음,교차로 - 교차로안,화물,남,53세,상해없음,승용,남,21세,중상
2016020200100338,2016년 2월 2일 15시,화요일,제주특별자치도 제주시 도련일동,경상사고,0,0,1,0,차대차 - 측면충돌,차로위반,건조,맑음,단일로 - 기타,건설기계,남,40세,상해없음,화물,남,35세,경상
2016020200100339,2016년 2월 2일 15시,화요일,제주특별자치도 제주시 이호일동,경상사고,0,0,3,0,차량단독 - 기타,안전운전불이행,건조,맑음,단일로 - 기타,승용,남,59세,기타불명,,,,
2016020200100374,2016년 2월 2일 16시,화요일,제주특별자치도 제주시 이도이동,경상사고,0,0,1,0,차대차 - 측면충돌,안전거리미확보,건조,맑음,교차로 - 교차로안,이륜,남,66세,경상,승용,여,24세,상해없음
2016020200100406,2016년 2월 2일 17시,화요일,제주특별자치도 제주시 건입동,경상사고,0,0,1,0,차대차 - 정면충돌,안전운전불이행,건조,맑음,교차로 - 교차로안,승용,여,31세,경상,승용,남,57세,상해없음
2016020200100488,2016년 2월 2일 19시,화요일,제주특별자치도 서귀포시 남원읍,경상사고,0,0,3,0,차대차 - 추돌,안전거리미확보,건조,맑음,교차로 - 교차로부근,화물,남,54세,상해없음,승용,남,26세,경상
2016020200100510,2016년 2월 2일 20시,화요일,제주특별자치도 서귀포시 호근동,경상사고,0,0,1,0,차대사람 - 기타,안전운전불이행,건조,맑음,단일로 - 기타,화물,남,47세,상해없음,보행자,남,11세,경상
2016020200100539,2016년 2월 2일 21시,화요일,제주특별자치도 서귀포시 중문동,중상사고,0,1,0,0,차대사람 - 횡단중,보행자보호의무위반,건조,맑음,교차로 - 교차로부근,승용,남,42세,상해없음,보행자,여,17세,중상
2016020200100540,2016년 2월 2일 21시,화요일,제주특별자치도 제주시 노형동,경상사고,0,0,1,0,차대차 - 측면직각충돌,신호위반,건조,맑음,교차로 - 교차로부근,승용,남,29세,상해없음,승용,남,27세,경상
2016020200100573,2016년 2월 2일 22시,화요일,제주특별자치도 제주시 이도이동,중상사고,0,1,0,0,차대차 - 정면충돌,불법유턴,기타,맑음,교차로 - 교차로부근,원동기,남,33세,중상,승용,남,53세,상해없음
2016020300100016,2016년 2월 3일 00시,수요일,제주특별자치도 서귀포시 표선면,경상사고,0,0,1,0,차량단독 - 공작물충돌,안전운전불이행,건조,맑음,교차로 - 교차로부근,승용,남,28세,기타불명,,,,
2016020300100150,2016년 2월 3일 08시,수요일,제주특별자치도 제주시 삼양이동,경상사고,0,0,1,0,차대차 - 측면충돌,신호위반,건조,맑음,교차로 - 교차로부근,이륜,남,46세,경상,승용,여,41세,상해없음
2016020300100179,2016년 2월 3일 09시,수요일,제주특별자치도 제주시 용담일동,경상사고,0,0,1,0,차대차 - 측면충돌,차로위반,건조,맑음,단일로 - 기타,승용,여,49세,상해없음,원동기,남,53세,경상
2016020300100341,2016년 2월 3일 14시,수요일,제주특별자치도 서귀포시 중문동,중상사고,0,1,0,0,차대차 - 측면직각충돌,불법유턴,건조,맑음,단일로 - 기타,승용,여,46세,상해없음,원동기,남,64세,중상
2016020300100432,2016년 2월 3일 16시,수요일,제주특별자치도 제주시 연동,사망사고,1,0,0,0,차대사람 - 횡단중,안전운전불이행,건조,맑음,단일로 - 기타,화물,여,51세,상해없음,보행자,여,81세,사망
2016020300100560,2016년 2월 3일 19시,수요일,제주특별자치도 서귀포시 토평동,중상사고,0,1,2,4,차대차 - 추돌,안전운전불이행,건조,맑음,단일로 - 기타,승합,남,39세,상해없음,승합,남,52세,상해없음
2016020300100667,2016년 2월 3일 22시,수요일,제주특별자치도 제주시 노형동,부상신고사고,0,0,0,1,차대차 - 추돌,안전운전불이행,건조,맑음,교차로 - 교차로부근,승용,남,52세,상해없음,승용,남,66세,상해없음
2016020300100696,2016년 2월 3일 23시,수요일,제주특별자치도 제주시 연동,경상사고,0,0,1,0,차대차 - 추돌,안전운전불이행,건조,맑음,단일로 - 기타,승용,남,52세,상해없음,승용,여,34세,경상
2016020400100053,2016년 2월 4일 03시,목요일,제주특별자치도 제주시 삼도일동,경상사고,0,0,3,0,차대차 - 측면직각충돌,직진우회전진행방해,건조,맑음,교차로 - 교차로안,승용,여,53세,경상,승용,남,59세,경상
2016020400100094,2016년 2월 4일 06시,목요일,제주특별자치도 제주시 삼도일동,경상사고,0,0,1,0,차대차 - 추돌,안전거리미확보,건조,맑음,교차로 - 교차로부근,승용,남,28세,상해없음,승용,남,58세,경상
2016020400100095,2016년 2월 4일 06시,목요일,제주특별자치도 제주시 이도일동,중상사고,0,1,0,0,차대사람 - 횡단중,보행자보호의무위반,건조,맑음,단일로 - 횡단보도상,승용,남,69세,상해없음,보행자,남,71세,중상
2016020400100118,2016년 2월 4일 07시,목요일,제주특별자치도 제주시 조천읍,중상사고,0,1,0,0,차대차 - 측면직각충돌,신호위반,건조,흐림,교차로 - 교차로안,화물,남,32세,상해없음,승용,남,35세,중상
2016020400100165,2016년 2월 4일 08시,목요일,제주특별자치도 제주시 이도일동,중상사고,0,1,0,0,차대사람 - 차도통행중,안전운전불이행,건조,맑음,단일로 - 기타,승용,남,22세,상해없음,보행자,남,8세,중상
2016020400100166,2016년 2월 4일 08시,목요일,제주특별자치도 제주시 이도이동,경상사고,0,0,1,0,차대차 - 추돌,교차로운행방법위반,건조,맑음,교차로 - 교차로안,화물,남,39세,상해없음,승합,남,57세,상해없음
2016020400100167,2016년 2월 4일 08시,목요일,제주특별자치도 서귀포시 서홍동,경상사고,0,0,1,0,차대사람 - 차도통행중,안전운전불이행,건조,맑음,교차로 - 교차로부근,승용,남,32세,상해없음,보행자,남,9세,경상
2016020400100168,2016년 2월 4일 08시,목요일,제주특별자치도 제주시 한림읍,경상사고,0,0,1,1,차대차 - 측면충돌,직진우회전진행방해,건조,맑음,교차로 - 교차로안,승용,여,57세,부상신고,승용,여,23세,경상
2016020400100208,2016년 2월 4일 09시,목요일,제주특별자치도 서귀포시 대정읍,중상사고,0,1,0,0,차대차 - 측면직각충돌,직진우회전진행방해,건조,맑음,교차로 - 교차로안,원동기,남,67세,중상,승용,여,37세,상해없음
2016020400100235,2016년 2월 4일 10시,목요일,제주특별자치도 제주시 구좌읍,중상사고,0,1,0,0,차대차 - 추돌,안전운전불이행,건조,맑음,단일로 - 기타,승용,남,21세,상해없음,이륜,남,74세,중상
2016020400100236,2016년 2월 4일 10시,목요일,제주특별자치도 제주시 용담이동,중상사고,0,1,0,0,차대사람 - 횡단중,보행자보호의무위반,건조,맑음,교차로 - 교차로부근,화물,남,47세,상해없음,보행자,여,56세,중상
2016020400100358,2016년 2월 4일 14시,목요일,제주특별자치도 제주시 삼도이동,경상사고,0,0,1,0,차대차 - 정면충돌,교차로운행방법위반,건조,맑음,교차로 - 교차로안,승용,여,68세,상해없음,이륜,남,32세,경상
2016020400100412,2016년 2월 4일 15시,목요일,제주특별자치도 제주시 구좌읍,중상사고,0,1,0,0,차대차 - 측면직각충돌,직진우회전진행방해,건조,맑음,교차로 - 교차로안,원동기,여,79세,중상,화물,남,52세,상해없음
2016020400100413,2016년 2월 4일 15시,목요일,제주특별자치도 서귀포시 동홍동,부상신고사고,0,0,0,1,차대차 - 기타,직진우회전진행방해,건조,맑음,교차로 - 교차로안,원동기,남,53세,부상신고,승용,남,22세,상해없음
2016020400100569,2016년 2월 4일 19시,목요일,제주특별자치도 서귀포시 토평동,중상사고,0,1,0,0,차대차 - 기타,신호위반,건조,맑음,교차로 - 교차로안,승용,남,31세,상해없음,승용,남,29세,중상
2016020400100570,2016년 2월 4일 19시,목요일,제주특별자치도 제주시 애월읍,경상사고,0,0,3,0,차대차 - 기타,안전운전불이행,건조,흐림,단일로 - 기타,기타불명,기타불명,기타불명,기타불명,승용,남,48세,경상
2016020400100598,2016년 2월 4일 20시,목요일,제주특별자치도 제주시 삼도일동,부상신고사고,0,0,0,1,차대차 - 추돌,안전운전불이행,건조,맑음,단일로 - 기타,이륜,남,23세,부상신고,승용,남,67세,상해없음
2016020400100599,2016년 2월 4일 20시,목요일,제주특별자치도 제주시 아라일동,경상사고,0,0,1,0,차대사람 - 횡단중,보행자보호의무위반,건조,맑음,단일로 - 횡단보도상,승용,여,43세,상해없음,보행자,여,19세,경상
2016020400100631,2016년 2월 4일 21시,목요일,제주특별자치도 제주시 도남동,경상사고,0,0,1,0,차대차 - 정면충돌,안전거리미확보,건조,맑음,교차로 - 교차로안,승용,남,51세,경상,승용,남,60세,상해없음
2016020500100033,2016년 2월 5일 01시,금요일,제주특별자치도 서귀포시 동홍동,중상사고,0,1,0,0,차대차 - 측면직각충돌,신호위반,건조,맑음,교차로 - 교차로안,승용,남,20세,상해없음,승용,남,55세,상해없음
2016020500100069,2016년 2월 5일 05시,금요일,제주특별자치도 제주시 일도이동,중상사고,0,1,0,0,차대사람 - 보도통행중,보행자보호의무위반,건조,맑음,교차로 - 교차로부근,승용,남,61세,상해없음,보행자,여,71세,중상
2016020500100156,2016년 2월 5일 08시,금요일,제주특별자치도 제주시 구좌읍,중상사고,0,1,2,0,차대차 - 측면직각충돌,직진우회전진행방해,건조,맑음,교차로 - 교차로안,승용,남,45세,상해없음,화물,남,49세,상해없음
2016020500100267,2016년 2월 5일 12시,금요일,제주특별자치도 제주시 노형동,경상사고,0,0,1,0,차대사람 - 길가장자리구역통행중,안전운전불이행,건조,맑음,교차로 - 교차로부근,기타불명,기타불명,기타불명,기타불명,보행자,남,10세,경상
2016020500100311,2016년 2월 5일 13시,금요일,제주특별자치도 제주시 일도이동,경상사고,0,0,1,0,차대차 - 추돌,안전거리미확보,건조,맑음,단일로 - 기타,승용,여,48세,상해없음,승용,남,29세,경상
2016020500100344,2016년 2월 5일 14시,금요일,제주특별자치도 제주시 조천읍,중상사고,0,1,0,0,차대차 - 정면충돌,교차로운행방법위반,기타,맑음,교차로 - 교차로안,이륜,남,65세,중상,승합,남,41세,상해없음
2016020500100345,2016년 2월 5일 14시,금요일,제주특별자치도 제주시 연동,경상사고,0,0,2,0,차대차 - 측면직각충돌,교차로운행방법위반,건조,맑음,교차로 - 교차로안,승용,남,25세,상해없음,승용,여,24세,경상
2016020500100436,2016년 2월 5일 16시,금요일,제주특별자치도 제주시 조천읍,경상사고,0,0,2,0,차대차 - 추돌,안전운전불이행,건조,맑음,교차로 - 교차로부근,화물,남,46세,상해없음,승용,남,45세,경상
2016020500100437,2016년 2월 5일 16시,금요일,제주특별자치도 제주시 도남동,중상사고,0,1,0,0,차대차 - 측면직각충돌,불법유턴,건조,흐림,교차로 - 교차로안,화물,남,24세,상해없음,승용,남,33세,중상
2016020500100471,2016년 2월 5일 17시,금요일,제주특별자치도 제주시 애월읍,중상사고,0,1,0,0,차대차 - 기타,안전운전불이행,건조,맑음,단일로 - 기타,화물,남,29세,상해없음,화물,남,36세,상해없음
2016020500100584,2016년 2월 5일 20시,금요일,제주특별자치도 제주시 일도이동,경상사고,0,0,3,0,차대차 - 측면충돌,차로위반,건조,맑음,교차로 - 교차로안,승용,남,57세,상해없음,승합,남,53세,상해없음
2016020500100585,2016년 2월 5일 20시,금요일,제주특별자치도 서귀포시 중문동,중상사고,0,1,1,0,차대차 - 기타,신호위반,건조,맑음,교차로 - 교차로안,승용,남,35세,상해없음,승용,남,54세,경상
2016020500100586,2016년 2월 5일 20시,금요일,제주특별자치도 제주시 내도동,경상사고,0,0,1,0,차대차 - 추돌,안전운전불이행,기타,맑음,교차로 - 교차로부근,승용,남,27세,상해없음,승용,여,27세,경상
2016020500100648,2016년 2월 5일 22시,금요일,제주특별자치도 제주시 일도이동,중상사고,0,1,0,0,차대사람 - 기타,중앙선침범,건조,맑음,단일로 - 기타,승용,남,49세,상해없음,보행자,남,41세,중상
2016020500100677,2016년 2월 5일 23시,금요일,제주특별자치도 서귀포시 대포동,경상사고,0,0,1,1,차대차 - 기타,안전운전불이행,건조,맑음,교차로 - 교차로부근,승용,여,32세,부상신고,승용,남,39세,상해없음
2016020500100678,2016년 2월 5일 23시,금요일,제주특별자치도 제주시 노형동,경상사고,0,0,5,0,차대차 - 측면충돌,안전운전불이행,건조,맑음,교차로 - 교차로부근,승용,남,45세,기타불명,승용,여,38세,경상
2016020600100052,2016년 2월 6일 01시,토요일,제주특별자치도 제주시 연동,부상신고사고,0,0,0,1,차대사람 - 길가장자리구역통행중,안전운전불이행,건조,맑음,단일로 - 기타,승용,남,23세,상해없음,보행자,남,35세,부상신고
2016020600100105,2016년 2월 6일 05시,토요일,제주특별자치도 제주시 이호이동,중상사고,0,1,2,0,차대차 - 추돌,안전운전불이행,습기,흐림,단일로 - 기타,승용,남,44세,경상,승용,남,64세,경상
2016020600100123,2016년 2월 6일 06시,토요일,제주특별자치도 제주시 구좌읍,중상사고,0,1,0,0,차대차 - 측면충돌,중앙선침범,기타,맑음,단일로 - 기타,건설기계,남,42세,상해없음,화물,남,48세,중상
2016020600100150,2016년 2월 6일 08시,토요일,제주특별자치도 제주시 조천읍,경상사고,0,0,2,0,차대차 - 추돌,안전운전불이행,건조,맑음,교차로 - 교차로부근,승용,남,53세,경상,승용,남,45세,경상
2016020600100190,2016년 2월 6일 10시,토요일,제주특별자치도 제주시 화북일동,경상사고,0,0,1,0,차대차 - 정면충돌,신호위반,건조,맑음,교차로 - 교차로부근,승용,여,42세,상해없음,승용,남,39세,경상
2016020600100191,2016년 2월 6일 10시,토요일,제주특별자치도 서귀포시 동홍동,중상사고,0,1,0,0,차량단독 - 기타,기타,건조,맑음,단일로 - 기타,승합,남,49세,기타불명,,,,
2016020600100345,2016년 2월 6일 15시,토요일,제주특별자치도 제주시 이도이동,경상사고,0,0,1,0,차대사람 - 횡단중,보행자보호의무위반,건조,맑음,단일로 - 기타,승용,남,72세,상해없음,보행자,여,17세,경상
2016020600100382,2016년 2월 6일 16시,토요일,제주특별자치도 서귀포시 동홍동,경상사고,0,0,1,0,차대사람 - 보도통행중,보행자보호의무위반,건조,맑음,교차로 - 교차로부근,승용,남,33세,상해없음,보행자,여,11세,경상
2016020600100410,2016년 2월 6일 17시,토요일,제주특별자치도 제주시 오라일동,중상사고,0,1,0,0,차대차 - 정면충돌,교차로운행방법위반,건조,맑음,교차로 - 교차로안,승용,남,55세,상해없음,승용,남,34세,중상
2016020600100507,2016년 2월 6일 20시,토요일,제주특별자치도 제주시 일도이동,중상사고,0,2,0,0,차대차 - 측면충돌,신호위반,건조,흐림,교차로 - 교차로안,화물,남,60세,상해없음,승용,남,27세,중상
2016020600100508,2016년 2월 6일 20시,토요일,제주특별자치도 제주시 애월읍,중상사고,0,1,0,0,차대사람 - 횡단중,신호위반,건조,맑음,교차로 - 교차로부근,승용,남,38세,상해없음,보행자,남,20세,중상
2016020600100537,2016년 2월 6일 21시,토요일,제주특별자치도 제주시 연동,경상사고,0,0,1,0,차대차 - 측면충돌,기타,건조,맑음,교차로 - 교차로안,승용,남,19세,상해없음,이륜,남,44세,경상
2016020700100029,2016년 2월 7일 01시,일요일,제주특별자치도 제주시 이도이동,경상사고,0,0,1,0,차대차 - 정면충돌,중앙선침범,습기,맑음,단일로 - 기타,승용,남,33세,상해없음,승용,남,28세,경상
2016020700100055,2016년 2월 7일 03시,일요일,제주특별자치도 서귀포시 서귀동,중상사고,0,1,0,0,차대사람 - 길가장자리구역통행중,안전운전불이행,건조,맑음,단일로 - 기타,화물,남,53세,상해없음,보행자,여,55세,중상
2016020700100083,2016년 2월 7일 05시,일요일,제주특별자치도 서귀포시 토평동,부상신고사고,0,0,0,1,차대차 - 측면직각충돌,교차로운행방법위반,건조,맑음,교차로 - 교차로안,승용,남,49세,상해없음,원동기,여,70세,부상신고
2016020700100103,2016년 2월 7일 07시,일요일,제주특별자치도 제주시 용담이동,경상사고,0,0,1,0,차대차 - 측면충돌,안전운전불이행,건조,맑음,교차로 - 교차로부근,승용,남,71세,상해없음,승용,남,28세,경상
2016020700100159,2016년 2월 7일 10시,일요일,제주특별자치도 제주시 조천읍,중상사고,0,1,0,0,차대차 - 측면직각충돌,기타,건조,맑음,단일로 - 기타,화물,남,70세,상해없음,원동기,남,74세,중상
2016020700100234,2016년 2월 7일 13시,일요일,제주특별자치도 제주시 일도이동,중상사고,0,1,0,0,차대사람 - 기타,안전운전불이행,건조,흐림,단일로 - 기타,기타불명,기타불명,기타불명,기타불명,보행자,남,49세,중상
2016020700100279,2016년 2월 7일 15시,일요일,제주특별자치도 제주시 일도이동,경상사고,0,0,1,1,차대차 - 기타,교차로운행방법위반,건조,맑음,교차로 - 교차로안,승용,여,27세,부상신고,승용,남,53세,경상
2016020700100280,2016년 2월 7일 15시,일요일,제주특별자치도 제주시 한림읍,부상신고사고,0,0,0,1,차대사람 - 횡단중,안전운전불이행,건조,맑음,단일로 - 기타,승용,남,59세,상해없음,보행자,여,35세,부상신고