사고번호,사고일시,요일,시군구,사고내용,사망자수,중상자수,경상자수,부상신고자수,사고유형,법규위반,노면상태,기상상태,도로형태,가해운전자 차종,가해운전자 성별,가해운전자 연령,가해운전자 상해정도,피해운전자 차종,피해운전자 성별,피해운전자 연령,피해운전자 상해정도
2016031100100248,2016년 3월 11일 11시,금요일,제주특별자치도 제주시 애월읍,경상사고,0,0,1,0,차대차 - 측면직각충돌,교차로운행방법위반,건조,맑음,교차로 - 교차로안,승용,남,54세,상해없음,승용,여,55세,경상
2016031100100296,2016년 3월 11일 13시,금요일,제주특별자치도 제주시 조천읍,경상사고,0,0,1,0,차대차 - 정면충돌,안전운전불이행,건조,맑음,단일로 - 기타,승용,남,46세,상해없음,승용,남,51세,경상
2016031100100297,2016년 3월 11일 13시,금요일,제주특별자치도 제주시 용담이동,경상사고,0,0,2,1,차대차 - 추돌,안전거리미확보,건조,맑음,단일로 - 기타,승용,여,46세,상해없음,승용,여,47세,경상
2016031100100330,2016년 3월 11일 14시,금요일,제주특별자치도 서귀포시 표선면,경상사고,0,0,1,0,차대사람 - 기타,안전운전불이행,건조,맑음,단일로 - 기타,화물,남,35세,상해없음,보행자,여,4세,경상
2016031100100521,2016년 3월 11일 19시,금요일,제주특별자치도 제주시 월평동,부상신고사고,0,0,0,1,차대차 - 측면직각충돌,차로위반,건조,맑음,단일로 - 교량,승용,남,66세,상해없음,승합,남,51세,상해없음
2016031100100629,2016년 3월 11일 22시,금요일,제주특별자치도 제주시 건입동,경상사고,0,0,2,0,차대차 - 추돌,신호위반,기타,맑음,교차로 - 교차로안,승용,남,57세,상해없음,승용,남,29세,경상
2016031100100654,2016년 3월 11일 23시,금요일,제주특별자치도 제주시 노형동,경상사고,0,0,1,0,차대차 - 측면충돌,직진우회전진행방해,건조,맑음,교차로 - 교차로안,승용,남,51세,상해없음,승용,남,47세,기타불명
2016031200100117,2016년 3월 12일 07시,토요일,제주특별자치도 제주시 일도이동,경상사고,0,0,1,0,차대차 - 정면충돌,중앙선침범,건조,맑음,단일로 - 기타,승용,남,24세,상해없음,승용,남,57세,경상
2016031200100134,2016년 3월 12일 08시,토요일,제주특별자치도 서귀포시 성산읍,중상사고,0,1,0,0,차대차 - 기타,안전거리미확보,건조,맑음,단일로 - 기타,승용,남,51세,상해없음,승용,여,49세,중상
2016031200100135,2016년 3월 12일 08시,토요일,제주특별자치도 제주시 용담이동,경상사고,0,0,1,0,차대차 - 측면충돌,교차로운행방법위반,습기,비,교차로 - 교차로부근,승용,남,48세,상해없음,승용,여,42세,경상
2016031200100183,2016년 3월 12일 10시,토요일,제주특별자치도 제주시 일도이동,경상사고,0,0,1,0,차대차 - 측면충돌,직진우회전진행방해,건조,맑음,교차로 - 교차로안,이륜,여,27세,경상,승용,여,73세,상해없음
2016031200100252,2016년 3월 12일 13시,토요일,제주특별자치도 서귀포시 동홍동,중상사고,0,1,0,0,차대차 - 측면충돌,안전운전불이행,건조,맑음,교차로 - 교차로안,승용,남,26세,상해없음,화물,남,43세,중상
2016031200100285,2016년 3월 12일 14시,토요일,제주특별자치도 제주시 도남동,경상사고,0,0,2,0,차대차 - 측면충돌,안전운전불이행,건조,맑음,단일로 - 기타,승용,여,45세,경상,화물,남,57세,경상
2016031200100314,2016년 3월 12일 15시,토요일,제주특별자치도 제주시 연동,중상사고,0,1,0,1,차대차 - 측면충돌,안전운전불이행,건조,맑음,단일로 - 기타,이륜,남,22세,부상신고,승용,남,23세,상해없음
2016031200100345,2016년 3월 12일 16시,토요일,제주특별자치도 서귀포시 서홍동,경상사고,0,0,2,1,차대차 - 측면충돌,교차로운행방법위반,건조,맑음,교차로 - 교차로부근,승용,여,49세,부상신고,승용,남,56세,경상
2016031300100175,2016년 3월 13일 12시,일요일,제주특별자치도 서귀포시 대정읍,경상사고,0,0,1,0,차대차 - 추돌,안전운전불이행,습기,비,단일로 - 기타,승합,남,49세,상해없음,승용,여,40세,경상
2016031300100199,2016년 3월 13일 13시,일요일,제주특별자치도 서귀포시 상예동,경상사고,0,0,3,0,차대차 - 측면충돌,중앙선침범,건조,맑음,단일로 - 기타,승용,남,69세,상해없음,승용,남,42세,경상
2016031300100293,2016년 3월 13일 17시,일요일,제주특별자치도 제주시 이도이동,경상사고,0,0,1,0,차대차 - 측면충돌,직진우회전진행방해,습기,비,교차로 - 교차로안,이륜,남,59세,경상,화물,남,21세,상해없음
2016031300100294,2016년 3월 13일 17시,일요일,제주특별자치도 제주시 외도일동,경상사고,0,0,4,0,차대차 - 기타,중앙선침범,습기,비,교차로 - 교차로부근,승용,남,64세,상해없음,승용,남,36세,경상
2016031300100340,2016년 3월 13일 19시,일요일,제주특별자치도 서귀포시 중문동,경상사고,0,0,1,0,차대차 - 기타,중앙선침범,습기,비,단일로 - 기타,승합,남,44세,상해없음,원동기,남,25세,경상
2016031300100361,2016년 3월 13일 20시,일요일,제주특별자치도 제주시 삼도일동,경상사고,0,0,1,0,차대차 - 정면충돌,안전운전불이행,기타,기타,단일로 - 기타,승용,남,50세,상해없음,승용,남,54세,경상
2016031300100379,2016년 3월 13일 21시,일요일,제주특별자치도 제주시 삼도일동,사망사고,1,0,0,0,차대사람 - 횡단중,안전운전불이행,습기,비,단일로 - 기타,승용,남,28세,상해없음,보행자,남,57세,사망
2016031300100411,2016년 3월 13일 23시,일요일,제주특별자치도 제주시 노형동,경상사고,0,0,2,0,차량단독 - 기타,안전운전불이행,건조,맑음,기타 - 기타,승용,남,47세,상해없음,,,,
2016031400100062,2016년 3월 14일 06시,월요일,제주특별자치도 제주시 용담이동,경상사고,0,0,1,0,차대차 - 추돌,안전거리미확보,건조,맑음,단일로 - 기타,원동기,남,44세,경상,승용,남,58세,상해없음
2016031400100123,2016년 3월 14일 08시,월요일,제주특별자치도 제주시 건입동,경상사고,0,0,6,0,차대차 - 추돌,안전거리미확보,건조,맑음,단일로 - 기타,승용,남,62세,상해없음,승합,남,55세,상해없음
2016031400100231,2016년 3월 14일 12시,월요일,제주특별자치도 제주시 한림읍,경상사고,0,0,3,0,차대차 - 측면충돌,안전운전불이행,건조,맑음,단일로 - 기타,승용,여,32세,상해없음,승용,여,30세,경상
2016031400100287,2016년 3월 14일 14시,월요일,제주특별자치도 제주시 아라일동,경상사고,0,0,3,0,차대사람 - 횡단중,안전운전불이행,건조,맑음,단일로 - 횡단보도상,승용,여,20세,상해없음,보행자,여,21세,경상
2016031400100313,2016년 3월 14일 15시,월요일,제주특별자치도 제주시 삼도일동,경상사고,0,0,1,0,차대사람 - 횡단중,안전운전불이행,건조,맑음,교차로 - 교차로안,승용,여,50세,상해없음,보행자,여,35세,경상
2016031400100351,2016년 3월 14일 16시,월요일,제주특별자치도 제주시 이도이동,중상사고,0,2,0,0,차대사람 - 횡단중,보행자보호의무위반,건조,맑음,단일로 - 횡단보도상,승용,여,42세,상해없음,보행자,여,15세,중상
2016031400100352,2016년 3월 14일 16시,월요일,제주특별자치도 제주시 화북이동,경상사고,0,0,3,0,차대차 - 추돌,안전운전불이행,건조,맑음,교차로 - 교차로부근,화물,남,44세,상해없음,화물,남,49세,경상
2016031400100353,2016년 3월 14일 16시,월요일,제주특별자치도 제주시 이도이동,경상사고,0,0,1,0,차대사람 - 차도통행중,안전운전불이행,건조,맑음,단일로 - 기타,승용,남,39세,상해없음,보행자,여,24세,경상
2016031400100435,2016년 3월 14일 18시,월요일,제주특별자치도 서귀포시 강정동,경상사고,0,0,3,0,차대차 - 측면직각충돌,안전거리미확보,건조,맑음,단일로 - 기타,승용,남,27세,경상,화물,남,51세,상해없음
2016031400100476,2016년 3월 14일 19시,월요일,제주특별자치도 서귀포시 영남동,경상사고,0,0,1,0,차량단독 - 전도전복,안전운전불이행,건조,맑음,단일로 - 기타,화물,남,44세,경상,,,,
2016031400100507,2016년 3월 14일 20시,월요일,제주특별자치도 제주시 이도이동,중상사고,0,1,0,0,차대사람 - 횡단중,안전운전불이행,건조,맑음,교차로 - 교차로안,승용,여,64세,상해없음,보행자,남,63세,중상
2016031400100536,2016년 3월 14일 21시,월요일,제주특별자치도 제주시 화북일동,경상사고,0,0,1,0,차대사람 - 횡단중,중앙선침범,건조,맑음,교차로 - 교차로부근,승용,남,44세,상해없음,보행자,남,43세,경상
2016031500100101,2016년 3월 15일 07시,화요일,제주특별자치도 제주시 조천읍,경상사고,0,0,1,0,차대사람 - 기타,안전운전불이행,건조,맑음,단일로 - 기타,승용,여,27세,상해없음,보행자,여,40세,경상
2016031500100102,2016년 3월 15일 07시,화요일,제주특별자치도 서귀포시 서귀동,중상사고,0,1,0,0,차량단독 - 기타,안전운전불이행,건조,맑음,교차로 - 교차로부근,승합,남,45세,상해없음,,,,
2016031500100148,2016년 3월 15일 08시,화요일,제주특별자치도 제주시 이도이동,중상사고,0,1,0,0,차대사람 - 횡단중,안전운전불이행,건조,맑음,단일로 - 기타,승용,남,41세,상해없음,보행자,남,46세,중상
2016031500100182,2016년 3월 15일 09시,화요일,제주특별자치도 제주시 조천읍,중상사고,0,1,0,0,차대사람 - 횡단중,안전운전불이행,건조,맑음,단일로 - 기타,승용,남,58세,상해없음,보행자,여,60세,중상
2016031500100202,2016년 3월 15일 10시,화요일,제주특별자치도 제주시 오라일동,경상사고,0,0,1,0,차대차 - 측면충돌,교차로운행방법위반,기타,맑음,교차로 - 교차로안,이륜,남,27세,경상,승용,남,65세,상해없음
2016031500100203,2016년 3월 15일 10시,화요일,제주특별자치도 제주시 도평동,경상사고,0,0,2,0,차대차 - 기타,안전운전불이행,건조,맑음,단일로 - 기타,승용,남,20세,경상,건설기계,남,53세,상해없음
2016031500100236,2016년 3월 15일 11시,화요일,제주특별자치도 제주시 이도이동,경상사고,0,0,3,0,차대차 - 측면직각충돌,신호위반,건조,맑음,교차로 - 교차로안,승용,남,22세,상해없음,승용,남,36세,경상
2016031500100237,2016년 3월 15일 11시,화요일,제주특별자치도 제주시 삼도일동,경상사고,0,0,2,0,차대차 - 정면충돌,직진우회전진행방해,건조,맑음,교차로 - 교차로안,이륜,여,59세,경상,이륜,남,23세,경상
2016031500100238,2016년 3월 15일 11시,화요일,제주특별자치도 제주시 오라이동,경상사고,0,0,2,0,차대차 - 정면충돌,안전거리미확보,건조,맑음,단일로 - 기타,승용,남,59세,상해없음,승용,여,49세,경상
2016031500100239,2016년 3월 15일 11시,화요일,제주특별자치도 서귀포시 안덕면,경상사고,0,0,2,0,차대차 - 기타,직진우회전진행방해,건조,맑음,교차로 - 교차로안,화물,남,43세,상해없음,승용,남,36세,경상
2016031500100240,2016년 3월 15일 11시,화요일,제주특별자치도 서귀포시 서홍동,경상사고,0,0,1,0,차대차 - 기타,교차로운행방법위반,건조,맑음,교차로 - 교차로안,승용,여,81세,상해없음,승용,남,56세,경상
2016031500100312,2016년 3월 15일 14시,화요일,제주특별자치도 서귀포시 성산읍,사망사고,1,1,0,0,차대차 - 기타,직진우회전진행방해,건조,맑음,교차로 - 교차로안,화물,남,53세,상해없음,승용,남,76세,중상
2016031500100313,2016년 3월 15일 14시,화요일,제주특별자치도 제주시 연동,경상사고,0,0,2,0,차대차 - 추돌,안전거리미확보,건조,맑음,교차로 - 교차로부근,승용,남,31세,기타불명,승용,남,37세,경상
2016031500100368,2016년 3월 15일 16시,화요일,제주특별자치도 제주시 도남동,경상사고,0,0,1,0,차대차 - 측면충돌,안전거리미확보,건조,맑음,단일로 - 기타,화물,남,35세,상해없음,승용,여,53세,경상
2016031500100369,2016년 3월 15일 16시,화요일,제주특별자치도 서귀포시 대정읍,경상사고,0,0,1,0,차대차 - 기타,안전운전불이행,건조,맑음,교차로 - 교차로안,화물,남,64세,상해없음,승용,여,39세,경상
2016031500100432,2016년 3월 15일 18시,화요일,제주특별자치도 서귀포시 동홍동,부상신고사고,0,0,0,1,차대차 - 측면충돌,기타,건조,맑음,단일로 - 기타,자전거,남,54세,부상신고,승용,여,38세,상해없음
2016031500100479,2016년 3월 15일 19시,화요일,제주특별자치도 제주시 일도이동,중상사고,0,1,0,0,차대사람 - 횡단중,안전운전불이행,건조,맑음,교차로 - 교차로안,승용,여,44세,상해없음,보행자,여,44세,중상
2016031500100480,2016년 3월 15일 19시,화요일,제주특별자치도 제주시 조천읍,경상사고,0,0,1,0,차량단독 - 전도전복,안전운전불이행,건조,맑음,단일로 - 기타,승용,남,76세,경상,,,,
2016031500100538,2016년 3월 15일 21시,화요일,제주특별자치도 제주시 연동,경상사고,0,0,1,0,차대차 - 기타,직진우회전진행방해,건조,맑음,교차로 - 교차로안,승용,여,49세,상해없음,승용,남,27세,경상
2016031500100581,2016년 3월 15일 23시,화요일,제주특별자치도 서귀포시 대정읍,경상사고,0,0,1,0,차량단독 - 공작물충돌,안전운전불이행,건조,맑음,단일로 - 기타,승용,남,43세,경상,,,,
2016031600100028,2016년 3월 16일 01시,수요일,제주특별자치도 제주시 용담일동,중상사고,0,1,1,0,차대차 - 정면충돌,교차로운행방법위반,건조,맑음,교차로 - 교차로안,승용,여,53세,경상,승합,남,37세,중상
2016031600100065,2016년 3월 16일 05시,수요일,제주특별자치도 제주시 연동,부상신고사고,0,0,0,1,차대사람 - 횡단중,안전운전불이행,건조,맑음,교차로 - 교차로부근,승용,여,56세,상해없음,보행자,남,41세,부상신고
2016031600100075,2016년 3월 16일 06시,수요일,제주특별자치도 제주시 노형동,경상사고,0,0,1,0,차대차 - 측면충돌,신호위반,건조,맑음,교차로 - 교차로안,승용,남,21세,상해없음,승용,남,52세,경상
2016031600100134,2016년 3월 16일 08시,수요일,제주특별자치도 제주시 노형동,경상사고,0,0,1,0,차대차 - 추돌,안전운전불이행,건조,맑음,단일로 - 기타,승용,남,58세,상해없음,승용,남,61세,경상
2016031600100163,2016년 3월 16일 09시,수요일,제주특별자치도 제주시 봉개동,경상사고,0,0,1,0,차대차 - 정면충돌,안전운전불이행,건조,맑음,단일로 - 기타,승용,남,57세,상해없음,농기계,남,83세,경상
2016031600100278,2016년 3월 16일 13시,수요일,제주특별자치도 제주시 오라이동,경상사고,0,0,1,0,차대차 - 추돌,안전거리미확보,건조,맑음,단일로 - 기타,승용,남,38세,상해없음,승용,여,25세,경상
2016031600100410,2016년 3월 16일 17시,수요일,제주특별자치도 서귀포시 성산읍,중상사고,0,1,0,0,차대차 - 기타,기타,건조,맑음,교차로 - 교차로안,화물,남,34세,상해없음,화물,남,72세,중상
2016031600100449,2016년 3월 16일 18시,수요일,제주특별자치도 제주시 이도이동,중상사고,0,1,0,0,차대차 - 측면충돌,안전거리미확보,건조,맑음,단일로 - 기타,이륜,남,34세,중상,승용,여,46세,상해없음
2016031600100450,2016년 3월 16일 18시,수요일,제주특별자치도 제주시 삼도이동,중상사고,0,1,0,0,차대차 - 기타,안전운전불이행,건조,흐림,기타 - 기타,화물,남,36세,기타불명,승합,남,47세,상해없음
2016031600100451,2016년 3월 16일 18시,수요일,제주특별자치도 제주시 외도일동,경상사고,0,0,1,0,차대차 - 기타,안전운전불이행,건조,맑음,단일로 - 기타,자전거,남,43세,경상,승합,여,36세,상해없음
2016031600100452,2016년 3월 16일 18시,수요일,제주특별자치도 제주시 용담삼동,경상사고,0,0,1,0,차대사람 - 횡단중,안전운전불이행,건조,맑음,단일로 - 기타,승용,남,19세,상해없음,보행자,남,7세,경상
2016031600100497,2016년 3월 16일 19시,수요일,제주특별자치도 제주시 한림읍,경상사고,0,0,1,0,차대사람 - 횡단중,안전운전불이행,건조,맑음,단일로 - 기타,승용,여,56세,상해없음,보행자,여,37세,경상
2016031600100536,2016년 3월 16일 20시,수요일,제주특별자치도 서귀포시 성산읍,경상사고,0,0,1,0,차대차 - 기타,신호위반,건조,맑음,교차로 - 교차로안,승용,남,65세,상해없음,승합,여,53세,경상
2016031600100537,2016년 3월 16일 20시,수요일,제주특별자치도 제주시 연동,중상사고,0,1,0,0,차대사람 - 횡단중,보행자보호의무위반,건조,맑음,단일로 - 횡단보도상,승용,남,73세,상해없음,보행자,여,72세,중상
2016031600100570,2016년 3월 16일 21시,수요일,제주특별자치도 제주시 이도일동,경상사고,0,0,1,0,차대차 - 추돌,안전운전불이행,건조,맑음,교차로 - 교차로부근,승용,남,45세,상해없음,승용,여,45세,경상
2016031700100105,2016년 3월 17일 07시,목요일,제주특별자치도 제주시 오라이동,경상사고,0,0,2,0,차대차 - 정면충돌,중앙선침범,건조,맑음,단일로 - 기타,화물,남,34세,경상,승합,남,26세,경상
2016031700100159,2016년 3월 17일 08시,목요일,제주특별자치도 제주시 연동,경상사고,0,0,1,0,차대차 - 기타,안전운전불이행,건조,맑음,교차로 - 교차로부근,승용,여,35세,상해없음,자전거,남,10세,경상
2016031700100254,2016년 3월 17일 11시,목요일,제주특별자치도 제주시 연동,경상사고,0,0,3,0,차대차 - 추돌,안전거리미확보,건조,맑음,단일로 - 기타,화물,남,61세,상해없음,승합,남,50세,경상
2016031700100290,2016년 3월 17일 12시,목요일,제주특별자치도 제주시 도련일동,경상사고,0,0,3,0,차대차 - 정면충돌,안전거리미확보,건조,맑음,단일로 - 기타,승용,남,64세,상해없음,승용,여,62세,상해없음
2016031700100345,2016년 3월 17일 14시,목요일,제주특별자치도 서귀포시 성산읍,경상사고,0,0,5,0,차대차 - 추돌,안전운전불이행,건조,맑음,단일로 - 기타,승합,남,48세,상해없음,승합,남,36세,기타불명
2016031700100376,2016년 3월 17일 15시,목요일,제주특별자치도 제주시 연동,경상사고,0,0,1,0,차대사람 - 횡단중,안전운전불이행,건조,맑음,단일로 - 기타,승용,여,60세,상해없음,보행자,여,52세,경상
2016031700100446,2016년 3월 17일 17시,목요일,제주특별자치도 제주시 노형동,경상사고,0,0,1,0,차대사람 - 횡단중,안전운전불이행,건조,맑음,단일로 - 기타,승합,남,60세,상해없음,보행자,여,4세,경상
2016031700100587,2016년 3월 17일 21시,목요일,제주특별자치도 제주시 도남동,경상사고,0,0,3,0,차대차 - 측면충돌,안전운전불이행,건조,맑음,단일로 - 기타,승용,남,49세,상해없음,승용,남,56세,경상
2016031700100588,2016년 3월 17일 21시,목요일,제주특별자치도 서귀포시 성산읍,경상사고,0,0,2,1,차대차 - 기타,안전운전불이행,습기,비,교차로 - 교차로부근,승용,남,53세,부상신고,승용,여,33세,경상
2016031700100619,2016년 3월 17일 22시,목요일,제주특별자치도 서귀포시 하효동,경상사고,0,0,1,0,차량단독 - 공작물충돌,교차로운행방법위반,습기,비,교차로 - 교차로안,승용,남,39세,경상,,,,
2016031700100620,2016년 3월 17일 22시,목요일,제주특별자치도 제주시 노형동,경상사고,0,0,2,0,차대차 - 추돌,안전거리미확보,습기,비,교차로 - 교차로부근,승용,남,21세,상해없음,승용,남,24세,경상
2016031800100035,2016년 3월 18일 02시,금요일,제주특별자치도 제주시 아라일동,경상사고,0,0,1,0,차량단독 - 전도전복,안전운전불이행,습기,비,단일로 - 기타,승용,남,26세,경상,,,,
2016031800100139,2016년 3월 18일 08시,금요일,제주특별자치도 제주시 조천읍,경상사고,0,0,2,0,차대차 - 정면충돌,중앙선침범,건조,맑음,단일로 - 기타,승용,남,75세,상해없음,승용,남,28세,경상
2016031800100279,2016년 3월 18일 13시,금요일,제주특별자치도 서귀포시 남원읍,중상사고,0,1,0,0,차대차 - 기타,교차로운행방법위반,습기,흐림,교차로 - 교차로안,승용,남,60세,상해없음,승용,남,49세,중상
2016031800100280,2016년 3월 18일 13시,금요일,제주특별자치도 제주시 용담이동,경상사고,0,0,2,0,차대차 - 측면충돌,중앙선침범,건조,맑음,단일로 - 기타,승용,남,60세,상해없음,승용,남,51세,경상
2016031800100281,2016년 3월 18일 13시,금요일,제주특별자치도 제주시 노형동,경상사고,0,0,1,0,차대차 - 추돌,직진우회전진행방해,건조,맑음,교차로 - 교차로안,화물,남,38세,상해없음,승용,남,30세,경상
2016031800100415,2016년 3월 18일 17시,금요일,제주특별자치도 서귀포시 표선면,경상사고,0,0,1,0,차대차 - 기타,기타,건조,흐림,단일로 - 기타,승용,여,53세,상해없음,승용,여,34세,경상
2016031800100416,2016년 3월 18일 17시,금요일,제주특별자치도 제주시 노형동,경상사고,0,0,1,0,차대사람 - 기타,안전운전불이행,건조,흐림,단일로 - 기타,화물,남,37세,상해없음,보행자,남,31세,경상
2016031800100459,2016년 3월 18일 18시,금요일,제주특별자치도 서귀포시 중문동,중상사고,0,1,3,0,차대차 - 추돌,안전거리미확보,건조,맑음,단일로 - 기타,승용,남,52세,상해없음,승용,여,23세,경상
2016031800100505,2016년 3월 18일 19시,금요일,제주특별자치도 서귀포시 중문동,경상사고,0,0,2,0,차대차 - 측면직각충돌,중앙선침범,건조,맑음,단일로 - 기타,승용,남,19세,상해없음,승용,남,49세,상해없음
2016031800100543,2016년 3월 18일 20시,금요일,제주특별자치도 제주시 이도이동,중상사고,0,1,0,0,차대사람 - 횡단중,안전운전불이행,습기,비,단일로 - 기타,승용,남,27세,상해없음,보행자,여,61세,중상
2016031800100577,2016년 3월 18일 21시,금요일,제주특별자치도 제주시 연동,경상사고,0,0,1,0,차대차 - 정면충돌,안전운전불이행,습기,맑음,단일로 - 기타,자전거,남,26세,경상,승용,남,33세,상해없음
2016031800100634,2016년 3월 18일 23시,금요일,제주특별자치도 제주시 삼도일동,경상사고,0,0,3,0,차대차 - 정면충돌,교차로운행방법위반,건조,맑음,교차로 - 교차로안,승용,남,35세,경상,승용,남,47세,경상
2016031900100068,2016년 3월 19일 03시,토요일,제주특별자치도 제주시 연동,경상사고,0,0,2,0,차대차 - 추돌,안전거리미확보,건조,맑음,교차로 - 교차로부근,승용,남,24세,상해없음,승용,여,42세,경상
2016031900100167,2016년 3월 19일 09시,토요일,제주특별자치도 제주시 노형동,부상신고사고,0,0,0,1,차대차 - 측면충돌,직진우회전진행방해,건조,맑음,교차로 - 교차로안,승용,남,57세,상해없음,승용,여,33세,기타불명
2016031900100223,2016년 3월 19일 11시,토요일,제주특별자치도 제주시 연동,경상사고,0,0,2,0,차대차 - 측면직각충돌,직진우회전진행방해,건조,맑음,교차로 - 교차로안,승용,남,41세,경상,승용,남,61세,경상
2016031900100292,2016년 3월 19일 13시,토요일,제주특별자치도 제주시 조천읍,중상사고,0,1,0,0,차대사람 - 기타,기타,건조,맑음,단일로 - 기타,승합,남,54세,상해없음,보행자,여,78세,중상
2016031900100293,2016년 3월 19일 13시,토요일,제주특별자치도 서귀포시 성산읍,경상사고,0,0,1,0,차량단독 - 전도전복,안전운전불이행,건조,맑음,교차로 - 교차로부근,이륜,여,78세,경상,,,,
2016031900100373,2016년 3월 19일 15시,토요일,제주특별자치도 서귀포시 남원읍,경상사고,0,0,1,0,차량단독 - 도로외이탈 - 기타,안전운전불이행,건조,맑음,단일로 - 기타,승용,남,61세,경상,,,,
2016031900100422,2016년 3월 19일 16시,토요일,제주특별자치도 제주시 조천읍,중상사고,0,1,4,0,차대차 - 측면직각충돌,신호위반,건조,맑음,교차로 - 교차로안,승용,여,52세,경상,승용,남,61세,경상
2016031900100423,2016년 3월 19일 16시,토요일,제주특별자치도 제주시 연동,경상사고,0,0,1,0,차대차 - 정면충돌,안전거리미확보,건조,맑음,단일로 - 기타,승용,남,63세,경상,화물,남,68세,상해없음
2016031900100495,2016년 3월 19일 18시,토요일,제주특별자치도 제주시 조천읍,중상사고,0,1,4,0,차대차 - 추돌,안전거리미확보,기타,맑음,단일로 - 기타,승용,남,25세,상해없음,승용,여,46세,경상
2016031900100496,2016년 3월 19일 18시,토요일,제주특별자치도 서귀포시 대정읍,중상사고,0,1,2,0,차대차 - 측면충돌,안전운전불이행,건조,맑음,교차로 - 교차로안,승용,여,48세,상해없음,승용,남,45세,경상
2016031900100548,2016년 3월 19일 19시,토요일,제주특별자치도 제주시 건입동,중상사고,0,1,0,0,차대사람 - 횡단중,보행자보호의무위반,건조,맑음,단일로 - 횡단보도상,승용,남,60세,상해없음,보행자,여,37세,중상
2016031900100549,2016년 3월 19일 19시,토요일,제주특별자치도 서귀포시 성산읍,경상사고,0,0,2,0,차대차 - 기타,직진우회전진행방해,건조,맑음,교차로 - 교차로안,승용,남,34세,경상,승용,남,19세,경상
2016031900100550,2016년 3월 19일 19시,토요일,제주특별자치도 제주시 노형동,경상사고,0,0,1,0,차대사람 - 기타,안전운전불이행,건조,맑음,단일로 - 기타,승용,여,46세,상해없음,보행자,여,42세,경상
2016031900100579,2016년 3월 19일 20시,토요일,제주특별자치도 서귀포시 성산읍,경상사고,0,0,1,0,차대차 - 기타,중앙선침범,건조,맑음,단일로 - 기타,자전거,남,13세,경상,승용,여,36세,상해없음
2016031900100630,2016년 3월 19일 22시,토요일,제주특별자치도 제주시 이도이동,경상사고,0,0,1,0,차대차 - 측면직각충돌,신호위반,건조,흐림,교차로 - 교차로안,승용,여,39세,상해없음,승용,여,40세,경상
2016031900100631,2016년 3월 19일 22시,토요일,제주특별자치도 제주시 삼도일동,경상사고,0,0,1,0,차대차 - 추돌,안전거리미확보,건조,맑음,교차로 - 교차로부근,승용,여,42세,상해없음,승용,남,58세,경상
2016031900100648,2016년 3월 19일 23시,토요일,제주특별자치도 제주시 조천읍,경상사고,0,0,1,0,차대차 - 추돌,안전운전불이행,건조,맑음,단일로 - 기타,승용,남,33세,상해없음,승용,여,33세,상해없음
2016032000100072,2016년 3월 20일 04시,일요일,제주특별자치도 제주시 도남동,경상사고,0,0,1,0,차대차 - 측면충돌,교차로운행방법위반,건조,맑음,교차로 - 교차로안,승용,남,21세,상해없음,승용,여,49세,경상
2016032000100169,2016년 3월 20일 11시,일요일,제주특별자치도 제주시 조천읍,경상사고,0,0,1,0,차대차 - 기타,안전운전불이행,건조,맑음,단일로 - 기타,이륜,남,26세,경상,승용,남,51세,상해없음
2016032000100251,2016년 3월 20일 14시,일요일,제주특별자치도 제주시 오라일동,경상사고,0,0,1,0,차대사람 - 횡단중,보행자보호의무위반,기타,맑음,단일로 - 횡단보도상,승용,여,55세,상해없음,보행자,여,13세,경상
2016032000100279,2016년 3월 20일 15시,일요일,제주특별자치도 제주시 애월읍,경상사고,0,0,5,0,차대차 - 추돌,안전거리미확보,건조,맑음,단일로 - 기타,승용,남,57세,경상,승용,남,64세,경상
2016032000100330,2016년 3월 20일 17시,일요일,제주특별자치도 제주시 화북이동,경상사고,0,0,1,1,차대차 - 측면직각충돌,직진우회전진행방해,건조,맑음,교차로 - 교차로안,승합,남,40세,부상신고,승합,남,46세,경상
2016032000100331,2016년 3월 20일 17시,일요일,제주특별자치도 제주시 애월읍,중상사고,0,2,4,0,차대차 - 추돌,안전거리미확보,건조,맑음,단일로 - 기타,승용,남,38세,상해없음,승용,여,32세,중상
2016032000100382,2016년 3월 20일 19시,일요일,제주특별자치도 제주시 조천읍,경상사고,0,0,1,0,차대차 - 추돌,안전운전불이행,건조,맑음,교차로 - 교차로부근,승용,여,38세,기타불명,승용,남,53세,상해없음
2016032000100383,2016년 3월 20일 19시,일요일,제주특별자치도 제주시 조천읍,경상사고,0,0,4,0,차대차 - 정면충돌,안전운전불이행,건조,맑음,단일로 - 기타,승용,남,62세,경상,승용,남,39세,경상
2016032000100431,2016년 3월 20일 21시,일요일,제주특별자치도 서귀포시 성산읍,부상신고사고,0,0,0,1,차대차 - 기타,안전운전불이행,건조,맑음,교차로 - 교차로부근,원동기,여,56세,부상신고,승용,여,28세,상해없음
2016032000100464,2016년 3월 20일 22시,일요일,제주특별자치도 제주시 노형동,중상사고,0,1,0,0,차대차 - 기타,안전운전불이행,건조,맑음,교차로 - 교차로안,승용,여,41세,상해없음,승용,남,44세,상해없음
2016032000100487,2016년 3월 20일 23시,일요일,제주특별자치도 제주시 도남동,부상신고사고,0,0,0,1,차량단독 - 전도전복,안전운전불이행,기타,맑음,단일로 - 기타,화물,남,41세,부상신고,,,,