사고번호,사고일시,요일,시군구,사고내용,사망자수,중상자수,경상자수,부상신고자수,사고유형,법규위반,노면상태,기상상태,도로형태,가해운전자 차종,가해운전자 성별,가해운전자 연령,가해운전자 상해정도,피해운전자 차종,피해운전자 성별,피해운전자 연령,피해운전자 상해정도
2016032100100168,2016년 3월 21일 09시,월요일,제주특별자치도 제주시 봉개동,경상사고,0,0,1,0,차대차 - 정면충돌,안전운전불이행,건조,맑음,단일로 - 기타,승합,남,61세,상해없음,승용,남,53세,경상
2016032100100169,2016년 3월 21일 09시,월요일,제주특별자치도 제주시 이호이동,중상사고,0,2,1,0,차대차 - 측면충돌,직진우회전진행방해,건조,맑음,교차로 - 교차로안,승용,남,75세,중상,승용,남,36세,경상
2016032100100198,2016년 3월 21일 10시,월요일,제주특별자치도 제주시 노형동,경상사고,0,0,1,0,차대차 - 기타,안전운전불이행,기타,맑음,기타 - 기타,승용,남,59세,상해없음,화물,남,24세,경상
2016032100100254,2016년 3월 21일 12시,월요일,제주특별자치도 제주시 구좌읍,경상사고,0,0,2,0,차량단독 - 전도전복,안전운전불이행,건조,맑음,단일로 - 기타,승용,남,22세,경상,,,,
2016032100100255,2016년 3월 21일 12시,월요일,제주특별자치도 제주시 연동,경상사고,0,0,1,0,차대차 - 기타,안전운전불이행,기타,맑음,기타 - 기타,기타불명,기타불명,기타불명,기타불명,이륜,남,50세,경상
2016032100100290,2016년 3월 21일 13시,월요일,제주특별자치도 서귀포시 중문동,중상사고,0,1,0,0,차량단독 - 전도전복,안전운전불이행,건조,맑음,교차로 - 교차로부근,원동기,여,73세,중상,,,,
2016032100100291,2016년 3월 21일 13시,월요일,제주특별자치도 제주시 연동,경상사고,0,0,1,0,차대차 - 기타,직진우회전진행방해,건조,맑음,교차로 - 교차로안,승용,남,32세,상해없음,승용,여,52세,경상
2016032100100320,2016년 3월 21일 14시,월요일,제주특별자치도 서귀포시 동홍동,중상사고,0,1,0,0,차대차 - 측면충돌,교차로운행방법위반,건조,맑음,교차로 - 교차로안,화물,남,42세,상해없음,이륜,여,72세,중상
2016032100100358,2016년 3월 21일 15시,월요일,제주특별자치도 제주시 삼도이동,경상사고,0,0,1,0,차대차 - 추돌,안전거리미확보,건조,맑음,교차로 - 교차로부근,승용,남,57세,상해없음,이륜,남,58세,경상
2016032100100359,2016년 3월 21일 15시,월요일,제주특별자치도 서귀포시 상효동,중상사고,0,3,0,1,차량단독 - 기타,안전운전불이행,건조,맑음,단일로 - 기타,승용,여,43세,부상신고,,,,
2016032100100439,2016년 3월 21일 17시,월요일,제주특별자치도 서귀포시 안덕면,경상사고,0,0,1,0,차대차 - 기타,중앙선침범,건조,맑음,단일로 - 기타,승합,남,53세,상해없음,승용,남,24세,경상
2016032200100100,2016년 3월 22일 07시,화요일,제주특별자치도 제주시 노형동,중상사고,0,1,0,0,차대사람 - 기타,안전운전불이행,건조,맑음,단일로 - 기타,승합,남,42세,상해없음,보행자,여,62세,중상
2016032200100150,2016년 3월 22일 08시,화요일,제주특별자치도 제주시 건입동,경상사고,0,0,1,0,차대사람 - 횡단중,보행자보호의무위반,건조,맑음,단일로 - 기타,승용,남,26세,상해없음,보행자,남,12세,경상
2016032200100151,2016년 3월 22일 08시,화요일,제주특별자치도 제주시 이도이동,경상사고,0,0,1,0,차대차 - 측면충돌,신호위반,기타,맑음,단일로 - 횡단보도상,승용,여,29세,상해없음,자전거,남,12세,경상
2016032200100247,2016년 3월 22일 11시,화요일,제주특별자치도 서귀포시 성산읍,경상사고,0,0,3,0,차대차 - 측면직각충돌,안전거리미확보,건조,맑음,단일로 - 기타,승용,남,67세,경상,승용,남,24세,경상
2016032200100290,2016년 3월 22일 13시,화요일,제주특별자치도 제주시 일도일동,중상사고,0,1,0,0,차대차 - 기타,차로위반,건조,맑음,단일로 - 기타,승용,남,52세,상해없음,이륜,남,26세,중상
2016032200100318,2016년 3월 22일 14시,화요일,제주특별자치도 서귀포시 하효동,사망사고,1,0,0,0,차대차 - 기타,안전운전불이행,건조,맑음,단일로 - 기타,승용,여,77세,사망,화물,남,64세,기타불명
2016032200100352,2016년 3월 22일 15시,화요일,제주특별자치도 제주시 용담일동,경상사고,0,0,1,0,차량단독 - 전도전복,안전운전불이행,건조,맑음,교차로 - 교차로부근,승용,남,51세,상해없음,,,,
2016032200100353,2016년 3월 22일 15시,화요일,제주특별자치도 제주시 일도이동,경상사고,0,0,1,0,차대차 - 기타,차로위반,기타,맑음,교차로 - 교차로부근,승용,남,67세,상해없음,승용,남,37세,경상
2016032200100390,2016년 3월 22일 16시,화요일,제주특별자치도 제주시 애월읍,경상사고,0,0,1,0,차대사람 - 기타,기타,건조,맑음,단일로 - 기타,승합,남,45세,상해없음,보행자,여,37세,경상
2016032200100428,2016년 3월 22일 17시,화요일,제주특별자치도 서귀포시 색달동,경상사고,0,0,1,0,차대사람 - 기타,안전운전불이행,건조,맑음,단일로 - 기타,승용,남,50세,상해없음,보행자,남,51세,경상
2016032200100429,2016년 3월 22일 17시,화요일,제주특별자치도 제주시 한림읍,경상사고,0,0,1,0,차대차 - 측면충돌,교차로운행방법위반,건조,맑음,교차로 - 교차로안,승용,여,36세,상해없음,승용,여,60세,경상
2016032200100430,2016년 3월 22일 17시,화요일,제주특별자치도 제주시 애월읍,경상사고,0,0,6,1,차대차 - 기타,안전거리미확보,건조,맑음,단일로 - 기타,승합,남,53세,상해없음,화물,남,46세,경상
2016032200100507,2016년 3월 22일 19시,화요일,제주특별자치도 제주시 화북일동,경상사고,0,0,2,0,차대차 - 정면충돌,안전운전불이행,건조,맑음,교차로 - 교차로안,화물,남,46세,상해없음,승용,남,32세,경상
2016032200100535,2016년 3월 22일 20시,화요일,제주특별자치도 서귀포시 하예동,중상사고,0,1,0,0,차대차 - 측면충돌,직진우회전진행방해,건조,맑음,교차로 - 교차로안,승용,여,42세,상해없음,이륜,여,70세,중상
2016032200100536,2016년 3월 22일 20시,화요일,제주특별자치도 제주시 용담이동,중상사고,0,1,1,0,차량단독 - 전도전복,안전운전불이행,건조,맑음,단일로 - 횡단보도부근,승합,남,54세,상해없음,,,,
2016032200100568,2016년 3월 22일 21시,화요일,제주특별자치도 서귀포시 동홍동,중상사고,0,1,0,0,차대차 - 기타,신호위반,건조,맑음,교차로 - 교차로안,승용,남,30세,상해없음,승용,여,36세,중상
2016032300100060,2016년 3월 23일 06시,수요일,제주특별자치도 제주시 이호이동,경상사고,0,0,4,0,차대차 - 추돌,안전운전불이행,건조,맑음,단일로 - 기타,승용,남,22세,상해없음,승용,남,51세,경상
2016032300100174,2016년 3월 23일 10시,수요일,제주특별자치도 서귀포시 대포동,경상사고,0,0,1,0,차량단독 - 공작물충돌,안전운전불이행,건조,맑음,단일로 - 기타,승용,남,25세,상해없음,,,,
2016032300100175,2016년 3월 23일 10시,수요일,제주특별자치도 제주시 연동,경상사고,0,0,1,0,차대사람 - 기타,안전운전불이행,건조,맑음,단일로 - 기타,승용,남,36세,상해없음,보행자,여,32세,경상
2016032300100222,2016년 3월 23일 12시,수요일,제주특별자치도 제주시 한림읍,중상사고,0,1,0,0,차대차 - 측면직각충돌,안전거리미확보,건조,맑음,단일로 - 기타,이륜,남,79세,중상,승용,여,46세,상해없음
2016032300100334,2016년 3월 23일 16시,수요일,제주특별자치도 제주시 한경면,경상사고,0,0,1,0,차대차 - 측면충돌,직진우회전진행방해,건조,맑음,교차로 - 교차로안,승용,남,61세,경상,화물,남,78세,상해없음
2016032300100446,2016년 3월 23일 19시,수요일,제주특별자치도 제주시 이도일동,중상사고,0,1,0,0,차대사람 - 횡단중,보행자보호의무위반,건조,맑음,교차로 - 교차로안,승용,남,55세,상해없음,보행자,남,57세,중상
2016032300100504,2016년 3월 23일 21시,수요일,제주특별자치도 제주시 용담이동,부상신고사고,0,0,0,1,차대차 - 측면충돌,안전거리미확보,건조,맑음,단일로 - 기타,이륜,남,29세,부상신고,승용,남,27세,상해없음
2016032400100265,2016년 3월 24일 11시,목요일,제주특별자치도 서귀포시 색달동,중상사고,0,1,0,0,차대사람 - 기타,안전운전불이행,건조,맑음,기타 - 기타,승용,남,60세,상해없음,보행자,여,43세,중상
2016032400100287,2016년 3월 24일 12시,목요일,제주특별자치도 서귀포시 성산읍,부상신고사고,0,0,0,1,차대차 - 기타,교차로운행방법위반,건조,맑음,교차로 - 교차로안,승용,여,64세,상해없음,원동기,여,73세,부상신고
2016032400100344,2016년 3월 24일 14시,목요일,제주특별자치도 제주시 구좌읍,부상신고사고,0,0,0,1,차량단독 - 전도전복,안전운전불이행,건조,맑음,단일로 - 기타,화물,남,64세,부상신고,,,,
2016032400100345,2016년 3월 24일 14시,목요일,제주특별자치도 제주시 화북이동,경상사고,0,0,1,0,차대차 - 정면충돌,안전운전불이행,건조,맑음,단일로 - 기타,화물,여,45세,경상,특수,남,36세,상해없음
2016032400100404,2016년 3월 24일 16시,목요일,제주특별자치도 서귀포시 안덕면,경상사고,0,0,1,0,차대차 - 추돌,안전운전불이행,건조,맑음,단일로 - 기타,원동기,남,77세,경상,화물,남,49세,상해없음
2016032400100405,2016년 3월 24일 16시,목요일,제주특별자치도 서귀포시 동홍동,경상사고,0,0,1,0,차대사람 - 기타,안전운전불이행,건조,맑음,단일로 - 기타,승용,남,64세,기타불명,보행자,남,5세,경상
2016032400100439,2016년 3월 24일 17시,목요일,제주특별자치도 제주시 영평동,중상사고,0,1,0,0,차대사람 - 횡단중,안전운전불이행,건조,맑음,단일로 - 기타,승용,여,40세,상해없음,보행자,남,18세,중상
2016032400100545,2016년 3월 24일 20시,목요일,제주특별자치도 제주시 한림읍,경상사고,0,0,1,0,차대차 - 측면충돌,안전거리미확보,건조,맑음,단일로 - 기타,승용,남,63세,상해없음,승용,남,56세,경상
2016032500100032,2016년 3월 25일 02시,금요일,제주특별자치도 서귀포시 신효동,중상사고,0,1,0,0,차대차 - 기타,안전운전불이행,건조,맑음,단일로 - 기타,승용,남,21세,상해없음,원동기,남,50세,중상
2016032500100133,2016년 3월 25일 08시,금요일,제주특별자치도 제주시 일도이동,경상사고,0,0,1,0,차대차 - 기타,안전거리미확보,건조,맑음,단일로 - 기타,승용,남,53세,상해없음,승용,남,38세,경상
2016032500100237,2016년 3월 25일 12시,금요일,제주특별자치도 제주시 용강동,경상사고,0,0,3,0,차대차 - 정면충돌,중앙선침범,기타,맑음,단일로 - 기타,승용,여,55세,상해없음,승용,남,52세,경상
2016032500100298,2016년 3월 25일 14시,금요일,제주특별자치도 제주시 애월읍,경상사고,0,0,1,0,차대차 - 추돌,안전거리미확보,건조,맑음,교차로 - 교차로안,화물,남,56세,상해없음,승용,남,44세,경상
2016032500100331,2016년 3월 25일 15시,금요일,제주특별자치도 제주시 용담이동,경상사고,0,0,1,0,차대차 - 측면직각충돌,안전운전불이행,건조,맑음,단일로 - 기타,화물,남,32세,상해없음,이륜,남,82세,경상
2016032500100378,2016년 3월 25일 16시,금요일,제주특별자치도 제주시 조천읍,경상사고,0,0,2,0,차대차 - 정면충돌,중앙선침범,건조,맑음,단일로 - 기타,이륜,남,20세,경상,승용,남,67세,상해없음
2016032500100379,2016년 3월 25일 16시,금요일,제주특별자치도 서귀포시 안덕면,중상사고,0,1,0,0,차대사람 - 기타,안전운전불이행,건조,맑음,단일로 - 기타,승용,여,28세,상해없음,보행자,남,65세,중상
2016032500100413,2016년 3월 25일 17시,금요일,제주특별자치도 서귀포시 남원읍,중상사고,0,1,0,0,차대차 - 정면충돌,기타,건조,맑음,단일로 - 기타,화물,남,71세,상해없음,화물,남,47세,중상
2016032500100414,2016년 3월 25일 17시,금요일,제주특별자치도 제주시 한림읍,부상신고사고,0,0,0,1,차대차 - 기타,안전운전불이행,건조,맑음,단일로 - 기타,화물,남,50세,상해없음,이륜,남,68세,부상신고
2016032500100459,2016년 3월 25일 18시,금요일,제주특별자치도 제주시 도두일동,경상사고,0,0,3,0,차대차 - 기타,직진우회전진행방해,건조,맑음,교차로 - 교차로안,승용,여,38세,경상,화물,남,31세,경상
2016032500100516,2016년 3월 25일 19시,금요일,제주특별자치도 제주시 애월읍,중상사고,0,1,0,0,차대차 - 측면충돌,신호위반,건조,맑음,교차로 - 교차로안,승용,남,53세,상해없음,승용,여,58세,중상
2016032500100517,2016년 3월 25일 19시,금요일,제주특별자치도 제주시 노형동,경상사고,0,0,1,0,차대차 - 측면직각충돌,교차로운행방법위반,건조,맑음,교차로 - 교차로안,승용,여,56세,경상,승용,여,43세,상해없음
2016032500100594,2016년 3월 25일 21시,금요일,제주특별자치도 제주시 일도이동,경상사고,0,0,1,0,차대차 - 정면충돌,안전운전불이행,기타,맑음,교차로 - 교차로안,원동기,남,18세,경상,승용,남,50세,상해없음
2016032500100653,2016년 3월 25일 23시,금요일,제주특별자치도 제주시 용담이동,부상신고사고,0,0,0,1,차대차 - 기타,직진우회전진행방해,건조,맑음,교차로 - 교차로안,승용,남,49세,상해없음,승용,여,55세,부상신고
2016032600100020,2016년 3월 26일 00시,토요일,제주특별자치도 제주시 도두일동,경상사고,0,0,1,0,차대차 - 추돌,안전운전불이행,건조,맑음,단일로 - 기타,승용,남,23세,상해없음,승용,남,49세,상해없음
2016032600100063,2016년 3월 26일 02시,토요일,제주특별자치도 제주시 도남동,경상사고,0,0,1,0,차대차 - 정면충돌,안전운전불이행,건조,맑음,교차로 - 교차로부근,승용,남,25세,상해없음,승용,여,49세,경상
2016032600100153,2016년 3월 26일 08시,토요일,제주특별자치도 제주시 외도일동,경상사고,0,0,1,0,차대차 - 추돌,안전운전불이행,건조,맑음,단일로 - 기타,승용,남,80세,상해없음,승용,남,21세,기타불명
2016032600100213,2016년 3월 26일 10시,토요일,제주특별자치도 서귀포시 성산읍,중상사고,0,1,0,0,차대차 - 기타,안전운전불이행,건조,맑음,교차로 - 교차로부근,이륜,여,71세,중상,화물,남,59세,상해없음
2016032600100263,2016년 3월 26일 11시,토요일,제주특별자치도 제주시 애월읍,중상사고,0,1,0,0,차대차 - 측면직각충돌,직진우회전진행방해,건조,맑음,교차로 - 교차로안,화물,여,58세,상해없음,이륜,남,51세,중상
2016032600100343,2016년 3월 26일 13시,토요일,제주특별자치도 제주시 노형동,경상사고,0,0,1,0,차대사람 - 기타,안전운전불이행,건조,맑음,단일로 - 기타,승용,여,27세,상해없음,보행자,남,34세,경상
2016032600100414,2016년 3월 26일 15시,토요일,제주특별자치도 제주시 구좌읍,중상사고,0,1,0,0,차대차 - 측면충돌,안전운전불이행,기타,맑음,교차로 - 교차로안,이륜,여,79세,중상,승용,여,34세,상해없음
2016032600100492,2016년 3월 26일 17시,토요일,제주특별자치도 제주시 한림읍,경상사고,0,0,2,0,차대차 - 기타,안전운전불이행,건조,흐림,단일로 - 기타,화물,남,58세,상해없음,승용,남,28세,경상
2016032600100525,2016년 3월 26일 18시,토요일,제주특별자치도 제주시 오라일동,부상신고사고,0,0,0,1,차대사람 - 길가장자리구역통행중,안전운전불이행,건조,맑음,단일로 - 기타,기타불명,기타불명,기타불명,기타불명,보행자,남,34세,부상신고
2016032600100526,2016년 3월 26일 18시,토요일,제주특별자치도 제주시 애월읍,경상사고,0,0,5,0,차대차 - 측면충돌,중앙선침범,건조,맑음,단일로 - 기타,승용,남,49세,상해없음,승용,여,47세,경상
2016032600100596,2016년 3월 26일 20시,토요일,제주특별자치도 서귀포시 상효동,경상사고,0,0,1,0,차대차 - 기타,안전운전불이행,건조,맑음,교차로 - 교차로부근,화물,남,39세,경상,승합,남,37세,상해없음
2016032600100597,2016년 3월 26일 20시,토요일,제주특별자치도 서귀포시 서호동,경상사고,0,0,2,0,차대차 - 기타,중앙선침범,건조,맑음,교차로 - 교차로부근,승용,남,49세,상해없음,승용,남,25세,경상
2016032600100659,2016년 3월 26일 22시,토요일,제주특별자치도 서귀포시 남원읍,경상사고,0,0,2,0,차대차 - 추돌,안전운전불이행,건조,맑음,교차로 - 교차로부근,승용,여,36세,상해없음,승용,남,50세,경상
2016032600100682,2016년 3월 26일 23시,토요일,제주특별자치도 서귀포시 안덕면,부상신고사고,0,0,0,1,차대차 - 기타,안전운전불이행,건조,맑음,단일로 - 기타,승용,남,45세,부상신고,승합,남,50세,기타불명
2016032700100054,2016년 3월 27일 04시,일요일,제주특별자치도 서귀포시 남원읍,부상신고사고,0,0,0,1,차대차 - 기타,교차로운행방법위반,건조,맑음,단일로 - 기타,승용,남,22세,부상신고,승용,남,69세,상해없음
2016032700100105,2016년 3월 27일 08시,일요일,제주특별자치도 제주시 삼도일동,경상사고,0,0,1,0,차대차 - 정면충돌,직진우회전진행방해,건조,맑음,교차로 - 교차로안,승용,여,23세,상해없음,승용,남,54세,상해없음
2016032700100114,2016년 3월 27일 09시,일요일,제주특별자치도 서귀포시 남원읍,중상사고,0,2,0,0,차대차 - 기타,안전거리미확보,건조,맑음,교차로 - 교차로부근,승용,여,43세,상해없음,승용,여,27세,중상
2016032700100180,2016년 3월 27일 12시,일요일,제주특별자치도 제주시 한경면,중상사고,0,1,1,0,차대차 - 측면직각충돌,교차로운행방법위반,건조,맑음,교차로 - 교차로안,화물,남,56세,상해없음,화물,남,41세,경상
2016032800100082,2016년 3월 28일 07시,월요일,제주특별자치도 서귀포시 법환동,중상사고,0,2,0,0,차대차 - 측면직각충돌,기타,건조,맑음,교차로 - 교차로안,화물,남,50세,상해없음,승용,남,71세,중상
2016032800100083,2016년 3월 28일 07시,월요일,제주특별자치도 서귀포시 신효동,경상사고,0,0,1,0,차대차 - 측면직각충돌,직진우회전진행방해,건조,맑음,교차로 - 교차로안,승용,남,70세,경상,화물,남,37세,상해없음
2016032800100135,2016년 3월 28일 08시,월요일,제주특별자치도 제주시 아라일동,경상사고,0,0,1,0,차대차 - 정면충돌,안전운전불이행,건조,맑음,교차로 - 교차로부근,승용,여,62세,상해없음,승용,남,66세,상해없음
2016032800100136,2016년 3월 28일 08시,월요일,제주특별자치도 제주시 삼도이동,경상사고,0,0,1,0,차대차 - 기타,차로위반,건조,맑음,기타 - 기타,승용,남,32세,상해없음,승합,남,57세,상해없음
2016032800100222,2016년 3월 28일 10시,월요일,제주특별자치도 제주시 노형동,중상사고,0,1,0,0,차대차 - 측면충돌,직진우회전진행방해,건조,맑음,교차로 - 교차로안,승용,여,37세,기타불명,이륜,남,69세,중상
2016032800100260,2016년 3월 28일 11시,월요일,제주특별자치도 제주시 조천읍,경상사고,0,0,1,0,차량단독 - 전도전복,안전운전불이행,건조,맑음,단일로 - 기타,이륜,남,71세,경상,,,,
2016032800100313,2016년 3월 28일 13시,월요일,제주특별자치도 제주시 노형동,경상사고,0,0,1,0,차대차 - 정면충돌,교차로운행방법위반,건조,맑음,교차로 - 교차로안,승용,남,45세,상해없음,승용,남,34세,경상
2016032800100314,2016년 3월 28일 13시,월요일,제주특별자치도 제주시 용담이동,경상사고,0,0,1,0,차대차 - 기타,안전운전불이행,건조,맑음,단일로 - 기타,승용,남,41세,상해없음,승용,남,22세,경상
2016032800100344,2016년 3월 28일 14시,월요일,제주특별자치도 제주시 조천읍,경상사고,0,0,2,0,차대차 - 정면충돌,중앙선침범,건조,맑음,단일로 - 기타,화물,남,59세,경상,화물,남,22세,경상
2016032800100345,2016년 3월 28일 14시,월요일,제주특별자치도 서귀포시 회수동,중상사고,0,1,6,0,차대차 - 추돌,안전거리미확보,건조,맑음,단일로 - 기타,건설기계,남,49세,상해없음,승용,여,59세,중상
2016032800100428,2016년 3월 28일 16시,월요일,제주특별자치도 제주시 화북이동,경상사고,0,0,2,0,차대차 - 측면직각충돌,중앙선침범,건조,맑음,교차로 - 교차로부근,화물,남,25세,상해없음,승용,남,37세,경상
2016032800100461,2016년 3월 28일 17시,월요일,제주특별자치도 서귀포시 서호동,경상사고,0,0,1,0,차대차 - 측면충돌,교차로운행방법위반,건조,맑음,교차로 - 교차로안,승용,남,61세,상해없음,승용,여,47세,상해없음
2016032800100462,2016년 3월 28일 17시,월요일,제주특별자치도 제주시 연동,경상사고,0,0,1,0,차대차 - 추돌,직진우회전진행방해,건조,맑음,교차로 - 교차로안,승용,남,26세,기타불명,승합,남,53세,경상
2016032800100540,2016년 3월 28일 19시,월요일,제주특별자치도 제주시 조천읍,경상사고,0,0,4,0,차대차 - 정면충돌,안전운전불이행,건조,맑음,단일로 - 기타,승합,남,53세,상해없음,승용,여,44세,경상
2016032800100541,2016년 3월 28일 19시,월요일,제주특별자치도 제주시 연동,부상신고사고,0,0,0,1,차대사람 - 차도통행중,안전운전불이행,건조,맑음,교차로 - 교차로부근,승용,여,64세,상해없음,보행자,남,36세,부상신고
2016032800100542,2016년 3월 28일 19시,월요일,제주특별자치도 제주시 연동,부상신고사고,0,0,0,1,차대차 - 기타,안전거리미확보,건조,맑음,단일로 - 기타,승합,남,43세,상해없음,이륜,남,45세,부상신고
2016032800100618,2016년 3월 28일 21시,월요일,제주특별자치도 제주시 연동,경상사고,0,0,3,0,차대차 - 추돌,안전운전불이행,건조,맑음,단일로 - 기타,승용,남,55세,상해없음,승합,남,33세,경상
2016032800100667,2016년 3월 28일 23시,월요일,제주특별자치도 제주시 일도이동,경상사고,0,0,1,0,차대사람 - 횡단중,보행자보호의무위반,기타,맑음,단일로 - 횡단보도상,승용,남,23세,상해없음,보행자,남,32세,경상
2016032900100048,2016년 3월 29일 03시,화요일,제주특별자치도 제주시 화북이동,경상사고,0,0,1,0,차량단독 - 공작물충돌,안전운전불이행,건조,맑음,단일로 - 기타,승용,남,30세,경상,,,,
2016032900100072,2016년 3월 29일 06시,화요일,제주특별자치도 서귀포시 성산읍,중상사고,0,1,0,0,차대차 - 기타,신호위반,건조,맑음,교차로 - 교차로안,원동기,남,69세,중상,화물,남,48세,상해없음
2016032900100095,2016년 3월 29일 07시,화요일,제주특별자치도 제주시 일도이동,경상사고,0,0,2,0,차대사람 - 횡단중,보행자보호의무위반,건조,맑음,단일로 - 횡단보도상,이륜,남,23세,경상,보행자,남,26세,경상
2016032900100153,2016년 3월 29일 09시,화요일,제주특별자치도 제주시 구좌읍,경상사고,0,0,2,0,차대차 - 정면충돌,신호위반,건조,맑음,교차로 - 교차로안,승용,남,69세,경상,승용,남,22세,경상
2016032900100168,2016년 3월 29일 10시,화요일,제주특별자치도 서귀포시 안덕면,경상사고,0,0,1,0,차량단독 - 기타,안전운전불이행,건조,맑음,단일로 - 기타,이륜,남,70세,경상,,,,
2016032900100231,2016년 3월 29일 12시,화요일,제주특별자치도 제주시 외도일동,경상사고,0,0,1,0,차대차 - 측면직각충돌,교차로운행방법위반,건조,맑음,교차로 - 교차로안,화물,남,63세,상해없음,승용,남,34세,경상
2016032900100338,2016년 3월 29일 16시,화요일,제주특별자치도 제주시 한림읍,경상사고,0,0,1,0,차대차 - 측면충돌,안전운전불이행,건조,맑음,단일로 - 기타,승용,여,26세,상해없음,이륜,남,75세,경상
2016033000100017,2016년 3월 30일 01시,수요일,제주특별자치도 제주시 한림읍,중상사고,0,1,0,0,차량단독 - 전도전복,안전운전불이행,건조,맑음,단일로 - 기타,승용,남,32세,중상,,,,
2016033000100018,2016년 3월 30일 01시,수요일,제주특별자치도 제주시 노형동,경상사고,0,0,1,0,차대차 - 측면충돌,안전운전불이행,건조,흐림,교차로 - 교차로부근,화물,남,42세,상해없음,승용,남,55세,경상
2016033000100033,2016년 3월 30일 03시,수요일,제주특별자치도 서귀포시 표선면,중상사고,0,1,0,0,차대사람 - 기타,안전운전불이행,건조,맑음,교차로 - 교차로부근,승용,남,67세,상해없음,보행자,여,24세,중상
2016033000100044,2016년 3월 30일 05시,수요일,제주특별자치도 제주시 노형동,경상사고,0,0,2,0,차대차 - 측면충돌,신호위반,건조,맑음,교차로 - 교차로안,승용,남,62세,상해없음,승용,남,60세,경상
2016033000100080,2016년 3월 30일 07시,수요일,제주특별자치도 제주시 이도이동,중상사고,0,1,0,0,차대차 - 측면충돌,직진우회전진행방해,건조,맑음,교차로 - 교차로안,승용,남,53세,상해없음,승용,남,44세,중상
2016033000100152,2016년 3월 30일 09시,수요일,제주특별자치도 제주시 일도이동,중상사고,0,1,0,0,차대사람 - 횡단중,중앙선침범,건조,맑음,단일로 - 기타,승용,남,24세,상해없음,보행자,여,78세,중상
2016033000100153,2016년 3월 30일 09시,수요일,제주특별자치도 서귀포시 표선면,부상신고사고,0,0,0,1,차대차 - 기타,안전운전불이행,건조,맑음,교차로 - 교차로안,승용,남,65세,부상신고,승용,여,41세,상해없음
2016033000100214,2016년 3월 30일 11시,수요일,제주특별자치도 제주시 아라이동,경상사고,0,0,3,0,차대차 - 정면충돌,중앙선침범,건조,맑음,교차로 - 교차로부근,승용,남,38세,경상,승용,여,45세,경상
2016033000100279,2016년 3월 30일 13시,수요일,제주특별자치도 서귀포시 성산읍,경상사고,0,0,3,0,차대차 - 기타,직진우회전진행방해,건조,맑음,교차로 - 교차로안,화물,남,47세,상해없음,승용,여,22세,경상
2016033000100393,2016년 3월 30일 16시,수요일,제주특별자치도 제주시 영평동,경상사고,0,0,1,0,차대차 - 추돌,안전운전불이행,건조,맑음,단일로 - 기타,승용,남,41세,경상,승용,남,31세,상해없음
2016033000100425,2016년 3월 30일 17시,수요일,제주특별자치도 제주시 이도일동,경상사고,0,0,1,0,차대사람 - 기타,안전운전불이행,건조,맑음,단일로 - 기타,이륜,남,43세,기타불명,보행자,여,41세,경상
2016033000100426,2016년 3월 30일 17시,수요일,제주특별자치도 서귀포시 대정읍,중상사고,0,1,0,0,차대차 - 기타,중앙선침범,건조,맑음,단일로 - 기타,승용,여,30세,상해없음,이륜,남,56세,중상
2016033000100427,2016년 3월 30일 17시,수요일,제주특별자치도 제주시 연동,부상신고사고,0,0,0,1,차대차 - 측면직각충돌,중앙선침범,건조,맑음,단일로 - 기타,자전거,남,11세,부상신고,승합,남,54세,상해없음
2016033000100598,2016년 3월 30일 23시,수요일,제주특별자치도 제주시 일도이동,경상사고,0,0,1,0,차대차 - 측면충돌,차로위반,기타,맑음,교차로 - 교차로부근,승용,남,39세,상해없음,이륜,남,46세,경상
2016033100100228,2016년 3월 31일 12시,목요일,제주특별자치도 서귀포시 성산읍신산출장,경상사고,0,0,1,0,차량단독 - 전도전복,안전운전불이행,건조,맑음,단일로 - 기타,이륜,남,19세,경상,,,,
2016033100100252,2016년 3월 31일 13시,목요일,제주특별자치도 제주시 용담삼동,경상사고,0,0,1,0,차대차 - 추돌,안전운전불이행,습기,흐림,단일로 - 기타,이륜,남,46세,경상,승용,남,26세,상해없음
2016033100100276,2016년 3월 31일 14시,목요일,제주특별자치도 서귀포시 상예동,중상사고,0,1,3,0,차대차 - 기타,안전운전불이행,건조,맑음,단일로 - 기타,승용,남,26세,상해없음,승용,여,51세,상해없음
2016033100100384,2016년 3월 31일 17시,목요일,제주특별자치도 제주시 삼도일동,경상사고,0,0,1,0,차대차 - 측면충돌,차로위반,건조,맑음,교차로 - 교차로안,승용,남,61세,상해없음,승용,여,38세,경상
2016033100100425,2016년 3월 31일 18시,목요일,제주특별자치도 제주시 건입동,경상사고,0,0,1,0,차대차 - 측면충돌,신호위반,습기,비,교차로 - 교차로안,승용,여,43세,상해없음,승용,여,49세,경상
2016033100100493,2016년 3월 31일 20시,목요일,제주특별자치도 제주시 오라이동,경상사고,0,0,2,0,차대차 - 정면충돌,안전운전불이행,건조,맑음,교차로 - 교차로부근,승합,남,66세,상해없음,승용,여,48세,상해없음
2016040100100104,2016년 4월 1일 07시,금요일,제주특별자치도 제주시 외도일동,경상사고,0,0,1,0,차대차 - 기타,안전운전불이행,건조,맑음,단일로 - 기타,승용,여,56세,상해없음,자전거,남,75세,경상
2016040100100149,2016년 4월 1일 08시,금요일,제주특별자치도 제주시 이도이동,경상사고,0,0,2,0,차대차 - 측면충돌,교차로운행방법위반,건조,맑음,교차로 - 교차로안,승용,여,37세,경상,승용,남,53세,경상