사고번호,사고일시,요일,시군구,사고내용,사망자수,중상자수,경상자수,부상신고자수,사고유형,법규위반,노면상태,기상상태,도로형태,가해운전자 차종,가해운전자 성별,가해운전자 연령,가해운전자 상해정도,피해운전자 차종,피해운전자 성별,피해운전자 연령,피해운전자 상해정도
2016040900100469,2016년 4월 9일 17시,토요일,제주특별자치도 제주시 일도일동,중상사고,0,1,0,0,차대차 - 추돌,안전운전불이행,건조,맑음,단일로 - 기타,승용,남,48세,상해없음,승합,남,42세,상해없음
2016040900100470,2016년 4월 9일 17시,토요일,제주특별자치도 제주시 해안동,경상사고,0,0,1,1,차대차 - 추돌,안전운전불이행,건조,맑음,교차로 - 교차로부근,승용,남,53세,상해없음,승용,여,31세,경상
2016040900100549,2016년 4월 9일 19시,토요일,제주특별자치도 제주시 이도일동,경상사고,0,0,1,0,차대사람 - 길가장자리구역통행중,안전운전불이행,건조,맑음,단일로 - 기타,승용,남,70세,상해없음,보행자,남,53세,경상
2016040900100580,2016년 4월 9일 20시,토요일,제주특별자치도 제주시 이도이동,경상사고,0,0,2,0,차대차 - 측면충돌,교차로운행방법위반,건조,맑음,교차로 - 교차로안,승용,남,27세,경상,승용,남,43세,경상
2016040900100627,2016년 4월 9일 21시,토요일,제주특별자치도 제주시 이도이동,경상사고,0,0,1,0,차대사람 - 횡단중,안전운전불이행,건조,맑음,단일로 - 기타,승용,남,32세,상해없음,보행자,남,23세,경상
2016041000100053,2016년 4월 10일 03시,일요일,제주특별자치도 서귀포시 안덕면,중상사고,0,1,0,0,차량단독 - 공작물충돌,교차로운행방법위반,건조,맑음,교차로 - 교차로부근,화물,남,19세,중상,,,,
2016041000100081,2016년 4월 10일 06시,일요일,제주특별자치도 제주시 삼도이동,경상사고,0,0,1,0,차대차 - 측면충돌,안전거리미확보,건조,맑음,단일로 - 기타,승용,남,75세,경상,화물,남,38세,상해없음
2016041000100113,2016년 4월 10일 09시,일요일,제주특별자치도 서귀포시 남원읍,중상사고,0,1,4,0,차대차 - 기타,교차로운행방법위반,건조,맑음,교차로 - 교차로안,승용,여,43세,경상,승용,여,22세,중상
2016041000100144,2016년 4월 10일 10시,일요일,제주특별자치도 서귀포시 서귀동,중상사고,0,1,0,1,차대사람 - 횡단중,안전운전불이행,건조,맑음,단일로 - 기타,원동기,여,26세,부상신고,보행자,남,36세,중상
2016041000100145,2016년 4월 10일 10시,일요일,제주특별자치도 서귀포시 성산읍,경상사고,0,0,1,0,차대사람 - 횡단중,안전운전불이행,건조,맑음,단일로 - 기타,승합,남,63세,상해없음,보행자,남,36세,경상
2016041000100146,2016년 4월 10일 10시,일요일,제주특별자치도 제주시 한림읍,경상사고,0,0,1,0,차대차 - 측면충돌,안전운전불이행,건조,맑음,교차로 - 교차로안,승용,남,46세,상해없음,화물,남,71세,상해없음
2016041000100198,2016년 4월 10일 12시,일요일,제주특별자치도 제주시 노형동,중상사고,0,1,0,0,차대차 - 측면직각충돌,직진우회전진행방해,건조,맑음,교차로 - 교차로안,승용,남,36세,상해없음,승용,여,45세,중상
2016041000100436,2016년 4월 10일 19시,일요일,제주특별자치도 서귀포시 호근동,사망사고,1,0,0,0,차대사람 - 횡단중,과속,건조,맑음,교차로 - 교차로부근,승용,남,26세,상해없음,보행자,여,57세,사망
2016041000100490,2016년 4월 10일 21시,일요일,제주특별자치도 제주시 아라이동,경상사고,0,0,1,0,차대차 - 기타,차로위반,기타,맑음,단일로 - 기타,승용,남,50세,상해없음,승용,남,30세,경상
2016041100100042,2016년 4월 11일 05시,월요일,제주특별자치도 제주시 용담삼동,중상사고,0,2,0,0,차량단독 - 전도전복,안전운전불이행,건조,맑음,교차로 - 교차로부근,승용,여,37세,중상,,,,
2016041100100132,2016년 4월 11일 08시,월요일,제주특별자치도 서귀포시 성산읍,경상사고,0,0,1,0,차대차 - 기타,중앙선침범,건조,맑음,단일로 - 기타,승용,남,36세,상해없음,화물,남,22세,경상
2016041100100133,2016년 4월 11일 08시,월요일,제주특별자치도 서귀포시 성산읍,중상사고,0,1,0,0,차대차 - 기타,안전운전불이행,건조,맑음,교차로 - 교차로부근,원동기,남,78세,중상,승용,남,62세,상해없음
2016041100100206,2016년 4월 11일 10시,월요일,제주특별자치도 제주시 연동,경상사고,0,0,3,0,차대차 - 측면직각충돌,직진우회전진행방해,건조,맑음,교차로 - 교차로안,승용,여,31세,경상,승용,여,36세,경상
2016041100100232,2016년 4월 11일 11시,월요일,제주특별자치도 서귀포시 대정읍,중상사고,0,1,1,0,차대차 - 기타,안전운전불이행,건조,맑음,단일로 - 기타,승용,남,52세,상해없음,승용,여,41세,경상
2016041100100233,2016년 4월 11일 11시,월요일,제주특별자치도 서귀포시 토평동,중상사고,0,2,0,0,차대차 - 기타,안전거리미확보,건조,맑음,교차로 - 교차로안,승용,남,51세,상해없음,승용,여,30세,상해없음
2016041100100309,2016년 4월 11일 13시,월요일,제주특별자치도 제주시 오라이동,중상사고,0,2,1,0,차대차 - 정면충돌,중앙선침범,건조,맑음,단일로 - 기타,승용,여,55세,중상,화물,남,60세,중상
2016041100100379,2016년 4월 11일 15시,월요일,제주특별자치도 서귀포시 성산읍,중상사고,0,1,0,0,차대차 - 기타,불법유턴,건조,맑음,교차로 - 교차로부근,화물,남,32세,상해없음,원동기,남,59세,중상
2016041100100458,2016년 4월 11일 17시,월요일,제주특별자치도 제주시 연동,중상사고,0,1,1,0,차대차 - 기타,교차로운행방법위반,건조,맑음,교차로 - 교차로안,승용,여,38세,중상,승용,남,42세,경상
2016041100100500,2016년 4월 11일 18시,월요일,제주특별자치도 제주시 삼도이동,중상사고,0,1,0,0,차대차 - 추돌,안전거리미확보,건조,맑음,교차로 - 교차로부근,승용,남,62세,상해없음,원동기,남,43세,중상
2016041100100556,2016년 4월 11일 20시,월요일,제주특별자치도 서귀포시 안덕면,사망사고,1,1,0,0,차대사람 - 횡단중,과속,기타,맑음,단일로 - 횡단보도상,화물,남,50세,상해없음,보행자,여,58세,중상
2016041100100578,2016년 4월 11일 21시,월요일,제주특별자치도 서귀포시 강정동,경상사고,0,0,3,0,차대차 - 기타,직진우회전진행방해,건조,맑음,교차로 - 교차로안,승용,남,39세,경상,승용,여,23세,경상
2016041100100579,2016년 4월 11일 21시,월요일,제주특별자치도 서귀포시 강정동,경상사고,0,0,2,0,차대차 - 기타,교차로운행방법위반,건조,맑음,교차로 - 교차로안,승용,남,21세,경상,화물,남,25세,상해없음
2016041100100605,2016년 4월 11일 22시,월요일,제주특별자치도 제주시 노형동,경상사고,0,0,2,0,차대차 - 추돌,안전운전불이행,건조,맑음,단일로 - 기타,승용,남,50세,상해없음,승용,남,50세,경상
2016041200100038,2016년 4월 12일 03시,화요일,제주특별자치도 제주시 구좌읍,중상사고,0,1,0,0,차량단독 - 전도전복,안전운전불이행,건조,맑음,교차로 - 교차로부근,승용,남,22세,중상,,,,
2016041200100065,2016년 4월 12일 06시,화요일,제주특별자치도 제주시 이도이동,중상사고,0,1,1,0,차대차 - 추돌,안전거리미확보,기타,맑음,단일로 - 기타,승용,남,60세,상해없음,승용,남,66세,경상
2016041200100090,2016년 4월 12일 07시,화요일,제주특별자치도 제주시 구좌읍,중상사고,0,2,0,0,차량단독 - 공작물충돌,안전운전불이행,건조,맑음,단일로 - 기타,승용,남,25세,중상,,,,
2016041200100135,2016년 4월 12일 08시,화요일,제주특별자치도 제주시 건입동,경상사고,0,0,1,0,차대사람 - 횡단중,보행자보호의무위반,건조,맑음,단일로 - 횡단보도상,승용,여,44세,상해없음,보행자,남,8세,경상
2016041200100136,2016년 4월 12일 08시,화요일,제주특별자치도 서귀포시 표선면,경상사고,0,0,1,0,차대차 - 추돌,안전거리미확보,건조,맑음,교차로 - 교차로부근,승용,남,27세,상해없음,승용,여,47세,경상
2016041200100176,2016년 4월 12일 09시,화요일,제주특별자치도 서귀포시 남원읍,중상사고,0,1,1,0,차대차 - 기타,직진우회전진행방해,건조,맑음,교차로 - 교차로안,화물,여,66세,경상,승용,남,49세,상해없음
2016041200100231,2016년 4월 12일 11시,화요일,제주특별자치도 제주시 우도면,경상사고,0,0,1,0,차대사람 - 길가장자리구역통행중,안전운전불이행,건조,맑음,단일로 - 기타,승용,여,40세,상해없음,보행자,여,54세,경상
2016041200100318,2016년 4월 12일 14시,화요일,제주특별자치도 제주시 이도이동,경상사고,0,0,1,0,차대사람 - 횡단중,안전운전불이행,건조,맑음,단일로 - 기타,승용,여,22세,상해없음,보행자,남,61세,경상
2016041200100319,2016년 4월 12일 14시,화요일,제주특별자치도 서귀포시 토평동,중상사고,0,1,0,0,차대사람 - 기타,안전운전불이행,건조,맑음,단일로 - 기타,화물,남,26세,상해없음,보행자,남,52세,중상
2016041200100391,2016년 4월 12일 16시,화요일,제주특별자치도 제주시 오라이동,부상신고사고,0,0,0,1,차대사람 - 기타,안전운전불이행,건조,맑음,단일로 - 기타,승용,여,70세,상해없음,보행자,여,54세,부상신고
2016041200100470,2016년 4월 12일 18시,화요일,제주특별자치도 제주시 이도이동,중상사고,0,1,0,0,차대차 - 측면직각충돌,신호위반,건조,맑음,교차로 - 교차로부근,승용,남,19세,상해없음,승용,여,54세,중상
2016041200100471,2016년 4월 12일 18시,화요일,제주특별자치도 제주시 외도일동,경상사고,0,0,1,0,차대사람 - 횡단중,안전운전불이행,건조,맑음,단일로 - 기타,승용,여,43세,상해없음,보행자,남,6세,경상
2016041200100508,2016년 4월 12일 19시,화요일,제주특별자치도 제주시 일도이동,중상사고,0,1,0,0,차대차 - 측면충돌,안전운전불이행,건조,맑음,교차로 - 교차로부근,승용,남,61세,상해없음,이륜,남,41세,중상
2016041200100509,2016년 4월 12일 19시,화요일,제주특별자치도 제주시 삼양이동,경상사고,0,0,1,0,차대차 - 추돌,안전운전불이행,습기,비,단일로 - 기타,승용,남,33세,상해없음,승용,남,22세,경상
2016041200100623,2016년 4월 12일 22시,화요일,제주특별자치도 서귀포시 토평동,부상신고사고,0,0,0,1,차량단독 - 기타,안전운전불이행,습기,비,단일로 - 기타,승용,남,32세,부상신고,,,,
2016041200100664,2016년 4월 12일 23시,화요일,제주특별자치도 제주시 한림읍,경상사고,0,0,1,1,차대차 - 측면직각충돌,교차로운행방법위반,건조,맑음,교차로 - 교차로안,승용,남,22세,부상신고,승용,여,50세,경상
2016041300100017,2016년 4월 13일 00시,수요일,제주특별자치도 제주시 이도이동,경상사고,0,0,2,0,차대사람 - 길가장자리구역통행중,안전운전불이행,건조,흐림,단일로 - 기타,승용,남,23세,상해없음,보행자,여,23세,경상
2016041300100065,2016년 4월 13일 02시,수요일,제주특별자치도 제주시 조천읍,경상사고,0,0,1,0,차대차 - 측면직각충돌,안전운전불이행,건조,맑음,교차로 - 교차로안,승용,남,55세,상해없음,승합,남,44세,경상
2016041300100211,2016년 4월 13일 09시,수요일,제주특별자치도 서귀포시 성산읍,부상신고사고,0,0,0,1,차량단독 - 기타,안전운전불이행,습기,흐림,기타 - 기타,원동기,여,80세,부상신고,,,,
2016041300100270,2016년 4월 13일 11시,수요일,제주특별자치도 서귀포시 법환동,중상사고,0,2,0,0,차대차 - 기타,직진우회전진행방해,건조,맑음,교차로 - 교차로안,승용,남,58세,중상,승용,남,34세,중상
2016041300100271,2016년 4월 13일 11시,수요일,제주특별자치도 서귀포시 토평동,경상사고,0,0,2,0,차대차 - 측면충돌,안전거리미확보,건조,맑음,단일로 - 횡단보도부근,건설기계,남,52세,상해없음,승용,남,60세,경상
2016041300100272,2016년 4월 13일 11시,수요일,제주특별자치도 제주시 노형동,경상사고,0,0,1,0,차대차 - 기타,안전운전불이행,건조,흐림,교차로 - 교차로안,승용,남,42세,상해없음,승용,남,30세,경상
2016041300100543,2016년 4월 13일 19시,수요일,제주특별자치도 제주시 조천읍,경상사고,0,0,1,2,차량단독 - 공작물충돌,안전운전불이행,기타,안개,단일로 - 기타,승용,남,57세,상해없음,,,,
2016041300100544,2016년 4월 13일 19시,수요일,제주특별자치도 서귀포시 표선면,중상사고,0,1,0,0,차대사람 - 기타,안전운전불이행,건조,맑음,교차로 - 교차로안,승용,남,30세,상해없음,보행자,여,49세,중상
2016041400100008,2016년 4월 14일 00시,목요일,제주특별자치도 제주시 이도이동,경상사고,0,0,1,0,차대차 - 추돌,안전운전불이행,건조,맑음,교차로 - 교차로부근,승용,남,52세,상해없음,화물,남,50세,경상
2016041400100043,2016년 4월 14일 04시,목요일,제주특별자치도 제주시 이도이동,경상사고,0,0,1,0,차대사람 - 길가장자리구역통행중,안전운전불이행,건조,맑음,기타 - 기타,승용,남,24세,상해없음,보행자,남,18세,경상
2016041400100090,2016년 4월 14일 07시,목요일,제주특별자치도 제주시 노형동,경상사고,0,0,3,0,차대차 - 기타,안전운전불이행,건조,맑음,교차로 - 교차로안,승용,여,47세,상해없음,승용,여,52세,경상
2016041400100136,2016년 4월 14일 08시,목요일,제주특별자치도 제주시 노형동,부상신고사고,0,0,0,1,차대차 - 측면충돌,안전운전불이행,건조,맑음,단일로 - 횡단보도상,승용,여,59세,상해없음,자전거,남,13세,부상신고
2016041400100191,2016년 4월 14일 10시,목요일,제주특별자치도 제주시 일도이동,경상사고,0,0,1,0,차대차 - 측면직각충돌,직진우회전진행방해,건조,맑음,교차로 - 교차로안,승용,여,57세,상해없음,승용,여,51세,경상
2016041400100225,2016년 4월 14일 11시,목요일,제주특별자치도 서귀포시 동홍동,중상사고,0,1,0,0,차대사람 - 횡단중,보행자보호의무위반,건조,맑음,단일로 - 기타,승용,남,71세,상해없음,보행자,여,66세,중상
2016041400100226,2016년 4월 14일 11시,목요일,제주특별자치도 제주시 내도동,경상사고,0,0,1,0,차대차 - 기타,직진우회전진행방해,건조,맑음,교차로 - 교차로안,화물,남,48세,상해없음,자전거,여,60세,경상
2016041400100301,2016년 4월 14일 14시,목요일,제주특별자치도 제주시 오라이동,경상사고,0,0,2,0,차대차 - 정면충돌,교차로운행방법위반,건조,맑음,교차로 - 교차로안,화물,남,36세,경상,승용,여,30세,경상
2016041400100302,2016년 4월 14일 14시,목요일,제주특별자치도 서귀포시 서홍동,경상사고,0,0,1,0,차대사람 - 횡단중,안전운전불이행,건조,맑음,단일로 - 기타,승용,남,34세,상해없음,보행자,여,9세,경상
2016041400100340,2016년 4월 14일 15시,목요일,제주특별자치도 제주시 한경면,중상사고,0,1,0,0,차대차 - 정면충돌,중앙선침범,건조,맑음,교차로 - 교차로부근,화물,남,59세,중상,특수,남,63세,상해없음
2016041400100389,2016년 4월 14일 16시,목요일,제주특별자치도 서귀포시 성산읍,경상사고,0,0,3,0,차대차 - 기타,중앙선침범,건조,맑음,단일로 - 기타,승용,남,45세,상해없음,화물,남,41세,경상
2016041400100477,2016년 4월 14일 18시,목요일,제주특별자치도 제주시 한림읍,경상사고,0,0,1,0,차대차 - 기타,안전운전불이행,건조,맑음,단일로 - 기타,승용,남,57세,상해없음,승용,남,55세,경상
2016041400100513,2016년 4월 14일 19시,목요일,제주특별자치도 제주시 아라일동,부상신고사고,0,0,0,1,차대차 - 측면직각충돌,신호위반,건조,맑음,교차로 - 교차로안,승용,남,29세,상해없음,승용,남,21세,부상신고
2016041400100574,2016년 4월 14일 21시,목요일,제주특별자치도 제주시 연동,경상사고,0,0,1,0,차대사람 - 길가장자리구역통행중,안전운전불이행,건조,맑음,단일로 - 기타,승용,남,43세,상해없음,보행자,남,57세,경상
2016041500100155,2016년 4월 15일 08시,금요일,제주특별자치도 제주시 아라이동,경상사고,0,0,3,0,차대차 - 추돌,안전운전불이행,건조,맑음,단일로 - 기타,화물,남,34세,상해없음,화물,남,43세,경상
2016041500100156,2016년 4월 15일 08시,금요일,제주특별자치도 서귀포시 법환동,중상사고,0,1,0,0,차대사람 - 횡단중,안전운전불이행,건조,맑음,단일로 - 기타,승용,남,40세,상해없음,보행자,여,12세,중상
2016041500100157,2016년 4월 15일 08시,금요일,제주특별자치도 서귀포시 성산읍,중상사고,0,1,0,0,차량단독 - 기타,안전운전불이행,건조,맑음,단일로 - 기타,승합,남,59세,상해없음,,,,
2016041500100184,2016년 4월 15일 09시,금요일,제주특별자치도 제주시 연동,중상사고,0,1,0,0,차대사람 - 기타,안전운전불이행,건조,맑음,기타 - 기타,승용,남,37세,상해없음,보행자,남,58세,중상
2016041500100265,2016년 4월 15일 12시,금요일,제주특별자치도 제주시 우도면,경상사고,0,0,1,0,차대사람 - 횡단중,안전운전불이행,건조,맑음,단일로 - 기타,원동기,남,31세,상해없음,보행자,여,50세,경상
2016041500100266,2016년 4월 15일 12시,금요일,제주특별자치도 제주시 한림읍,경상사고,0,0,6,0,차대차 - 측면충돌,신호위반,건조,맑음,교차로 - 교차로안,화물,남,60세,경상,승용,여,28세,경상
2016041500100337,2016년 4월 15일 14시,금요일,제주특별자치도 서귀포시 서호동,부상신고사고,0,0,0,1,차량단독 - 기타,안전운전불이행,건조,맑음,단일로 - 기타,승용,여,44세,부상신고,,,,
2016041500100338,2016년 4월 15일 14시,금요일,제주특별자치도 서귀포시 성산읍,경상사고,0,0,1,3,차대차 - 기타,안전거리미확보,건조,맑음,교차로 - 교차로부근,승용,남,31세,부상신고,승용,남,70세,부상신고
2016041500100374,2016년 4월 15일 15시,금요일,제주특별자치도 제주시 애월읍,경상사고,0,0,1,0,차대차 - 측면직각충돌,중앙선침범,건조,맑음,단일로 - 기타,승용,남,41세,상해없음,승합,남,59세,경상
2016041500100426,2016년 4월 15일 16시,금요일,제주특별자치도 제주시 이도이동,경상사고,0,0,1,0,차대차 - 기타,교차로운행방법위반,건조,맑음,교차로 - 교차로안,자전거,남,13세,경상,승용,남,40세,상해없음
2016041500100427,2016년 4월 15일 16시,금요일,제주특별자치도 서귀포시 색달동,경상사고,0,0,4,1,차대차 - 기타,안전거리미확보,건조,맑음,단일로 - 기타,승용,여,27세,부상신고,승용,남,62세,경상
2016041500100428,2016년 4월 15일 16시,금요일,제주특별자치도 서귀포시 안덕면,경상사고,0,0,1,0,차대사람 - 기타,안전운전불이행,건조,맑음,단일로 - 기타,승용,남,36세,상해없음,보행자,남,10세,경상
2016041500100429,2016년 4월 15일 16시,금요일,제주특별자치도 서귀포시 동홍동,중상사고,0,2,1,0,차대차 - 추돌,안전거리미확보,건조,맑음,단일로 - 기타,화물,남,44세,상해없음,승용,남,54세,상해없음
2016041500100509,2016년 4월 15일 18시,금요일,제주특별자치도 서귀포시 색달동,중상사고,0,1,0,0,차대차 - 기타,안전거리미확보,건조,맑음,교차로 - 교차로부근,원동기,여,59세,중상,승합,남,59세,상해없음
2016041500100609,2016년 4월 15일 20시,금요일,제주특별자치도 서귀포시 동홍동,중상사고,0,1,0,0,차대사람 - 횡단중,안전운전불이행,건조,맑음,단일로 - 기타,승용,남,63세,상해없음,보행자,여,63세,중상
2016041500100641,2016년 4월 15일 21시,금요일,제주특별자치도 제주시 연동,부상신고사고,0,0,0,1,차대사람 - 기타,안전운전불이행,건조,맑음,교차로 - 교차로부근,승용,여,48세,상해없음,보행자,남,25세,부상신고
2016041600100043,2016년 4월 16일 01시,토요일,제주특별자치도 서귀포시 서호동,부상신고사고,0,0,0,1,차량단독 - 기타,안전운전불이행,건조,맑음,단일로 - 기타,이륜,남,19세,부상신고,,,,
2016041600100091,2016년 4월 16일 04시,토요일,제주특별자치도 제주시 건입동,중상사고,0,1,1,0,차대차 - 정면충돌,신호위반,건조,맑음,교차로 - 교차로안,승용,여,59세,경상,승용,남,30세,중상
2016041600100101,2016년 4월 16일 05시,토요일,제주특별자치도 제주시 노형동,중상사고,0,1,0,0,차대사람 - 횡단중,보행자보호의무위반,건조,흐림,단일로 - 횡단보도상,승용,여,61세,상해없음,보행자,여,75세,중상
2016041600100160,2016년 4월 16일 08시,토요일,제주특별자치도 제주시 조천읍,사망사고,1,0,1,0,차대차 - 측면직각충돌,신호위반,건조,맑음,교차로 - 교차로안,화물,남,40세,경상,화물,여,50세,사망
2016041600100161,2016년 4월 16일 08시,토요일,제주특별자치도 제주시 이도이동,경상사고,0,0,1,0,차대사람 - 횡단중,안전운전불이행,건조,맑음,단일로 - 횡단보도부근,승용,남,51세,상해없음,보행자,여,44세,경상
2016041600100162,2016년 4월 16일 08시,토요일,제주특별자치도 서귀포시 대정읍,경상사고,0,0,2,0,차대차 - 측면충돌,직진우회전진행방해,건조,맑음,교차로 - 교차로안,승용,남,65세,상해없음,승용,여,42세,경상
2016041600100188,2016년 4월 16일 09시,토요일,제주특별자치도 제주시 구좌읍,중상사고,0,1,2,0,차대차 - 추돌,안전운전불이행,건조,맑음,교차로 - 교차로부근,승용,남,67세,상해없음,승용,남,54세,경상
2016041600100282,2016년 4월 16일 12시,토요일,제주특별자치도 제주시 일도이동,경상사고,0,0,2,0,차대차 - 측면충돌,안전운전불이행,건조,맑음,단일로 - 기타,이륜,남,63세,경상,승용,남,70세,경상
2016041600100283,2016년 4월 16일 12시,토요일,제주특별자치도 제주시 애월읍,경상사고,0,0,2,0,차대차 - 추돌,안전거리미확보,건조,맑음,단일로 - 기타,승용,남,28세,경상,승합,남,53세,상해없음
2016041600100284,2016년 4월 16일 12시,토요일,제주특별자치도 제주시 노형동,경상사고,0,0,2,0,차대차 - 추돌,직진우회전진행방해,건조,맑음,교차로 - 교차로안,승용,남,45세,기타불명,승용,남,33세,경상
2016041600100388,2016년 4월 16일 15시,토요일,제주특별자치도 제주시 연동,경상사고,0,0,1,0,차대차 - 측면충돌,안전운전불이행,건조,맑음,단일로 - 기타,승용,남,75세,상해없음,승용,남,51세,경상
2016041600100423,2016년 4월 16일 16시,토요일,제주특별자치도 제주시 일도이동,경상사고,0,0,1,0,차대차 - 정면충돌,교차로운행방법위반,습기,비,교차로 - 교차로안,승용,남,70세,상해없음,승용,여,44세,경상
2016041600100424,2016년 4월 16일 16시,토요일,제주특별자치도 제주시 용담이동,경상사고,0,0,1,0,차대차 - 기타,안전거리미확보,건조,맑음,교차로 - 교차로부근,승용,남,23세,상해없음,승용,여,48세,경상
2016041600100464,2016년 4월 16일 17시,토요일,제주특별자치도 제주시 조천읍,경상사고,0,0,1,0,차대차 - 측면직각충돌,신호위반,습기,비,교차로 - 교차로안,화물,남,58세,상해없음,승용,남,57세,경상
2016041600100687,2016년 4월 16일 21시,토요일,제주특별자치도 제주시 아라일동,경상사고,0,0,1,0,차대차 - 측면직각충돌,신호위반,습기,비,교차로 - 교차로안,승용,여,32세,상해없음,승용,남,46세,경상
2016041600100755,2016년 4월 16일 22시,토요일,제주특별자치도 제주시 일도이동,경상사고,0,0,1,0,차대차 - 측면충돌,안전운전불이행,기타,비,단일로 - 기타,승용,남,50세,상해없음,이륜,남,29세,경상
2016041600100756,2016년 4월 16일 22시,토요일,제주특별자치도 서귀포시 동홍동,경상사고,0,0,1,0,차대차 - 정면충돌,중앙선침범,습기,비,교차로 - 교차로안,승용,여,50세,상해없음,승용,남,25세,경상
2016041600100799,2016년 4월 16일 23시,토요일,제주특별자치도 제주시 조천읍,경상사고,0,0,1,0,차량단독 - 공작물충돌,안전운전불이행,건조,흐림,단일로 - 기타,승용,여,28세,경상,,,,
2016041700100162,2016년 4월 17일 05시,일요일,제주특별자치도 제주시 구좌읍,중상사고,0,1,1,0,차량단독 - 전도전복,안전운전불이행,건조,맑음,단일로 - 기타,승용,남,53세,경상,,,,
2016041700100200,2016년 4월 17일 08시,일요일,제주특별자치도 제주시 연동,부상신고사고,0,0,0,1,차대사람 - 차도통행중,안전운전불이행,건조,맑음,교차로 - 교차로부근,승용,남,39세,상해없음,보행자,남,20세,부상신고
2016041700100221,2016년 4월 17일 10시,일요일,제주특별자치도 제주시 이도이동,중상사고,0,1,0,0,차대차 - 기타,직진우회전진행방해,건조,흐림,교차로 - 교차로안,승용,여,43세,기타불명,승용,여,40세,중상
2016041700100292,2016년 4월 17일 13시,일요일,제주특별자치도 제주시 조천읍,중상사고,0,2,1,0,차대차 - 정면충돌,신호위반,건조,맑음,교차로 - 교차로안,승용,남,69세,경상,승용,남,33세,중상
2016041700100326,2016년 4월 17일 14시,일요일,제주특별자치도 제주시 삼양이동,경상사고,0,0,1,0,차대차 - 기타,안전거리미확보,건조,맑음,단일로 - 기타,승용,남,24세,상해없음,승용,남,43세,경상
2016041700100327,2016년 4월 17일 14시,일요일,제주특별자치도 제주시 한경면,사망사고,1,0,0,0,차량단독 - 전도전복,안전운전불이행,건조,맑음,단일로 - 기타,승용,남,34세,사망,,,,
2016041700100358,2016년 4월 17일 15시,일요일,제주특별자치도 서귀포시 대정읍,중상사고,0,1,0,0,차대차 - 기타,안전운전불이행,건조,맑음,단일로 - 기타,원동기,남,45세,중상,승용,남,58세,상해없음
2016041700100445,2016년 4월 17일 18시,일요일,제주특별자치도 서귀포시 동홍동,중상사고,0,1,0,0,차대차 - 추돌,안전운전불이행,건조,맑음,교차로 - 교차로부근,승용,여,52세,상해없음,승용,여,55세,중상
2016041700100509,2016년 4월 17일 20시,일요일,제주특별자치도 제주시 일도이동,경상사고,0,0,1,0,차대차 - 측면충돌,안전운전불이행,건조,맑음,단일로 - 기타,승용,남,31세,상해없음,승용,남,38세,경상
2016041700100510,2016년 4월 17일 20시,일요일,제주특별자치도 서귀포시 서귀동,경상사고,0,0,2,0,차대차 - 기타,신호위반,건조,맑음,교차로 - 교차로안,승용,남,55세,상해없음,승용,남,57세,경상
2016041800100110,2016년 4월 18일 08시,월요일,제주특별자치도 서귀포시 동홍동,중상사고,0,1,2,0,차대차 - 측면직각충돌,안전거리미확보,건조,맑음,교차로 - 교차로부근,건설기계,남,33세,상해없음,승용,여,38세,중상
2016041800100112,2016년 4월 18일 08시,월요일,제주특별자치도 제주시 용담이동,중상사고,0,1,0,0,차대차 - 기타,안전운전불이행,건조,맑음,단일로 - 기타,화물,여,38세,상해없음,이륜,남,67세,중상
2016041800100160,2016년 4월 18일 09시,월요일,제주특별자치도 서귀포시 동홍동,중상사고,0,1,0,0,차대차 - 측면충돌,직진우회전진행방해,건조,맑음,교차로 - 교차로안,승용,남,29세,상해없음,원동기,남,44세,중상
2016041800100226,2016년 4월 18일 11시,월요일,제주특별자치도 서귀포시 서호동,중상사고,0,1,1,0,차대차 - 기타,교차로운행방법위반,건조,맑음,교차로 - 교차로안,승용,여,59세,상해없음,승용,여,33세,중상
2016041800100410,2016년 4월 18일 16시,월요일,제주특별자치도 제주시 일도이동,경상사고,0,0,1,0,차대사람 - 횡단중,안전운전불이행,건조,맑음,교차로 - 교차로부근,승합,여,43세,상해없음,보행자,남,13세,경상
2016041800100458,2016년 4월 18일 17시,월요일,제주특별자치도 제주시 구좌읍,사망사고,2,0,0,0,차대차 - 정면충돌,과속,건조,맑음,교차로 - 교차로안,이륜,남,33세,사망,이륜,여,70세,사망
2016041800100459,2016년 4월 18일 17시,월요일,제주특별자치도 제주시 화북이동,경상사고,0,0,1,0,차대사람 - 횡단중,신호위반,건조,맑음,교차로 - 교차로안,승용,남,27세,기타불명,보행자,남,10세,경상
2016041800100460,2016년 4월 18일 17시,월요일,제주특별자치도 서귀포시 남원읍,중상사고,0,1,0,0,차대차 - 정면충돌,교차로운행방법위반,건조,맑음,교차로 - 교차로안,원동기,여,75세,중상,화물,남,66세,상해없음
2016041800100513,2016년 4월 18일 18시,월요일,제주특별자치도 제주시 아라이동,경상사고,0,0,2,0,차대차 - 기타,신호위반,기타,맑음,교차로 - 교차로안,승용,남,67세,상해없음,승용,남,60세,경상
2016041800100545,2016년 4월 18일 19시,월요일,제주특별자치도 제주시 용담일동,경상사고,0,0,4,1,차대차 - 측면충돌,신호위반,건조,맑음,교차로 - 교차로안,승합,남,64세,상해없음,승용,여,47세,경상