사고번호,사고일시,요일,시군구,사고내용,사망자수,중상자수,경상자수,부상신고자수,사고유형,법규위반,노면상태,기상상태,도로형태,가해운전자 차종,가해운전자 성별,가해운전자 연령,가해운전자 상해정도,피해운전자 차종,피해운전자 성별,피해운전자 연령,피해운전자 상해정도
2016041800100585,2016년 4월 18일 20시,월요일,제주특별자치도 제주시 노형동,중상사고,0,1,5,0,차대차 - 추돌,안전거리미확보,건조,맑음,단일로 - 기타,승용,남,52세,상해없음,승용,남,38세,경상
2016041800100586,2016년 4월 18일 20시,월요일,제주특별자치도 제주시 외도일동,경상사고,0,0,1,0,차대사람 - 기타,안전운전불이행,건조,맑음,기타 - 기타,승합,남,47세,상해없음,보행자,남,47세,경상
2016041800100620,2016년 4월 18일 21시,월요일,제주특별자치도 제주시 오라삼동,중상사고,0,1,0,0,차대차 - 측면충돌,안전운전불이행,건조,맑음,교차로 - 교차로안,승용,남,26세,상해없음,승용,여,45세,중상
2016041900100130,2016년 4월 19일 08시,화요일,제주특별자치도 제주시 삼도이동,경상사고,0,0,1,0,차대사람 - 길가장자리구역통행중,안전운전불이행,건조,맑음,단일로 - 기타,승용,남,33세,상해없음,보행자,남,58세,경상
2016041900100245,2016년 4월 19일 12시,화요일,제주특별자치도 제주시 오라이동,경상사고,0,0,5,0,차대차 - 추돌,차로위반,건조,맑음,단일로 - 기타,승용,여,24세,상해없음,승용,남,56세,경상
2016041900100344,2016년 4월 19일 15시,화요일,제주특별자치도 서귀포시 상예동,부상신고사고,0,0,0,1,차대차 - 기타,차로위반,건조,맑음,교차로 - 교차로부근,이륜,남,35세,부상신고,승용,남,37세,상해없음
2016041900100345,2016년 4월 19일 15시,화요일,제주특별자치도 서귀포시 표선면,경상사고,0,0,1,0,차대차 - 측면직각충돌,직진우회전진행방해,건조,맑음,교차로 - 교차로안,화물,남,35세,상해없음,승합,여,46세,경상
2016041900100346,2016년 4월 19일 15시,화요일,제주특별자치도 제주시 노형동,중상사고,0,1,0,0,차대차 - 추돌,직진우회전진행방해,건조,맑음,교차로 - 교차로안,승용,남,47세,상해없음,이륜,남,45세,중상
2016041900100377,2016년 4월 19일 16시,화요일,제주특별자치도 제주시 아라이동,중상사고,0,1,0,0,차대차 - 추돌,안전거리미확보,건조,맑음,단일로 - 기타,승용,여,43세,상해없음,승용,남,32세,중상
2016041900100417,2016년 4월 19일 17시,화요일,제주특별자치도 제주시 한경면,부상신고사고,0,0,0,4,차대차 - 측면충돌,교차로운행방법위반,건조,맑음,교차로 - 교차로안,승합,여,50세,상해없음,승용,남,53세,상해없음
2016041900100456,2016년 4월 19일 18시,화요일,제주특별자치도 제주시 이도이동,경상사고,0,0,1,0,차대사람 - 횡단중,보행자보호의무위반,건조,맑음,단일로 - 횡단보도상,승용,여,21세,상해없음,보행자,여,63세,경상
2016041900100498,2016년 4월 19일 19시,화요일,제주특별자치도 제주시 일도일동,경상사고,0,0,1,0,차대사람 - 횡단중,보행자보호의무위반,건조,맑음,단일로 - 횡단보도상,승용,남,51세,상해없음,보행자,여,64세,경상
2016041900100499,2016년 4월 19일 19시,화요일,제주특별자치도 서귀포시 남원읍,부상신고사고,0,0,0,1,차량단독 - 기타,안전운전불이행,건조,맑음,교차로 - 교차로안,승용,남,52세,부상신고,,,,
2016041900100528,2016년 4월 19일 20시,화요일,제주특별자치도 제주시 연동,경상사고,0,0,1,0,차대차 - 측면충돌,중앙선침범,건조,맑음,교차로 - 교차로부근,승용,남,66세,상해없음,승용,남,24세,경상
2016042000100012,2016년 4월 20일 00시,수요일,제주특별자치도 제주시 화북일동,중상사고,0,1,0,0,차대사람 - 횡단중,보행자보호의무위반,건조,맑음,단일로 - 횡단보도상,승용,남,60세,상해없음,보행자,여,19세,중상
2016042000100200,2016년 4월 20일 10시,수요일,제주특별자치도 서귀포시 성산읍,경상사고,0,0,1,0,차대차 - 기타,안전운전불이행,건조,맑음,단일로 - 기타,승합,남,58세,상해없음,승용,남,29세,상해없음
2016042000100231,2016년 4월 20일 11시,수요일,제주특별자치도 서귀포시 표선면,경상사고,0,0,2,0,차대차 - 측면직각충돌,직진우회전진행방해,건조,맑음,교차로 - 교차로안,승용,남,42세,상해없음,승용,여,59세,경상
2016042000100259,2016년 4월 20일 12시,수요일,제주특별자치도 제주시 구좌읍,중상사고,0,1,0,0,차대차 - 기타,중앙선침범,건조,맑음,단일로 - 기타,승합,남,43세,상해없음,이륜,여,76세,중상
2016042000100260,2016년 4월 20일 12시,수요일,제주특별자치도 제주시 용담이동,경상사고,0,0,1,0,차대사람 - 기타,안전운전불이행,건조,맑음,기타 - 기타,승용,여,50세,상해없음,보행자,여,62세,경상
2016042000100284,2016년 4월 20일 13시,수요일,제주특별자치도 제주시 아라일동,중상사고,0,1,0,0,차대차 - 정면충돌,안전운전불이행,건조,맑음,교차로 - 교차로안,승용,남,61세,상해없음,승용,남,40세,상해없음
2016042000100428,2016년 4월 20일 17시,수요일,제주특별자치도 제주시 한림읍,중상사고,0,1,0,0,차대차 - 측면충돌,신호위반,건조,맑음,교차로 - 교차로안,화물,남,45세,상해없음,기타불명,여,70세,중상
2016042000100461,2016년 4월 20일 18시,수요일,제주특별자치도 서귀포시 법환동,중상사고,0,1,0,0,차대사람 - 기타,안전운전불이행,건조,맑음,단일로 - 기타,승용,남,53세,상해없음,보행자,여,74세,중상
2016042100100075,2016년 4월 21일 03시,목요일,제주특별자치도 제주시 이도이동,중상사고,0,1,2,0,차대차 - 측면직각충돌,직진우회전진행방해,건조,맑음,교차로 - 교차로안,승용,남,79세,경상,승용,여,47세,경상
2016042100100090,2016년 4월 21일 04시,목요일,제주특별자치도 제주시 연동,중상사고,0,1,0,0,차대사람 - 횡단중,안전운전불이행,습기,흐림,교차로 - 교차로안,승용,남,33세,상해없음,보행자,남,49세,중상
2016042100100109,2016년 4월 21일 06시,목요일,제주특별자치도 제주시 화북이동,경상사고,0,0,1,0,차대차 - 정면충돌,신호위반,습기,비,교차로 - 교차로안,승용,남,56세,상해없음,승용,남,34세,경상
2016042100100138,2016년 4월 21일 07시,목요일,제주특별자치도 제주시 애월읍,경상사고,0,0,2,0,차대차 - 기타,직진우회전진행방해,습기,비,교차로 - 교차로안,승용,남,48세,상해없음,승용,여,43세,경상
2016042100100181,2016년 4월 21일 08시,목요일,제주특별자치도 제주시 한림읍,경상사고,0,0,1,0,차량단독 - 공작물충돌,안전운전불이행,습기,비,단일로 - 기타,승용,여,71세,경상,,,,
2016042100100210,2016년 4월 21일 09시,목요일,제주특별자치도 제주시 노형동,부상신고사고,0,0,0,1,차대사람 - 보도통행중,안전운전불이행,건조,흐림,기타 - 기타,기타불명,기타불명,기타불명,기타불명,보행자,남,50세,부상신고
2016042100100262,2016년 4월 21일 11시,목요일,제주특별자치도 제주시 이도일동,경상사고,0,0,1,0,차대사람 - 기타,신호위반,건조,흐림,단일로 - 기타,승용,남,63세,상해없음,보행자,남,71세,경상
2016042100100285,2016년 4월 21일 12시,목요일,제주특별자치도 서귀포시 서홍동,중상사고,0,1,0,0,차대차 - 측면충돌,안전운전불이행,건조,맑음,교차로 - 교차로안,이륜,남,55세,중상,승용,남,55세,상해없음
2016042100100337,2016년 4월 21일 14시,목요일,제주특별자치도 제주시 화북이동,중상사고,0,1,0,0,차대차 - 측면충돌,중앙선침범,건조,맑음,단일로 - 기타,승합,남,43세,상해없음,이륜,남,37세,중상
2016042100100366,2016년 4월 21일 15시,목요일,제주특별자치도 제주시 한림읍,중상사고,0,1,1,0,차대차 - 기타,안전운전불이행,건조,맑음,교차로 - 교차로부근,승용,남,63세,중상,승용,남,73세,경상
2016042100100367,2016년 4월 21일 15시,목요일,제주특별자치도 제주시 애월읍,경상사고,0,0,1,0,차대차 - 측면충돌,직진우회전진행방해,건조,맑음,교차로 - 교차로안,화물,남,52세,상해없음,화물,남,49세,경상
2016042100100398,2016년 4월 21일 16시,목요일,제주특별자치도 제주시 용담일동,경상사고,0,0,1,0,차대사람 - 횡단중,안전운전불이행,건조,흐림,교차로 - 교차로부근,기타불명,기타불명,기타불명,기타불명,보행자,여,11세,경상
2016042100100485,2016년 4월 21일 19시,목요일,제주특별자치도 제주시 이도이동,경상사고,0,0,1,0,차대차 - 추돌,안전운전불이행,습기,비,단일로 - 기타,승용,남,57세,상해없음,승용,남,56세,경상
2016042100100549,2016년 4월 21일 21시,목요일,제주특별자치도 제주시 아라일동,경상사고,0,0,1,0,차대차 - 측면직각충돌,교차로운행방법위반,습기,흐림,교차로 - 교차로안,기타불명,기타불명,기타불명,기타불명,승용,여,48세,경상
2016042100100550,2016년 4월 21일 21시,목요일,제주특별자치도 서귀포시 서귀동,부상신고사고,0,0,0,1,차대차 - 기타,직진우회전진행방해,건조,맑음,교차로 - 교차로안,이륜,남,18세,부상신고,승용,남,51세,상해없음
2016042200100152,2016년 4월 22일 08시,금요일,제주특별자치도 서귀포시 안덕면,경상사고,0,0,3,0,차대차 - 기타,안전운전불이행,건조,맑음,단일로 - 기타,승용,여,33세,상해없음,승용,남,32세,상해없음
2016042200100214,2016년 4월 22일 10시,금요일,제주특별자치도 제주시 이호일동,중상사고,0,1,0,0,차대차 - 기타,안전운전불이행,건조,맑음,단일로 - 기타,승용,남,39세,상해없음,자전거,남,36세,중상
2016042200100215,2016년 4월 22일 10시,금요일,제주특별자치도 제주시 노형동,부상신고사고,0,0,0,1,차대차 - 추돌,안전거리미확보,건조,맑음,교차로 - 교차로부근,건설기계,남,49세,상해없음,승용,여,35세,부상신고
2016042200100239,2016년 4월 22일 11시,금요일,제주특별자치도 서귀포시 대포동,경상사고,0,0,2,0,차대차 - 측면직각충돌,직진우회전진행방해,건조,맑음,교차로 - 교차로안,화물,남,58세,상해없음,승용,여,45세,경상
2016042200100296,2016년 4월 22일 13시,금요일,제주특별자치도 제주시 노형동,중상사고,0,1,1,0,차대차 - 추돌,신호위반,건조,맑음,교차로 - 교차로안,이륜,여,61세,중상,승용,남,66세,경상
2016042200100324,2016년 4월 22일 14시,금요일,제주특별자치도 서귀포시 안덕면,중상사고,0,1,0,0,차량단독 - 기타,기타,건조,맑음,단일로 - 기타,승합,남,44세,상해없음,,,,
2016042200100459,2016년 4월 22일 17시,금요일,제주특별자치도 서귀포시 서귀동,중상사고,0,1,0,0,차대사람 - 기타,안전운전불이행,건조,맑음,단일로 - 기타,승용,여,51세,상해없음,보행자,여,71세,중상
2016042200100501,2016년 4월 22일 18시,금요일,제주특별자치도 서귀포시 대정읍,경상사고,0,0,2,0,차대차 - 측면직각충돌,직진우회전진행방해,건조,맑음,교차로 - 교차로안,승용,남,54세,상해없음,승용,남,48세,상해없음
2016042200100581,2016년 4월 22일 20시,금요일,제주특별자치도 제주시 노형동,부상신고사고,0,0,0,1,차대사람 - 횡단중,안전운전불이행,건조,맑음,교차로 - 교차로안,승용,남,66세,상해없음,보행자,남,21세,부상신고
2016042300100017,2016년 4월 23일 00시,토요일,제주특별자치도 서귀포시 서귀동,중상사고,0,1,0,0,차대차 - 측면충돌,신호위반,건조,맑음,교차로 - 교차로안,승용,남,18세,기타불명,승용,여,22세,중상
2016042300100041,2016년 4월 23일 01시,토요일,제주특별자치도 제주시 애월읍,경상사고,0,0,3,0,차대차 - 측면직각충돌,교차로운행방법위반,건조,맑음,교차로 - 교차로안,승용,남,30세,경상,승용,남,48세,경상
2016042300100103,2016년 4월 23일 05시,토요일,제주특별자치도 서귀포시 표선면,사망사고,1,0,0,0,차량단독 - 공작물충돌,안전운전불이행,건조,맑음,단일로 - 기타,승용,남,50세,사망,,,,
2016042300100121,2016년 4월 23일 06시,토요일,제주특별자치도 제주시 한림읍,중상사고,0,1,0,0,차대차 - 기타,안전거리미확보,건조,흐림,단일로 - 기타,이륜,여,71세,중상,승용,여,43세,상해없음
2016042300100137,2016년 4월 23일 07시,토요일,제주특별자치도 제주시 우도면,경상사고,0,0,1,0,차대차 - 정면충돌,안전운전불이행,습기,흐림,교차로 - 교차로부근,이륜,남,42세,경상,화물,남,66세,상해없음
2016042300100395,2016년 4월 23일 15시,토요일,제주특별자치도 제주시 이도이동,경상사고,0,0,1,0,차대사람 - 횡단중,신호위반,건조,맑음,단일로 - 횡단보도상,원동기,남,17세,상해없음,보행자,여,54세,경상
2016042300100532,2016년 4월 23일 19시,토요일,제주특별자치도 서귀포시 서귀동,중상사고,0,1,0,0,차대차 - 측면직각충돌,직진우회전진행방해,습기,비,교차로 - 교차로안,승용,남,56세,상해없음,승용,남,40세,중상
2016042300100574,2016년 4월 23일 20시,토요일,제주특별자치도 제주시 삼도이동,경상사고,0,0,1,0,차대차 - 정면충돌,안전운전불이행,건조,맑음,단일로 - 기타,승용,남,47세,상해없음,이륜,남,24세,경상
2016042400100052,2016년 4월 24일 02시,일요일,제주특별자치도 제주시 연동,경상사고,0,0,1,0,차대차 - 측면직각충돌,교차로운행방법위반,건조,맑음,교차로 - 교차로안,승합,여,29세,상해없음,승용,남,32세,경상
2016042400100113,2016년 4월 24일 07시,일요일,제주특별자치도 서귀포시 남원읍,경상사고,0,0,1,1,차대차 - 기타,안전운전불이행,기타,기타,교차로 - 교차로안,승용,남,59세,기타불명,승용,여,27세,부상신고
2016042400100210,2016년 4월 24일 12시,일요일,제주특별자치도 서귀포시 안덕면,중상사고,0,1,0,0,차량단독 - 기타,안전운전불이행,건조,맑음,단일로 - 기타,이륜,남,65세,중상,,,,
2016042400100276,2016년 4월 24일 14시,일요일,제주특별자치도 서귀포시 동홍동,중상사고,0,1,0,0,차대사람 - 횡단중,보행자보호의무위반,건조,맑음,교차로 - 교차로부근,승용,남,37세,상해없음,보행자,남,77세,중상
2016042400100349,2016년 4월 24일 16시,일요일,제주특별자치도 서귀포시 색달동,경상사고,0,0,2,0,차대차 - 기타,교차로운행방법위반,건조,맑음,교차로 - 교차로안,승용,남,33세,상해없음,원동기,남,18세,상해없음
2016042400100382,2016년 4월 24일 17시,일요일,제주특별자치도 제주시 화북일동,경상사고,0,0,1,0,차대차 - 정면충돌,중앙선침범,건조,맑음,단일로 - 기타,승용,남,45세,상해없음,이륜,남,45세,경상
2016042400100529,2016년 4월 24일 22시,일요일,제주특별자치도 제주시 노형동,경상사고,0,0,1,0,차대사람 - 차도통행중,안전운전불이행,건조,맑음,교차로 - 교차로부근,승합,남,27세,상해없음,보행자,남,52세,경상
2016042500100037,2016년 4월 25일 03시,월요일,제주특별자치도 서귀포시 색달동,경상사고,0,0,1,0,차대차 - 기타,신호위반,건조,맑음,교차로 - 교차로안,승용,남,23세,상해없음,승용,남,58세,경상
2016042500100088,2016년 4월 25일 07시,월요일,제주특별자치도 제주시 한림읍,경상사고,0,0,1,0,차대차 - 측면직각충돌,안전운전불이행,건조,맑음,교차로 - 교차로안,화물,남,68세,경상,건설기계,남,31세,상해없음
2016042500100131,2016년 4월 25일 08시,월요일,제주특별자치도 제주시 연동,경상사고,0,0,1,0,차대차 - 기타,신호위반,건조,맑음,교차로 - 교차로안,승용,남,30세,상해없음,승용,남,25세,경상
2016042500100164,2016년 4월 25일 09시,월요일,제주특별자치도 제주시 조천읍,경상사고,0,0,1,0,차대차 - 측면충돌,중앙선침범,기타,맑음,단일로 - 기타,승합,남,44세,상해없음,화물,남,53세,경상
2016042500100277,2016년 4월 25일 12시,월요일,제주특별자치도 서귀포시 서귀동,중상사고,0,1,0,0,차대사람 - 길가장자리구역통행중,안전운전불이행,건조,맑음,단일로 - 기타,승용,여,51세,상해없음,보행자,여,41세,중상
2016042500100312,2016년 4월 25일 13시,월요일,제주특별자치도 서귀포시 서홍동,중상사고,0,1,3,0,차대차 - 기타,안전거리미확보,건조,맑음,단일로 - 기타,화물,남,54세,기타불명,승용,남,34세,경상
2016042500100354,2016년 4월 25일 14시,월요일,제주특별자치도 서귀포시 서귀동,부상신고사고,0,0,0,1,차대차 - 기타,안전운전불이행,건조,맑음,교차로 - 교차로안,이륜,남,42세,부상신고,승용,남,63세,상해없음
2016042500100468,2016년 4월 25일 17시,월요일,제주특별자치도 제주시 삼양이동,중상사고,0,1,0,0,차대차 - 기타,안전운전불이행,건조,흐림,단일로 - 기타,자전거,남,7세,중상,승용,남,22세,상해없음
2016042500100510,2016년 4월 25일 18시,월요일,제주특별자치도 제주시 우도면,경상사고,0,0,1,0,차대차 - 추돌,안전운전불이행,건조,맑음,단일로 - 기타,원동기,여,27세,경상,농기계,남,73세,상해없음
2016042500100511,2016년 4월 25일 18시,월요일,제주특별자치도 제주시 노형동,경상사고,0,0,2,0,차대차 - 측면직각충돌,차로위반,건조,맑음,단일로 - 기타,승용,남,36세,상해없음,승용,여,45세,경상
2016042600100084,2016년 4월 26일 07시,화요일,제주특별자치도 제주시 조천읍,경상사고,0,0,1,0,차대차 - 추돌,안전거리미확보,건조,맑음,단일로 - 기타,화물,남,70세,상해없음,승용,여,70세,경상
2016042600100085,2016년 4월 26일 07시,화요일,제주특별자치도 제주시 화북일동,경상사고,0,0,1,0,차대차 - 추돌,차로위반,기타,맑음,단일로 - 기타,승용,남,53세,경상,승합,남,33세,상해없음
2016042600100123,2016년 4월 26일 08시,화요일,제주특별자치도 제주시 아라일동,경상사고,0,0,1,0,차대차 - 측면충돌,교차로운행방법위반,기타,맑음,교차로 - 교차로안,승용,남,71세,상해없음,승용,여,49세,상해없음
2016042600100124,2016년 4월 26일 08시,화요일,제주특별자치도 서귀포시 법환동,중상사고,0,1,1,0,차대차 - 기타,직진우회전진행방해,건조,맑음,교차로 - 교차로안,승용,남,46세,상해없음,승용,남,54세,경상
2016042600100125,2016년 4월 26일 08시,화요일,제주특별자치도 서귀포시 서귀동,경상사고,0,0,1,0,차대차 - 측면충돌,직진우회전진행방해,건조,맑음,교차로 - 교차로안,승용,남,47세,상해없음,승용,남,57세,경상
2016042600100210,2016년 4월 26일 10시,화요일,제주특별자치도 제주시 봉개동,경상사고,0,0,1,0,차대차 - 추돌,안전거리미확보,건조,맑음,단일로 - 기타,화물,남,51세,상해없음,화물,남,38세,경상
2016042600100247,2016년 4월 26일 11시,화요일,제주특별자치도 서귀포시 서귀동,경상사고,0,0,3,0,차대사람 - 횡단중,보행자보호의무위반,습기,비,단일로 - 기타,승합,남,70세,상해없음,보행자,남,19세,경상
2016042600100281,2016년 4월 26일 12시,화요일,제주특별자치도 서귀포시 대정읍,중상사고,0,2,0,0,차대차 - 측면직각충돌,직진우회전진행방해,건조,맑음,교차로 - 교차로안,원동기,남,85세,중상,화물,남,26세,상해없음
2016042600100282,2016년 4월 26일 12시,화요일,제주특별자치도 서귀포시 남원읍,중상사고,0,1,0,0,차대차 - 기타,중앙선침범,건조,맑음,단일로 - 기타,승용,여,27세,상해없음,승용,남,51세,중상
2016042600100367,2016년 4월 26일 14시,화요일,제주특별자치도 제주시 용담이동,경상사고,0,0,1,0,차대차 - 측면충돌,직진우회전진행방해,건조,맑음,교차로 - 교차로안,승용,여,31세,상해없음,화물,남,66세,상해없음
2016042600100403,2016년 4월 26일 15시,화요일,제주특별자치도 제주시 이호이동,경상사고,0,0,1,0,차량단독 - 전도전복,안전운전불이행,건조,맑음,단일로 - 기타,농기계,남,86세,경상,,,,
2016042600100446,2016년 4월 26일 16시,화요일,제주특별자치도 서귀포시 토평동,중상사고,0,2,0,0,차대차 - 기타,안전거리미확보,습기,비,단일로 - 기타,승용,남,61세,상해없음,원동기,남,69세,중상
2016042600100447,2016년 4월 26일 16시,화요일,제주특별자치도 제주시 애월읍,경상사고,0,0,3,1,차대차 - 측면충돌,안전운전불이행,건조,맑음,교차로 - 교차로부근,화물,남,25세,상해없음,승용,여,49세,부상신고
2016042600100476,2016년 4월 26일 17시,화요일,제주특별자치도 제주시 화북이동,경상사고,0,0,1,0,차대차 - 정면충돌,신호위반,건조,흐림,교차로 - 교차로안,승용,여,44세,상해없음,이륜,여,50세,경상
2016042600100477,2016년 4월 26일 17시,화요일,제주특별자치도 서귀포시 남원읍,부상신고사고,0,0,0,1,차대차 - 기타,안전운전불이행,습기,비,기타 - 기타,자전거,여,65세,부상신고,승용,여,56세,상해없음
2016042600100516,2016년 4월 26일 18시,화요일,제주특별자치도 제주시 용담일동,경상사고,0,0,1,0,차대차 - 측면충돌,교차로운행방법위반,건조,맑음,교차로 - 교차로안,승용,여,50세,상해없음,승용,남,24세,경상
2016042600100517,2016년 4월 26일 18시,화요일,제주특별자치도 서귀포시 토평동,중상사고,0,1,0,0,차대차 - 측면직각충돌,신호위반,습기,비,교차로 - 교차로안,승용,남,49세,상해없음,화물,남,61세,중상
2016042600100555,2016년 4월 26일 19시,화요일,제주특별자치도 제주시 한림읍,경상사고,0,0,1,2,차대차 - 측면충돌,직진우회전진행방해,습기,비,교차로 - 교차로안,승용,남,23세,부상신고,승용,여,54세,경상
2016042700100062,2016년 4월 27일 05시,수요일,제주특별자치도 제주시 이호이동,중상사고,0,2,0,2,차대차 - 측면충돌,신호위반,습기,비,교차로 - 교차로안,승용,남,72세,상해없음,화물,남,63세,중상
2016042700100099,2016년 4월 27일 07시,수요일,제주특별자치도 제주시 오라이동,경상사고,0,0,4,0,차대차 - 정면충돌,중앙선침범,습기,비,단일로 - 기타,승용,여,23세,경상,화물,남,41세,경상
2016042700100100,2016년 4월 27일 07시,수요일,제주특별자치도 제주시 조천읍,경상사고,0,0,1,0,차대차 - 측면충돌,신호위반,습기,흐림,교차로 - 교차로안,화물,남,73세,상해없음,화물,남,74세,경상
2016042700100101,2016년 4월 27일 07시,수요일,제주특별자치도 제주시 건입동,경상사고,0,0,1,0,차대차 - 추돌,안전운전불이행,건조,맑음,단일로 - 횡단보도부근,승용,남,55세,상해없음,승용,여,45세,경상
2016042700100102,2016년 4월 27일 07시,수요일,제주특별자치도 제주시 애월읍,중상사고,0,2,0,0,차대차 - 측면직각충돌,교차로운행방법위반,건조,맑음,교차로 - 교차로안,승합,남,48세,상해없음,승용,남,56세,중상
2016042700100140,2016년 4월 27일 08시,수요일,제주특별자치도 제주시 삼도이동,중상사고,0,1,0,0,차대사람 - 횡단중,보행자보호의무위반,건조,맑음,단일로 - 기타,승합,남,46세,상해없음,보행자,여,14세,중상
2016042700100244,2016년 4월 27일 11시,수요일,제주특별자치도 제주시 용담이동,경상사고,0,0,1,0,차대사람 - 기타,안전운전불이행,기타,기타,기타 - 기타,기타불명,기타불명,기타불명,기타불명,보행자,여,79세,경상
2016042700100343,2016년 4월 27일 14시,수요일,제주특별자치도 서귀포시 성산읍,경상사고,0,0,1,12,차대차 - 기타,안전거리미확보,습기,비,단일로 - 기타,승용,남,48세,부상신고,화물,남,41세,상해없음
2016042700100379,2016년 4월 27일 15시,수요일,제주특별자치도 서귀포시 토평동,경상사고,0,0,2,0,차대차 - 기타,안전거리미확보,건조,맑음,교차로 - 교차로부근,화물,남,54세,상해없음,승용,남,34세,상해없음
2016042700100455,2016년 4월 27일 17시,수요일,제주특별자치도 제주시 용담일동,경상사고,0,0,1,0,차대사람 - 횡단중,안전운전불이행,건조,맑음,단일로 - 기타,승용,남,67세,상해없음,보행자,남,10세,경상
2016042700100485,2016년 4월 27일 18시,수요일,제주특별자치도 서귀포시 서귀동,경상사고,0,0,1,0,차대사람 - 횡단중,보행자보호의무위반,습기,비,교차로 - 교차로안,승용,여,41세,상해없음,보행자,여,52세,경상
2016042700100577,2016년 4월 27일 20시,수요일,제주특별자치도 제주시 화북일동,경상사고,0,0,2,0,차대차 - 측면직각충돌,직진우회전진행방해,습기,비,교차로 - 교차로안,승용,남,31세,경상,승용,여,25세,경상
2016042700100578,2016년 4월 27일 20시,수요일,제주특별자치도 서귀포시 표선면,경상사고,0,0,2,0,차대차 - 기타,안전운전불이행,습기,비,교차로 - 교차로안,승용,남,45세,상해없음,승용,남,44세,경상
2016042700100614,2016년 4월 27일 21시,수요일,제주특별자치도 서귀포시 성산읍,부상신고사고,0,0,0,1,차대차 - 기타,안전운전불이행,습기,비,단일로 - 기타,이륜,남,54세,부상신고,승용,남,25세,기타불명
2016042700100657,2016년 4월 27일 22시,수요일,제주특별자치도 제주시 이도일동,경상사고,0,0,1,0,차대사람 - 횡단중,신호위반,건조,맑음,교차로 - 교차로부근,승용,남,52세,상해없음,보행자,남,51세,경상
2016042800100052,2016년 4월 28일 02시,목요일,제주특별자치도 제주시 이호일동,경상사고,0,0,1,0,차량단독 - 전도전복,안전운전불이행,건조,맑음,단일로 - 기타,승용,남,46세,경상,,,,
2016042800100074,2016년 4월 28일 04시,목요일,제주특별자치도 제주시 연동,중상사고,0,1,0,0,차대사람 - 기타,안전운전불이행,습기,비,단일로 - 기타,승용,남,26세,상해없음,보행자,남,30세,중상
2016042800100083,2016년 4월 28일 05시,목요일,제주특별자치도 제주시 연동,중상사고,0,1,0,0,차대사람 - 횡단중,안전운전불이행,습기,비,단일로 - 기타,승용,남,22세,상해없음,보행자,여,74세,중상
2016042800100147,2016년 4월 28일 08시,목요일,제주특별자치도 서귀포시 남원읍,중상사고,0,1,0,0,차대차 - 기타,직진우회전진행방해,건조,맑음,교차로 - 교차로안,승용,여,40세,상해없음,자전거,남,47세,중상
2016042800100184,2016년 4월 28일 09시,목요일,제주특별자치도 서귀포시 색달동,중상사고,0,1,0,0,차대차 - 기타,신호위반,건조,맑음,교차로 - 교차로안,승용,여,37세,상해없음,원동기,남,79세,중상
2016042800100214,2016년 4월 28일 10시,목요일,제주특별자치도 제주시 삼양이동,경상사고,0,0,2,0,차대차 - 추돌,안전운전불이행,습기,비,교차로 - 교차로부근,화물,남,41세,상해없음,승용,여,46세,경상
2016042800100252,2016년 4월 28일 11시,목요일,제주특별자치도 서귀포시 안덕면,중상사고,0,2,0,0,차대차 - 기타,교차로운행방법위반,건조,맑음,교차로 - 교차로부근,승용,남,67세,상해없음,승용,남,33세,중상
2016042800100253,2016년 4월 28일 11시,목요일,제주특별자치도 서귀포시 강정동,중상사고,0,1,0,0,차대차 - 추돌,안전거리미확보,습기,비,단일로 - 기타,승합,남,44세,상해없음,화물,남,57세,중상
2016042800100310,2016년 4월 28일 13시,목요일,제주특별자치도 서귀포시 성산읍,중상사고,0,1,1,0,차대차 - 기타,안전운전불이행,건조,맑음,단일로 - 기타,화물,남,37세,경상,승용,여,58세,중상
2016042800100538,2016년 4월 28일 19시,목요일,제주특별자치도 제주시 도남동,중상사고,0,1,0,0,차대차 - 추돌,안전거리미확보,기타,맑음,단일로 - 기타,승용,여,45세,상해없음,승합,남,33세,상해없음
2016042800100539,2016년 4월 28일 19시,목요일,제주특별자치도 제주시 용담이동,부상신고사고,0,0,0,1,차대차 - 측면충돌,안전운전불이행,건조,맑음,단일로 - 기타,원동기,남,26세,부상신고,승용,남,44세,상해없음
2016042900100013,2016년 4월 29일 00시,금요일,제주특별자치도 제주시 건입동,중상사고,0,1,5,0,차대차 - 추돌,안전거리미확보,건조,맑음,단일로 - 기타,승용,여,58세,경상,승용,남,62세,경상
2016042900100056,2016년 4월 29일 03시,금요일,제주특별자치도 서귀포시 서홍동,중상사고,0,1,0,1,차대차 - 기타,안전운전불이행,건조,맑음,단일로 - 기타,승용,여,46세,부상신고,승용,남,54세,중상
2016042900100147,2016년 4월 29일 08시,금요일,제주특별자치도 제주시 노형동,경상사고,0,0,1,0,차대차 - 추돌,안전거리미확보,건조,맑음,단일로 - 기타,승합,남,48세,상해없음,승용,남,47세,경상
2016042900100175,2016년 4월 29일 09시,금요일,제주특별자치도 제주시 애월읍,경상사고,0,0,1,0,차대차 - 기타,안전운전불이행,건조,맑음,교차로 - 교차로부근,건설기계,남,41세,경상,건설기계,남,63세,상해없음
2016042900100307,2016년 4월 29일 13시,금요일,제주특별자치도 제주시 노형동,경상사고,0,0,1,0,차대차 - 기타,직진우회전진행방해,건조,맑음,교차로 - 교차로안,화물,남,64세,상해없음,원동기,여,20세,경상