사고번호,사고일시,요일,시군구,사고내용,사망자수,중상자수,경상자수,부상신고자수,사고유형,법규위반,노면상태,기상상태,도로형태,가해운전자 차종,가해운전자 성별,가해운전자 연령,가해운전자 상해정도,피해운전자 차종,피해운전자 성별,피해운전자 연령,피해운전자 상해정도
2016042900100374,2016년 4월 29일 15시,금요일,제주특별자치도 제주시 건입동,경상사고,0,0,1,0,차대차 - 측면직각충돌,직진우회전진행방해,건조,맑음,교차로 - 교차로안,승용,남,58세,기타불명,승용,남,24세,경상
2016042900100375,2016년 4월 29일 15시,금요일,제주특별자치도 제주시 용담이동,경상사고,0,0,1,0,차대차 - 추돌,안전운전불이행,건조,맑음,단일로 - 기타,승합,남,58세,상해없음,승용,여,58세,경상
2016042900100415,2016년 4월 29일 16시,금요일,제주특별자치도 제주시 이도이동,경상사고,0,0,1,0,차대차 - 정면충돌,중앙선침범,건조,맑음,교차로 - 교차로부근,승용,여,56세,상해없음,이륜,남,32세,경상
2016042900100464,2016년 4월 29일 17시,금요일,제주특별자치도 제주시 오라이동,중상사고,0,1,1,0,차대차 - 기타,안전운전불이행,건조,맑음,단일로 - 기타,화물,남,31세,상해없음,화물,남,49세,상해없음
2016042900100465,2016년 4월 29일 17시,금요일,제주특별자치도 제주시 도남동,경상사고,0,0,1,0,차대차 - 추돌,안전운전불이행,건조,맑음,교차로 - 교차로부근,화물,남,73세,상해없음,승용,남,36세,경상
2016042900100466,2016년 4월 29일 17시,금요일,제주특별자치도 서귀포시 서귀동,사망사고,1,0,0,0,차대사람 - 기타,안전운전불이행,건조,맑음,교차로 - 교차로안,승합,남,42세,상해없음,보행자,남,4세,사망
2016042900100499,2016년 4월 29일 18시,금요일,제주특별자치도 제주시 삼양이동,경상사고,0,0,1,0,차량단독 - 기타,안전운전불이행,건조,맑음,단일로 - 기타,승합,남,51세,상해없음,,,,
2016042900100547,2016년 4월 29일 19시,금요일,제주특별자치도 서귀포시 하원동,중상사고,0,1,0,1,차량단독 - 기타,안전운전불이행,건조,맑음,단일로 - 기타,승용,남,45세,부상신고,,,,
2016042900100614,2016년 4월 29일 21시,금요일,제주특별자치도 서귀포시 성산읍,부상신고사고,0,0,0,1,차대차 - 추돌,안전운전불이행,건조,맑음,교차로 - 교차로부근,승용,남,48세,부상신고,화물,남,65세,상해없음
2016043000100080,2016년 4월 30일 03시,토요일,제주특별자치도 서귀포시 하원동,중상사고,0,1,0,0,차량단독 - 공작물충돌,안전운전불이행,건조,맑음,단일로 - 기타,화물,남,56세,중상,,,,
2016043000100121,2016년 4월 30일 06시,토요일,제주특별자치도 제주시 애월읍,중상사고,0,1,2,0,차대차 - 측면충돌,안전운전불이행,건조,맑음,교차로 - 교차로안,화물,남,64세,상해없음,승용,남,52세,경상
2016043000100184,2016년 4월 30일 09시,토요일,제주특별자치도 서귀포시 서귀동,부상신고사고,0,0,0,3,차대차 - 기타,안전운전불이행,건조,맑음,교차로 - 교차로안,승용,여,39세,상해없음,승용,여,43세,부상신고
2016043000100219,2016년 4월 30일 10시,토요일,제주특별자치도 제주시 한림읍,중상사고,0,1,0,0,차대사람 - 횡단중,안전운전불이행,건조,맑음,교차로 - 교차로안,화물,여,54세,상해없음,보행자,여,80세,중상
2016043000100256,2016년 4월 30일 11시,토요일,제주특별자치도 제주시 오라일동,중상사고,0,1,0,0,차대사람 - 기타,안전운전불이행,건조,맑음,단일로 - 기타,승용,여,63세,상해없음,보행자,여,61세,중상
2016043000100287,2016년 4월 30일 12시,토요일,제주특별자치도 제주시 노형동,경상사고,0,0,1,0,차대차 - 추돌,안전거리미확보,건조,맑음,단일로 - 기타,원동기,남,20세,경상,승용,남,64세,상해없음
2016043000100288,2016년 4월 30일 12시,토요일,제주특별자치도 제주시 용담삼동,경상사고,0,0,1,0,차대차 - 기타,안전운전불이행,건조,맑음,단일로 - 기타,승용,남,57세,기타불명,승용,남,34세,경상
2016043000100327,2016년 4월 30일 13시,토요일,제주특별자치도 제주시 이도이동,부상신고사고,0,0,0,1,차대사람 - 길가장자리구역통행중,안전운전불이행,건조,맑음,단일로 - 기타,기타불명,기타불명,기타불명,기타불명,보행자,남,16세,부상신고
2016043000100328,2016년 4월 30일 13시,토요일,제주특별자치도 제주시 일도이동,중상사고,0,1,0,0,차대사람 - 횡단중,안전운전불이행,기타,맑음,단일로 - 기타,승용,남,42세,상해없음,보행자,여,7세,중상
2016043000100367,2016년 4월 30일 14시,토요일,제주특별자치도 제주시 구좌읍,경상사고,0,0,3,0,차대차 - 정면충돌,신호위반,건조,맑음,교차로 - 교차로안,승용,남,39세,상해없음,승용,남,23세,경상
2016043000100368,2016년 4월 30일 14시,토요일,제주특별자치도 제주시 노형동,중상사고,0,1,0,0,차대사람 - 횡단중,안전운전불이행,건조,맑음,교차로 - 교차로부근,승용,여,28세,상해없음,보행자,남,6세,중상
2016043000100443,2016년 4월 30일 16시,토요일,제주특별자치도 서귀포시 성산읍,중상사고,0,1,0,0,차대차 - 기타,안전거리미확보,건조,맑음,단일로 - 기타,승용,남,59세,상해없음,이륜,남,19세,중상
2016043000100487,2016년 4월 30일 17시,토요일,제주특별자치도 제주시 삼양일동,중상사고,0,2,0,0,차대차 - 추돌,안전거리미확보,건조,맑음,단일로 - 기타,승용,남,49세,상해없음,승용,남,57세,중상
2016043000100488,2016년 4월 30일 17시,토요일,제주특별자치도 제주시 연동,경상사고,0,0,1,0,차대사람 - 횡단중,보행자보호의무위반,건조,맑음,단일로 - 기타,승용,남,26세,상해없음,보행자,여,24세,경상
2016043000100489,2016년 4월 30일 17시,토요일,제주특별자치도 제주시 애월읍,중상사고,0,1,1,2,차량단독 - 공작물충돌,안전운전불이행,건조,맑음,단일로 - 기타,승용,여,46세,경상,,,,
2016043000100523,2016년 4월 30일 18시,토요일,제주특별자치도 제주시 삼도일동,경상사고,0,0,1,0,차대차 - 측면직각충돌,교차로운행방법위반,건조,맑음,교차로 - 교차로안,승용,여,48세,상해없음,승용,여,55세,상해없음
2016043000100625,2016년 4월 30일 21시,토요일,제주특별자치도 제주시 구좌읍,경상사고,0,0,1,0,차대차 - 정면충돌,안전운전불이행,기타,맑음,단일로 - 기타,승용,남,52세,경상,화물,남,60세,상해없음
2016050100100036,2016년 5월 1일 01시,일요일,제주특별자치도 제주시 연동,경상사고,0,0,1,0,차대차 - 측면직각충돌,교차로운행방법위반,건조,맑음,교차로 - 교차로안,승용,남,48세,상해없음,이륜,남,54세,경상
2016050100100037,2016년 5월 1일 01시,일요일,제주특별자치도 제주시 애월읍,경상사고,0,0,1,2,차대차 - 정면충돌,중앙선침범,건조,맑음,단일로 - 기타,승용,남,29세,상해없음,승용,남,59세,경상
2016050100100162,2016년 5월 1일 10시,일요일,제주특별자치도 제주시 오라이동,경상사고,0,0,1,0,차대차 - 측면충돌,안전운전불이행,건조,맑음,단일로 - 기타,승용,여,44세,상해없음,이륜,남,66세,경상
2016050100100163,2016년 5월 1일 10시,일요일,제주특별자치도 제주시 구좌읍,중상사고,0,1,0,0,차대차 - 측면직각충돌,직진우회전진행방해,건조,맑음,교차로 - 교차로안,원동기,여,68세,중상,승용,남,48세,상해없음
2016050100100212,2016년 5월 1일 12시,일요일,제주특별자치도 제주시 건입동,중상사고,0,1,0,0,차대차 - 정면충돌,차로위반,건조,맑음,단일로 - 기타,이륜,남,72세,중상,승용,여,27세,상해없음
2016050100100327,2016년 5월 1일 15시,일요일,제주특별자치도 서귀포시 성산읍,경상사고,0,0,2,0,차대차 - 기타,직진우회전진행방해,건조,맑음,교차로 - 교차로안,승합,남,48세,상해없음,승용,남,29세,경상
2016050100100432,2016년 5월 1일 18시,일요일,제주특별자치도 서귀포시 대정읍,경상사고,0,0,1,0,차량단독 - 전도전복,안전운전불이행,건조,맑음,단일로 - 기타,승합,남,59세,경상,,,,
2016050200100010,2016년 5월 2일 01시,월요일,제주특별자치도 제주시 용담일동,중상사고,0,1,0,0,차대사람 - 차도통행중,안전운전불이행,건조,맑음,교차로 - 교차로부근,원동기,여,41세,상해없음,보행자,남,57세,중상
2016050200100187,2016년 5월 2일 10시,월요일,제주특별자치도 제주시 애월읍,경상사고,0,0,1,0,차대차 - 측면충돌,안전운전불이행,건조,맑음,단일로 - 기타,원동기,남,19세,경상,승용,남,79세,상해없음
2016050200100213,2016년 5월 2일 11시,월요일,제주특별자치도 제주시 노형동,경상사고,0,0,1,0,차대차 - 측면충돌,안전운전불이행,기타,흐림,교차로 - 교차로부근,승용,남,27세,상해없음,승용,남,44세,경상
2016050200100214,2016년 5월 2일 11시,월요일,제주특별자치도 제주시 애월읍,경상사고,0,0,1,0,차대차 - 기타,직진우회전진행방해,건조,맑음,교차로 - 교차로안,승용,여,53세,상해없음,승용,남,22세,경상
2016050200100236,2016년 5월 2일 12시,월요일,제주특별자치도 서귀포시 성산읍,중상사고,0,1,1,0,차대차 - 기타,안전거리미확보,건조,맑음,단일로 - 기타,승합,남,47세,경상,승용,여,52세,중상
2016050200100273,2016년 5월 2일 13시,월요일,제주특별자치도 서귀포시 성산읍,부상신고사고,0,0,0,1,차대차 - 기타,안전거리미확보,습기,비,단일로 - 기타,이륜,여,56세,부상신고,농기계,남,80세,상해없음
2016050200100274,2016년 5월 2일 13시,월요일,제주특별자치도 제주시 노형동,경상사고,0,0,1,0,차대차 - 기타,안전거리미확보,건조,맑음,단일로 - 기타,승용,여,55세,경상,승용,남,40세,상해없음
2016050200100409,2016년 5월 2일 16시,월요일,제주특별자치도 제주시 한림읍,중상사고,0,1,0,0,차대차 - 측면충돌,교차로운행방법위반,건조,맑음,교차로 - 교차로안,승용,남,82세,상해없음,승용,남,61세,중상
2016050200100504,2016년 5월 2일 18시,월요일,제주특별자치도 제주시 애월읍,중상사고,0,1,0,0,차대차 - 추돌,안전운전불이행,건조,맑음,교차로 - 교차로안,승용,여,23세,상해없음,승용,남,44세,중상
2016050200100646,2016년 5월 2일 21시,월요일,제주특별자치도 서귀포시 서귀동,경상사고,0,0,1,0,차대사람 - 횡단중,보행자보호의무위반,건조,맑음,교차로 - 교차로안,승용,남,36세,상해없음,보행자,남,55세,경상
2016050200100687,2016년 5월 2일 22시,월요일,제주특별자치도 서귀포시 중문동,부상신고사고,0,0,0,1,차량단독 - 기타,안전운전불이행,습기,비,교차로 - 교차로부근,승용,남,33세,부상신고,,,,
2016050300100078,2016년 5월 3일 03시,화요일,제주특별자치도 서귀포시 서호동,중상사고,0,1,1,1,차량단독 - 기타,안전운전불이행,습기,비,교차로 - 교차로안,화물,남,32세,부상신고,,,,
2016050300100165,2016년 5월 3일 08시,화요일,제주특별자치도 제주시 화북일동,경상사고,0,0,1,0,차대사람 - 횡단중,신호위반,건조,맑음,교차로 - 교차로안,승용,여,40세,상해없음,보행자,남,14세,경상
2016050300100166,2016년 5월 3일 08시,화요일,제주특별자치도 서귀포시 동홍동,경상사고,0,0,1,0,차대사람 - 횡단중,보행자보호의무위반,습기,비,교차로 - 교차로부근,승합,남,37세,상해없음,보행자,남,8세,경상
2016050300100167,2016년 5월 3일 08시,화요일,제주특별자치도 서귀포시 토평동,경상사고,0,0,1,0,차대차 - 기타,안전거리미확보,습기,흐림,교차로 - 교차로안,승용,남,72세,상해없음,승용,여,37세,경상
2016050300100342,2016년 5월 3일 13시,화요일,제주특별자치도 제주시 이도일동,경상사고,0,0,1,0,차대사람 - 횡단중,안전운전불이행,건조,맑음,단일로 - 기타,승용,여,30세,상해없음,보행자,남,63세,경상
2016050300100505,2016년 5월 3일 18시,화요일,제주특별자치도 제주시 조천읍,중상사고,0,1,0,0,차대차 - 측면충돌,안전운전불이행,건조,맑음,단일로 - 기타,승용,여,29세,상해없음,이륜,남,57세,중상
2016050300100544,2016년 5월 3일 19시,화요일,제주특별자치도 제주시 한경면,경상사고,0,0,1,0,차량단독 - 전도전복,안전운전불이행,건조,흐림,단일로 - 기타,승용,남,49세,경상,,,,
2016050300100709,2016년 5월 3일 23시,화요일,제주특별자치도 제주시 일도이동,중상사고,0,1,0,0,차대차 - 기타,안전운전불이행,건조,맑음,교차로 - 교차로안,승용,남,45세,상해없음,원동기,남,41세,중상
2016050400100029,2016년 5월 4일 01시,수요일,제주특별자치도 제주시 노형동,경상사고,0,0,2,0,차대차 - 측면직각충돌,직진우회전진행방해,건조,맑음,교차로 - 교차로안,승용,남,35세,상해없음,원동기,남,15세,경상
2016050400100137,2016년 5월 4일 08시,수요일,제주특별자치도 제주시 용담일동,경상사고,0,0,1,0,차대사람 - 횡단중,안전운전불이행,건조,맑음,단일로 - 횡단보도부근,승용,여,42세,상해없음,보행자,남,11세,경상
2016050400100180,2016년 5월 4일 09시,수요일,제주특별자치도 서귀포시 동홍동,경상사고,0,0,4,0,차대차 - 기타,교차로운행방법위반,건조,맑음,교차로 - 교차로안,승용,남,74세,기타불명,승용,남,27세,경상
2016050400100365,2016년 5월 4일 14시,수요일,제주특별자치도 제주시 애월읍,중상사고,0,1,0,0,차대사람 - 차도통행중,보행자보호의무위반,건조,맑음,교차로 - 교차로부근,승용,남,64세,상해없음,보행자,남,9세,중상
2016050400100423,2016년 5월 4일 15시,수요일,제주특별자치도 제주시 노형동,경상사고,0,0,1,0,차대사람 - 횡단중,안전운전불이행,건조,맑음,단일로 - 기타,건설기계,남,20세,상해없음,보행자,여,39세,경상
2016050400100464,2016년 5월 4일 16시,수요일,제주특별자치도 서귀포시 성산읍,경상사고,0,0,1,0,차대차 - 측면직각충돌,중앙선침범,건조,맑음,교차로 - 교차로부근,자전거,남,13세,경상,승용,남,71세,상해없음
2016050400100524,2016년 5월 4일 17시,수요일,제주특별자치도 제주시 일도이동,경상사고,0,0,1,0,차대차 - 측면충돌,교차로운행방법위반,건조,맑음,교차로 - 교차로안,승용,남,45세,상해없음,이륜,남,68세,경상
2016050400100525,2016년 5월 4일 17시,수요일,제주특별자치도 서귀포시 서귀동,중상사고,0,1,0,0,차대차 - 측면충돌,교차로운행방법위반,건조,맑음,교차로 - 교차로안,승용,여,51세,상해없음,이륜,남,57세,중상
2016050400100526,2016년 5월 4일 17시,수요일,제주특별자치도 서귀포시 성산읍,경상사고,0,0,4,0,차대차 - 기타,직진우회전진행방해,건조,맑음,교차로 - 교차로안,화물,남,72세,상해없음,승용,남,42세,경상
2016050400100586,2016년 5월 4일 18시,수요일,제주특별자치도 제주시 일도이동,경상사고,0,0,1,1,차대사람 - 횡단중,안전운전불이행,건조,맑음,단일로 - 기타,승용,남,47세,부상신고,보행자,여,6세,경상
2016050400100587,2016년 5월 4일 18시,수요일,제주특별자치도 제주시 아라이동,중상사고,0,1,0,0,차대사람 - 횡단중,보행자보호의무위반,건조,맑음,교차로 - 교차로부근,승용,여,52세,상해없음,보행자,여,33세,중상
2016050400100639,2016년 5월 4일 19시,수요일,제주특별자치도 제주시 이도이동,경상사고,0,0,6,0,차대차 - 추돌,안전운전불이행,건조,맑음,단일로 - 기타,승용,남,23세,상해없음,승용,여,57세,경상
2016050400100640,2016년 5월 4일 19시,수요일,제주특별자치도 제주시 애월읍,부상신고사고,0,0,0,1,차량단독 - 전도전복,안전운전불이행,건조,맑음,단일로 - 기타,화물,남,44세,부상신고,,,,
2016050400100682,2016년 5월 4일 20시,수요일,제주특별자치도 제주시 오라삼동,경상사고,0,0,1,0,차대차 - 기타,안전거리미확보,건조,맑음,단일로 - 기타,승용,남,45세,상해없음,승용,여,63세,경상
2016050400100721,2016년 5월 4일 21시,수요일,제주특별자치도 제주시 연동,경상사고,0,0,1,0,차대차 - 추돌,안전운전불이행,건조,맑음,교차로 - 교차로부근,승용,여,62세,상해없음,승용,남,53세,경상
2016050500100254,2016년 5월 5일 12시,목요일,제주특별자치도 제주시 조천읍,경상사고,0,0,2,0,차대차 - 정면충돌,신호위반,건조,맑음,교차로 - 교차로안,화물,남,33세,상해없음,화물,남,42세,경상
2016050500100286,2016년 5월 5일 13시,목요일,제주특별자치도 제주시 이도이동,사망사고,1,0,0,0,차대차 - 정면충돌,교차로운행방법위반,건조,맑음,교차로 - 교차로안,자전거,남,31세,사망,화물,남,67세,상해없음
2016050500100319,2016년 5월 5일 14시,목요일,제주특별자치도 서귀포시 안덕면,경상사고,0,0,2,0,차대차 - 추돌,안전운전불이행,건조,맑음,단일로 - 기타,승용,여,34세,경상,승용,여,37세,경상
2016050500100348,2016년 5월 5일 15시,목요일,제주특별자치도 서귀포시 동홍동,중상사고,0,1,0,0,차대차 - 측면직각충돌,직진우회전진행방해,건조,맑음,교차로 - 교차로안,승용,여,38세,상해없음,자전거,남,84세,중상
2016050500100383,2016년 5월 5일 16시,목요일,제주특별자치도 제주시 조천읍,경상사고,0,0,2,0,차대차 - 추돌,안전거리미확보,건조,맑음,단일로 - 기타,승용,남,63세,상해없음,승용,여,41세,경상
2016050500100384,2016년 5월 5일 16시,목요일,제주특별자치도 서귀포시 대정읍,중상사고,0,1,0,0,차대차 - 정면충돌,직진우회전진행방해,습기,비,교차로 - 교차로안,승용,남,70세,상해없음,농기계,남,83세,중상
2016050500100478,2016년 5월 5일 18시,목요일,제주특별자치도 서귀포시 안덕면,중상사고,0,1,2,0,차대차 - 추돌,안전운전불이행,습기,비,교차로 - 교차로안,승용,여,36세,상해없음,승용,남,50세,경상
2016050500100505,2016년 5월 5일 19시,목요일,제주특별자치도 제주시 삼도일동,경상사고,0,0,1,0,차대사람 - 횡단중,보행자보호의무위반,습기,흐림,단일로 - 횡단보도상,승용,남,30세,상해없음,보행자,남,45세,경상
2016050500100506,2016년 5월 5일 19시,목요일,제주특별자치도 제주시 용담이동,경상사고,0,0,3,0,차대차 - 추돌,안전운전불이행,건조,맑음,단일로 - 기타,승용,여,55세,상해없음,승용,남,34세,상해없음
2016050600100063,2016년 5월 6일 04시,금요일,제주특별자치도 서귀포시 성산읍,경상사고,0,0,1,0,차대차 - 정면충돌,안전운전불이행,습기,비,단일로 - 기타,승합,여,34세,경상,승합,남,34세,상해없음
2016050600100166,2016년 5월 6일 10시,금요일,제주특별자치도 제주시 애월읍,경상사고,0,0,1,0,차대차 - 추돌,기타,기타,맑음,교차로 - 교차로부근,승용,남,26세,상해없음,승용,남,73세,경상
2016050600100167,2016년 5월 6일 10시,금요일,제주특별자치도 제주시 애월읍,중상사고,0,1,0,0,차대사람 - 횡단중,안전운전불이행,건조,맑음,단일로 - 기타,화물,남,49세,상해없음,보행자,여,83세,중상
2016050600100204,2016년 5월 6일 11시,금요일,제주특별자치도 제주시 연동,경상사고,0,0,2,0,차대차 - 측면직각충돌,직진우회전진행방해,건조,맑음,교차로 - 교차로안,승용,남,69세,경상,승용,남,60세,상해없음
2016050600100240,2016년 5월 6일 12시,금요일,제주특별자치도 제주시 도두일동,경상사고,0,0,1,0,차대차 - 기타,안전운전불이행,건조,맑음,단일로 - 기타,승용,남,46세,기타불명,원동기,여,43세,경상
2016050600100309,2016년 5월 6일 14시,금요일,제주특별자치도 제주시 연동,경상사고,0,0,1,0,차대차 - 추돌,안전거리미확보,건조,맑음,단일로 - 기타,승용,남,45세,상해없음,승용,남,60세,경상
2016050600100390,2016년 5월 6일 16시,금요일,제주특별자치도 제주시 아라일동,경상사고,0,0,1,0,차대차 - 추돌,안전운전불이행,건조,맑음,교차로 - 교차로부근,승용,남,74세,상해없음,승용,남,38세,경상
2016050600100391,2016년 5월 6일 16시,금요일,제주특별자치도 서귀포시 대정읍,중상사고,0,2,0,0,차대차 - 측면직각충돌,기타,건조,맑음,교차로 - 교차로안,화물,남,51세,상해없음,이륜,남,70세,중상
2016050600100422,2016년 5월 6일 17시,금요일,제주특별자치도 제주시 삼양일동,중상사고,0,1,0,0,차대차 - 정면충돌,교차로운행방법위반,건조,맑음,교차로 - 교차로안,화물,여,23세,상해없음,이륜,여,76세,중상
2016050600100457,2016년 5월 6일 18시,금요일,제주특별자치도 제주시 노형동,경상사고,0,0,1,0,차대사람 - 횡단중,보행자보호의무위반,건조,맑음,교차로 - 교차로부근,승용,남,62세,상해없음,보행자,여,80세,경상
2016050600100491,2016년 5월 6일 19시,금요일,제주특별자치도 제주시 조천읍,중상사고,0,1,3,0,차대차 - 정면충돌,신호위반,건조,맑음,교차로 - 교차로안,승용,남,27세,경상,승용,여,28세,중상
2016050600100532,2016년 5월 6일 20시,금요일,제주특별자치도 제주시 연동,중상사고,0,1,1,0,차대사람 - 횡단중,안전운전불이행,건조,맑음,단일로 - 기타,자전거,남,63세,중상,보행자,남,34세,경상
2016050600100586,2016년 5월 6일 22시,금요일,제주특별자치도 제주시 이도이동,경상사고,0,0,4,0,차대차 - 기타,안전운전불이행,건조,흐림,단일로 - 기타,승용,남,49세,상해없음,승용,여,19세,경상
2016050600100587,2016년 5월 6일 22시,금요일,제주특별자치도 제주시 연동,경상사고,0,0,1,0,차대사람 - 횡단중,안전운전불이행,기타,비,기타 - 기타,승용,남,19세,상해없음,보행자,남,38세,경상
2016050700100063,2016년 5월 7일 03시,토요일,제주특별자치도 제주시 연동,경상사고,0,0,1,0,차대차 - 측면충돌,안전운전불이행,건조,맑음,단일로 - 기타,승용,남,57세,상해없음,승용,남,25세,상해없음
2016050700100158,2016년 5월 7일 09시,토요일,제주특별자치도 제주시 노형동,경상사고,0,0,1,0,차대사람 - 횡단중,안전운전불이행,건조,맑음,단일로 - 기타,승용,여,49세,상해없음,보행자,남,5세,경상
2016050700100212,2016년 5월 7일 11시,토요일,제주특별자치도 제주시 애월읍,중상사고,0,1,0,0,차량단독 - 공작물충돌,안전운전불이행,건조,맑음,단일로 - 기타,이륜,여,22세,중상,,,,
2016050700100296,2016년 5월 7일 13시,토요일,제주특별자치도 제주시 노형동,중상사고,0,1,0,0,차대차 - 측면직각충돌,안전운전불이행,건조,맑음,교차로 - 교차로안,자전거,여,8세,중상,승용,여,28세,상해없음
2016050700100380,2016년 5월 7일 15시,토요일,제주특별자치도 제주시 일도이동,경상사고,0,0,1,0,차대차 - 측면충돌,교차로운행방법위반,기타,맑음,교차로 - 교차로안,이륜,남,27세,경상,승용,남,33세,상해없음
2016050700100424,2016년 5월 7일 16시,토요일,제주특별자치도 서귀포시 안덕면,중상사고,0,1,1,0,차대차 - 기타,안전운전불이행,건조,맑음,단일로 - 기타,화물,남,75세,중상,승용,남,34세,상해없음
2016050700100425,2016년 5월 7일 16시,토요일,제주특별자치도 제주시 한림읍,경상사고,0,0,1,0,차량단독 - 전도전복,안전운전불이행,건조,맑음,교차로 - 교차로부근,승용,남,64세,경상,,,,
2016050700100426,2016년 5월 7일 16시,토요일,제주특별자치도 제주시 용담삼동,경상사고,0,0,1,0,차대차 - 측면충돌,직진우회전진행방해,건조,맑음,교차로 - 교차로안,승용,남,22세,상해없음,승용,남,22세,경상
2016050800100014,2016년 5월 8일 00시,일요일,제주특별자치도 제주시 이도일동,경상사고,0,0,1,0,차대사람 - 횡단중,보행자보호의무위반,건조,맑음,단일로 - 횡단보도상,승용,여,52세,상해없음,보행자,여,59세,경상
2016050800100111,2016년 5월 8일 08시,일요일,제주특별자치도 제주시 용담일동,부상신고사고,0,0,0,1,차대차 - 측면직각충돌,안전거리미확보,건조,맑음,단일로 - 기타,승용,여,24세,상해없음,승용,남,51세,부상신고
2016050800100128,2016년 5월 8일 09시,일요일,제주특별자치도 제주시 외도일동,중상사고,0,1,0,0,차대차 - 측면직각충돌,안전운전불이행,건조,맑음,교차로 - 교차로부근,승용,남,33세,상해없음,자전거,남,8세,중상
2016050800100151,2016년 5월 8일 10시,일요일,제주특별자치도 서귀포시 토평동,중상사고,0,5,0,1,차대차 - 추돌,안전운전불이행,건조,맑음,교차로 - 교차로부근,승용,여,73세,상해없음,승용,남,44세,중상
2016050800100181,2016년 5월 8일 11시,일요일,제주특별자치도 서귀포시 법환동,경상사고,0,0,2,0,차대차 - 기타,교차로운행방법위반,건조,맑음,교차로 - 교차로부근,화물,여,32세,상해없음,원동기,남,24세,경상
2016050800100209,2016년 5월 8일 12시,일요일,제주특별자치도 제주시 영평동,경상사고,0,0,2,0,차대차 - 정면충돌,안전운전불이행,건조,맑음,단일로 - 기타,원동기,남,19세,경상,승용,남,47세,상해없음
2016050800100210,2016년 5월 8일 12시,일요일,제주특별자치도 제주시 구좌읍,중상사고,0,1,0,0,차량단독 - 전도전복,안전운전불이행,기타,맑음,단일로 - 기타,이륜,남,32세,상해없음,,,,
2016050800100300,2016년 5월 8일 14시,일요일,제주특별자치도 제주시 조천읍,경상사고,0,0,4,1,차대차 - 정면충돌,안전거리미확보,건조,맑음,단일로 - 기타,승용,여,43세,상해없음,승용,남,21세,상해없음
2016050800100369,2016년 5월 8일 16시,일요일,제주특별자치도 제주시 삼양이동,경상사고,0,0,3,0,차대차 - 측면충돌,직진우회전진행방해,건조,맑음,교차로 - 교차로안,승용,여,49세,경상,승용,여,55세,경상
2016050800100370,2016년 5월 8일 16시,일요일,제주특별자치도 서귀포시 남원읍,중상사고,0,2,2,0,차량단독 - 공작물충돌,안전운전불이행,건조,맑음,단일로 - 기타,승용,남,26세,경상,,,,
2016050800100405,2016년 5월 8일 17시,일요일,제주특별자치도 제주시 화북이동,중상사고,0,1,0,0,차량단독 - 전도전복,안전운전불이행,기타,맑음,단일로 - 기타,승용,여,49세,중상,,,,
2016050800100455,2016년 5월 8일 19시,일요일,제주특별자치도 서귀포시 동홍동,경상사고,0,0,1,0,차대사람 - 기타,안전운전불이행,건조,맑음,기타 - 기타,승용,남,38세,상해없음,보행자,여,65세,경상
2016050800100491,2016년 5월 8일 20시,일요일,제주특별자치도 제주시 삼도일동,경상사고,0,0,1,0,차대사람 - 횡단중,안전운전불이행,기타,비,단일로 - 기타,승용,남,40세,상해없음,보행자,남,59세,경상
2016050800100517,2016년 5월 8일 21시,일요일,제주특별자치도 제주시 삼도일동,경상사고,0,0,1,0,차대사람 - 기타,안전운전불이행,습기,비,단일로 - 기타,승용,남,35세,상해없음,보행자,남,47세,경상
2016050800100518,2016년 5월 8일 21시,일요일,제주특별자치도 제주시 한경면,경상사고,0,0,1,0,차대차 - 추돌,안전거리미확보,습기,비,단일로 - 기타,승용,남,46세,상해없음,승용,여,33세,경상
2016050800100545,2016년 5월 8일 22시,일요일,제주특별자치도 서귀포시 서귀동,중상사고,0,1,1,0,차대사람 - 횡단중,안전운전불이행,습기,비,교차로 - 교차로부근,원동기,남,54세,상해없음,보행자,여,33세,경상
2016050800100557,2016년 5월 8일 23시,일요일,제주특별자치도 제주시 연동,경상사고,0,0,2,0,차대차 - 측면충돌,안전운전불이행,습기,비,교차로 - 교차로부근,승용,남,46세,상해없음,원동기,남,17세,경상
2016050900100014,2016년 5월 9일 01시,월요일,제주특별자치도 제주시 연동,경상사고,0,0,1,0,차량단독 - 전도전복,안전운전불이행,건조,맑음,단일로 - 기타,승용,남,29세,경상,,,,
2016050900100132,2016년 5월 9일 09시,월요일,제주특별자치도 제주시 도남동,경상사고,0,0,1,0,차대차 - 추돌,안전운전불이행,건조,맑음,단일로 - 기타,승용,남,36세,상해없음,승합,여,41세,경상
2016050900100159,2016년 5월 9일 10시,월요일,제주특별자치도 제주시 봉개동,경상사고,0,0,1,0,차대차 - 추돌,안전운전불이행,건조,맑음,교차로 - 교차로부근,승용,여,73세,경상,화물,남,55세,상해없음
2016050900100160,2016년 5월 9일 10시,월요일,제주특별자치도 제주시 애월읍,중상사고,0,1,0,0,차량단독 - 공작물충돌,안전운전불이행,건조,맑음,단일로 - 기타,승용,여,59세,중상,,,,
2016050900100225,2016년 5월 9일 12시,월요일,제주특별자치도 서귀포시 강정동,중상사고,0,1,4,0,차대차 - 기타,교차로운행방법위반,건조,맑음,교차로 - 교차로안,화물,남,42세,경상,승용,남,49세,경상
2016050900100337,2016년 5월 9일 15시,월요일,제주특별자치도 제주시 일도이동,경상사고,0,0,1,0,차대사람 - 기타,안전운전불이행,기타,맑음,단일로 - 기타,승용,여,62세,상해없음,보행자,여,51세,경상