사고번호,사고일시,요일,시군구,사고내용,사망자수,중상자수,경상자수,부상신고자수,사고유형,법규위반,노면상태,기상상태,도로형태,가해운전자 차종,가해운전자 성별,가해운전자 연령,가해운전자 상해정도,피해운전자 차종,피해운전자 성별,피해운전자 연령,피해운전자 상해정도
2016051900100412,2016년 5월 19일 16시,목요일,제주특별자치도 서귀포시 남원읍,경상사고,0,0,1,0,차대차 - 추돌,안전거리미확보,건조,맑음,단일로 - 기타,승용,남,33세,상해없음,승용,남,33세,경상
2016051900100453,2016년 5월 19일 17시,목요일,제주특별자치도 제주시 이도이동,경상사고,0,0,1,0,차대차 - 정면충돌,안전운전불이행,건조,맑음,교차로 - 교차로부근,승용,여,56세,기타불명,자전거,남,13세,경상
2016051900100454,2016년 5월 19일 17시,목요일,제주특별자치도 제주시 이호이동,경상사고,0,0,1,0,차대차 - 측면충돌,안전거리미확보,건조,맑음,단일로 - 기타,승용,남,55세,상해없음,승용,남,57세,경상
2016051900100522,2016년 5월 19일 19시,목요일,제주특별자치도 제주시 삼도이동,경상사고,0,0,1,0,차대차 - 측면충돌,안전운전불이행,건조,맑음,단일로 - 횡단보도상,자전거,남,10세,경상,승용,남,21세,상해없음
2016051900100627,2016년 5월 19일 22시,목요일,제주특별자치도 제주시 화북일동,경상사고,0,0,1,0,차대차 - 추돌,차로위반,기타,맑음,단일로 - 기타,승용,남,26세,상해없음,승용,여,31세,경상
2016051900100652,2016년 5월 19일 23시,목요일,제주특별자치도 서귀포시 색달동,중상사고,0,1,1,0,차대차 - 측면직각충돌,신호위반,건조,맑음,교차로 - 교차로안,승용,남,24세,상해없음,승용,여,24세,경상
2016052000100076,2016년 5월 20일 06시,금요일,제주특별자치도 제주시 도평동,경상사고,0,0,1,0,차대차 - 측면충돌,직진우회전진행방해,건조,맑음,교차로 - 교차로안,승용,여,47세,상해없음,승용,여,41세,경상
2016052000100103,2016년 5월 20일 07시,금요일,제주특별자치도 제주시 애월읍,중상사고,0,2,0,0,차대차 - 측면충돌,안전운전불이행,건조,맑음,단일로 - 기타,화물,남,43세,중상,화물,남,35세,중상
2016052000100146,2016년 5월 20일 08시,금요일,제주특별자치도 제주시 용담일동,경상사고,0,0,2,0,차대차 - 기타,안전운전불이행,건조,맑음,교차로 - 교차로안,화물,남,38세,상해없음,자전거,남,13세,경상
2016052000100185,2016년 5월 20일 09시,금요일,제주특별자치도 제주시 애월읍,중상사고,0,1,1,0,차대차 - 추돌,안전거리미확보,건조,맑음,단일로 - 기타,승용,남,33세,상해없음,승용,여,39세,중상
2016052000100243,2016년 5월 20일 11시,금요일,제주특별자치도 제주시 이호일동,경상사고,0,0,1,0,차대차 - 기타,교차로운행방법위반,건조,맑음,교차로 - 교차로안,승용,여,64세,상해없음,승용,남,31세,경상
2016052000100305,2016년 5월 20일 13시,금요일,제주특별자치도 제주시 노형동,경상사고,0,0,1,0,차대차 - 정면충돌,안전운전불이행,건조,맑음,단일로 - 기타,승용,남,30세,상해없음,승용,여,48세,경상
2016052000100345,2016년 5월 20일 14시,금요일,제주특별자치도 제주시 도남동,중상사고,0,1,0,0,차대사람 - 횡단중,보행자보호의무위반,건조,맑음,단일로 - 횡단보도상,승용,남,74세,상해없음,보행자,여,44세,중상
2016052000100640,2016년 5월 20일 21시,금요일,제주특별자치도 제주시 연동,경상사고,0,0,1,3,차대차 - 기타,직진우회전진행방해,건조,맑음,교차로 - 교차로안,승용,남,50세,상해없음,승용,남,24세,부상신고
2016052000100707,2016년 5월 20일 23시,금요일,제주특별자치도 제주시 조천읍,경상사고,0,0,2,0,차대차 - 추돌,안전거리미확보,건조,맑음,교차로 - 교차로안,승용,남,23세,상해없음,승용,남,58세,경상
2016052100100010,2016년 5월 21일 00시,토요일,제주특별자치도 서귀포시 하효동,중상사고,0,3,4,1,차대차 - 기타,교차로운행방법위반,건조,맑음,교차로 - 교차로안,화물,남,79세,중상,승합,남,33세,경상
2016052100100175,2016년 5월 21일 09시,토요일,제주특별자치도 제주시 이도일동,경상사고,0,0,1,0,차대차 - 기타,안전운전불이행,건조,맑음,교차로 - 교차로부근,화물,남,79세,기타불명,승용,남,27세,경상
2016052100100207,2016년 5월 21일 10시,토요일,제주특별자치도 제주시 오라이동,중상사고,0,1,0,0,차대차 - 정면충돌,교차로운행방법위반,기타,맑음,교차로 - 교차로안,화물,남,57세,상해없음,승합,남,59세,중상
2016052100100330,2016년 5월 21일 13시,토요일,제주특별자치도 제주시 이도이동,부상신고사고,0,0,0,1,차대차 - 측면직각충돌,직진우회전진행방해,건조,맑음,교차로 - 교차로안,원동기,남,25세,부상신고,승용,남,50세,상해없음
2016052100100331,2016년 5월 21일 13시,토요일,제주특별자치도 서귀포시 대정읍,경상사고,0,0,1,0,차대사람 - 횡단중,보행자보호의무위반,건조,맑음,단일로 - 기타,승용,남,53세,상해없음,보행자,남,33세,경상
2016052100100373,2016년 5월 21일 14시,토요일,제주특별자치도 제주시 도남동,경상사고,0,0,2,0,차대차 - 정면충돌,안전운전불이행,건조,맑음,교차로 - 교차로안,승용,여,37세,경상,화물,남,45세,경상
2016052100100374,2016년 5월 21일 14시,토요일,제주특별자치도 서귀포시 안덕면,중상사고,0,1,0,0,차대차 - 기타,신호위반,건조,맑음,교차로 - 교차로안,승합,남,37세,상해없음,승용,남,53세,중상
2016052100100416,2016년 5월 21일 15시,토요일,제주특별자치도 제주시 아라일동,중상사고,0,1,0,0,차대차 - 측면직각충돌,안전운전불이행,건조,맑음,단일로 - 기타,건설기계,남,53세,상해없음,승용,남,29세,상해없음
2016052100100417,2016년 5월 21일 15시,토요일,제주특별자치도 서귀포시 성산읍,중상사고,0,1,0,0,차량단독 - 공작물충돌,안전운전불이행,건조,맑음,단일로 - 기타,승용,남,31세,상해없음,,,,
2016052100100450,2016년 5월 21일 16시,토요일,제주특별자치도 서귀포시 안덕면,경상사고,0,0,2,0,차대차 - 측면직각충돌,안전거리미확보,건조,흐림,단일로 - 기타,건설기계,남,53세,상해없음,승용,남,30세,경상
2016052200100109,2016년 5월 22일 06시,일요일,제주특별자치도 제주시 삼도이동,경상사고,0,0,1,0,차대차 - 정면충돌,교차로운행방법위반,기타,맑음,교차로 - 교차로안,승용,남,41세,상해없음,승용,여,52세,경상
2016052200100140,2016년 5월 22일 08시,일요일,제주특별자치도 서귀포시 대정읍,중상사고,0,1,0,0,차대차 - 측면충돌,교차로운행방법위반,습기,흐림,교차로 - 교차로안,승용,남,43세,상해없음,이륜,여,66세,중상
2016052200100164,2016년 5월 22일 09시,일요일,제주특별자치도 제주시 이호이동,경상사고,0,0,7,3,차대차 - 측면직각충돌,신호위반,건조,맑음,교차로 - 교차로안,승합,남,58세,상해없음,승합,남,46세,경상
2016052200100308,2016년 5월 22일 14시,일요일,제주특별자치도 서귀포시 남원읍,중상사고,0,1,0,0,차대사람 - 횡단중,보행자보호의무위반,건조,맑음,단일로 - 횡단보도상,화물,남,70세,상해없음,보행자,남,9세,중상
2016052200100309,2016년 5월 22일 14시,일요일,제주특별자치도 서귀포시 서귀동,중상사고,0,1,0,0,차량단독 - 기타,안전운전불이행,건조,맑음,단일로 - 기타,자전거,남,15세,중상,,,,
2016052200100310,2016년 5월 22일 14시,일요일,제주특별자치도 제주시 용담삼동,중상사고,0,1,0,0,차대차 - 측면직각충돌,안전운전불이행,건조,흐림,교차로 - 교차로부근,승용,남,31세,상해없음,자전거,남,88세,중상
2016052200100311,2016년 5월 22일 14시,일요일,제주특별자치도 제주시 노형동,경상사고,0,0,1,0,차대차 - 추돌,안전운전불이행,기타,맑음,기타 - 기타,승용,남,57세,상해없음,화물,남,50세,경상
2016052200100338,2016년 5월 22일 15시,일요일,제주특별자치도 서귀포시 호근동,경상사고,0,0,1,0,차대차 - 기타,안전운전불이행,건조,맑음,단일로 - 횡단보도부근,승용,남,32세,상해없음,승용,남,43세,상해없음
2016052200100339,2016년 5월 22일 15시,일요일,제주특별자치도 서귀포시 남원읍,경상사고,0,0,1,0,차대차 - 기타,안전운전불이행,건조,맑음,단일로 - 기타,승용,남,33세,상해없음,승용,남,62세,기타불명
2016052200100502,2016년 5월 22일 20시,일요일,제주특별자치도 제주시 애월읍,경상사고,0,0,1,0,차대차 - 측면충돌,안전운전불이행,건조,맑음,교차로 - 교차로안,승용,남,44세,경상,승용,남,44세,상해없음
2016052200100538,2016년 5월 22일 22시,일요일,제주특별자치도 서귀포시 성산읍,경상사고,0,0,1,0,차대차 - 추돌,불법유턴,건조,맑음,단일로 - 기타,승용,남,54세,상해없음,승용,남,42세,경상
2016052300100050,2016년 5월 23일 05시,월요일,제주특별자치도 제주시 연동,중상사고,0,2,1,1,차대차 - 추돌,신호위반,건조,맑음,교차로 - 교차로안,승용,여,34세,부상신고,승용,남,66세,경상
2016052300100141,2016년 5월 23일 08시,월요일,제주특별자치도 제주시 노형동,경상사고,0,0,1,0,차대사람 - 횡단중,안전운전불이행,건조,맑음,단일로 - 기타,화물,남,45세,상해없음,보행자,남,12세,경상
2016052300100142,2016년 5월 23일 08시,월요일,제주특별자치도 제주시 노형동,경상사고,0,0,1,0,차대차 - 기타,직진우회전진행방해,건조,맑음,교차로 - 교차로안,승용,남,40세,상해없음,승용,여,43세,경상
2016052300100236,2016년 5월 23일 11시,월요일,제주특별자치도 제주시 노형동,부상신고사고,0,0,0,2,차대차 - 측면직각충돌,안전운전불이행,건조,맑음,교차로 - 교차로부근,승용,남,72세,부상신고,화물,남,35세,부상신고
2016052300100295,2016년 5월 23일 13시,월요일,제주특별자치도 서귀포시 토평동,중상사고,0,1,0,0,차대차 - 측면충돌,교차로운행방법위반,건조,맑음,교차로 - 교차로안,이륜,남,76세,중상,승용,남,35세,상해없음
2016052300100296,2016년 5월 23일 13시,월요일,제주특별자치도 제주시 한림읍,경상사고,0,0,1,0,차대차 - 추돌,안전운전불이행,건조,맑음,단일로 - 기타,승용,남,78세,경상,승용,남,42세,상해없음
2016052300100333,2016년 5월 23일 14시,월요일,제주특별자치도 제주시 한경면,부상신고사고,0,0,0,1,차량단독 - 전도전복,안전운전불이행,건조,맑음,단일로 - 기타,원동기,남,56세,부상신고,,,,
2016052300100407,2016년 5월 23일 16시,월요일,제주특별자치도 제주시 구좌읍,중상사고,0,1,0,0,차대차 - 측면충돌,교차로운행방법위반,건조,맑음,교차로 - 교차로안,이륜,남,68세,중상,승용,여,29세,상해없음
2016052300100557,2016년 5월 23일 20시,월요일,제주특별자치도 제주시 일도이동,경상사고,0,0,1,0,차대차 - 추돌,안전거리미확보,건조,맑음,교차로 - 교차로안,승용,여,24세,상해없음,승용,여,46세,경상
2016052300100612,2016년 5월 23일 22시,월요일,제주특별자치도 제주시 구좌읍,경상사고,0,0,1,0,차대차 - 추돌,안전운전불이행,건조,맑음,단일로 - 기타,원동기,남,38세,경상,화물,남,74세,기타불명
2016052300100613,2016년 5월 23일 22시,월요일,제주특별자치도 제주시 노형동,중상사고,0,1,0,0,차대사람 - 횡단중,교차로운행방법위반,건조,맑음,교차로 - 교차로안,승용,남,50세,상해없음,보행자,남,43세,중상
2016052400100145,2016년 5월 24일 08시,화요일,제주특별자치도 제주시 삼도이동,중상사고,0,1,0,0,차대차 - 정면충돌,안전거리미확보,습기,비,단일로 - 기타,승합,남,49세,기타불명,승용,남,70세,중상
2016052400100146,2016년 5월 24일 08시,화요일,제주특별자치도 서귀포시 남원읍,경상사고,0,0,1,0,차대차 - 측면직각충돌,직진우회전진행방해,습기,비,교차로 - 교차로안,화물,남,54세,경상,화물,남,78세,상해없음
2016052400100298,2016년 5월 24일 12시,화요일,제주특별자치도 제주시 내도동,경상사고,0,0,1,0,차대차 - 측면직각충돌,안전운전불이행,습기,비,단일로 - 기타,이륜,남,75세,경상,승용,남,49세,상해없음
2016052400100393,2016년 5월 24일 15시,화요일,제주특별자치도 제주시 조천읍,중상사고,0,2,0,0,차대차 - 정면충돌,중앙선침범,습기,비,단일로 - 기타,승용,남,46세,중상,승용,여,47세,중상
2016052400100527,2016년 5월 24일 19시,화요일,제주특별자치도 제주시 노형동,경상사고,0,0,1,0,차대사람 - 횡단중,보행자보호의무위반,건조,맑음,단일로 - 기타,승용,남,47세,상해없음,보행자,남,54세,경상
2016052400100613,2016년 5월 24일 22시,화요일,제주특별자치도 제주시 연동,경상사고,0,0,1,0,차대차 - 측면직각충돌,직진우회전진행방해,건조,맑음,교차로 - 교차로안,승용,남,68세,상해없음,승용,여,26세,경상
2016052500100016,2016년 5월 25일 00시,수요일,제주특별자치도 제주시 화북이동,중상사고,0,2,1,0,차대차 - 측면충돌,차로위반,건조,맑음,교차로 - 교차로안,승용,남,29세,상해없음,승용,남,22세,경상
2016052500100120,2016년 5월 25일 08시,수요일,제주특별자치도 서귀포시 서호동,부상신고사고,0,0,0,1,차대차 - 기타,직진우회전진행방해,건조,맑음,교차로 - 교차로안,승용,여,48세,부상신고,승용,남,37세,상해없음
2016052500100153,2016년 5월 25일 09시,수요일,제주특별자치도 제주시 도남동,부상신고사고,0,0,0,1,차대차 - 기타,안전운전불이행,건조,맑음,단일로 - 기타,원동기,남,50세,부상신고,승용,남,31세,기타불명
2016052500100287,2016년 5월 25일 13시,수요일,제주특별자치도 제주시 한림읍,부상신고사고,0,0,0,1,차량단독 - 기타,안전운전불이행,건조,맑음,단일로 - 기타,승합,남,60세,상해없음,,,,
2016052500100394,2016년 5월 25일 16시,수요일,제주특별자치도 제주시 도련이동,경상사고,0,0,1,0,차대차 - 측면충돌,교차로운행방법위반,건조,맑음,교차로 - 교차로안,승용,남,64세,상해없음,승합,여,51세,경상
2016052500100438,2016년 5월 25일 17시,수요일,제주특별자치도 제주시 연동,경상사고,0,0,2,0,차대차 - 측면충돌,직진우회전진행방해,건조,맑음,교차로 - 교차로안,화물,남,68세,경상,승용,여,44세,경상
2016052500100603,2016년 5월 25일 22시,수요일,제주특별자치도 제주시 이호이동,경상사고,0,0,1,0,차대차 - 추돌,안전운전불이행,건조,맑음,단일로 - 기타,승용,남,48세,상해없음,승합,남,44세,경상
2016052600100015,2016년 5월 26일 00시,목요일,제주특별자치도 서귀포시 동홍동,경상사고,0,0,1,1,차대차 - 측면충돌,신호위반,건조,맑음,교차로 - 교차로안,승용,남,50세,부상신고,승용,남,41세,경상
2016052600100090,2016년 5월 26일 07시,목요일,제주특별자치도 제주시 애월읍,부상신고사고,0,0,0,1,차대차 - 추돌,안전운전불이행,건조,맑음,단일로 - 기타,자전거,남,59세,부상신고,승용,남,49세,상해없음
2016052600100127,2016년 5월 26일 08시,목요일,제주특별자치도 제주시 영평동,경상사고,0,0,1,0,차대사람 - 횡단중,안전운전불이행,건조,맑음,단일로 - 기타,승용,남,57세,상해없음,보행자,남,76세,경상
2016052600100164,2016년 5월 26일 09시,목요일,제주특별자치도 제주시 오라이동,중상사고,0,1,0,0,차대차 - 측면충돌,교차로운행방법위반,건조,맑음,교차로 - 교차로안,승용,남,58세,상해없음,승용,남,34세,상해없음
2016052600100165,2016년 5월 26일 09시,목요일,제주특별자치도 제주시 한림읍,중상사고,0,1,1,0,차대차 - 측면직각충돌,안전운전불이행,건조,맑음,단일로 - 기타,승용,남,71세,경상,이륜,남,29세,중상
2016052600100194,2016년 5월 26일 10시,목요일,제주특별자치도 서귀포시 신효동,경상사고,0,0,1,1,차대차 - 기타,교차로운행방법위반,건조,맑음,교차로 - 교차로안,승용,남,29세,부상신고,건설기계,남,31세,경상
2016052600100335,2016년 5월 26일 15시,목요일,제주특별자치도 제주시 노형동,부상신고사고,0,0,0,1,차대차 - 기타,직진우회전진행방해,건조,맑음,교차로 - 교차로안,승용,남,52세,상해없음,승용,남,64세,상해없음
2016052600100336,2016년 5월 26일 15시,목요일,제주특별자치도 제주시 용담이동,경상사고,0,0,1,0,차대차 - 측면충돌,안전운전불이행,건조,맑음,교차로 - 교차로안,승용,여,53세,기타불명,승용,남,45세,경상
2016052600100418,2016년 5월 26일 17시,목요일,제주특별자치도 제주시 애월읍,부상신고사고,0,0,0,1,차대차 - 기타,안전운전불이행,건조,맑음,교차로 - 교차로안,기타불명,기타불명,기타불명,기타불명,자전거,남,13세,부상신고
2016052600100488,2016년 5월 26일 19시,목요일,제주특별자치도 제주시 이도이동,경상사고,0,0,1,0,차대차 - 추돌,안전운전불이행,건조,맑음,교차로 - 교차로부근,승용,남,27세,상해없음,승용,남,25세,경상
2016052600100519,2016년 5월 26일 20시,목요일,제주특별자치도 제주시 외도일동,경상사고,0,0,1,0,차대차 - 측면직각충돌,직진우회전진행방해,건조,맑음,교차로 - 교차로안,승용,남,16세,상해없음,승용,남,25세,경상
2016052600100583,2016년 5월 26일 22시,목요일,제주특별자치도 제주시 영평동,경상사고,0,0,3,0,차대차 - 정면충돌,신호위반,습기,비,교차로 - 교차로안,승용,남,27세,상해없음,승용,여,50세,경상
2016052700100058,2016년 5월 27일 06시,금요일,제주특별자치도 제주시 조천읍,경상사고,0,0,1,0,차대차 - 측면충돌,교차로운행방법위반,건조,맑음,교차로 - 교차로안,승용,남,45세,상해없음,이륜,여,64세,경상
2016052700100081,2016년 5월 27일 07시,금요일,제주특별자치도 서귀포시 남원읍,중상사고,0,1,1,0,차대차 - 추돌,안전운전불이행,건조,맑음,단일로 - 기타,화물,남,41세,상해없음,화물,남,77세,중상
2016052700100118,2016년 5월 27일 08시,금요일,제주특별자치도 서귀포시 남원읍,중상사고,0,2,2,0,차대차 - 측면직각충돌,직진우회전진행방해,건조,맑음,교차로 - 교차로안,화물,남,81세,경상,승용,남,35세,중상
2016052700100119,2016년 5월 27일 08시,금요일,제주특별자치도 서귀포시 성산읍,경상사고,0,0,2,0,차대차 - 추돌,안전운전불이행,건조,맑음,단일로 - 기타,승용,여,68세,경상,승용,여,34세,경상
2016052700100120,2016년 5월 27일 08시,금요일,제주특별자치도 제주시 용담이동,경상사고,0,0,1,0,차대차 - 측면충돌,직진우회전진행방해,습기,비,교차로 - 교차로안,승용,여,52세,경상,승용,남,60세,상해없음
2016052700100151,2016년 5월 27일 09시,금요일,제주특별자치도 제주시 일도일동,경상사고,0,0,1,0,차대사람 - 차도통행중,안전운전불이행,건조,맑음,단일로 - 기타,화물,남,58세,상해없음,보행자,여,68세,경상
2016052700100152,2016년 5월 27일 09시,금요일,제주특별자치도 제주시 노형동,경상사고,0,0,1,0,차대차 - 추돌,안전거리미확보,건조,맑음,단일로 - 기타,승용,여,49세,기타불명,승용,여,48세,경상
2016052700100202,2016년 5월 27일 11시,금요일,제주특별자치도 제주시 조천읍,중상사고,0,1,3,0,차대차 - 정면충돌,중앙선침범,건조,맑음,단일로 - 기타,화물,남,57세,상해없음,승용,여,47세,중상
2016052700100275,2016년 5월 27일 13시,금요일,제주특별자치도 제주시 조천읍,경상사고,0,0,1,0,차대차 - 측면충돌,차로위반,건조,맑음,단일로 - 기타,이륜,남,82세,경상,화물,남,37세,상해없음
2016052700100401,2016년 5월 27일 16시,금요일,제주특별자치도 제주시 화북이동,중상사고,0,1,1,0,차대차 - 정면충돌,안전운전불이행,건조,맑음,교차로 - 교차로부근,이륜,남,26세,중상,승용,여,42세,경상
2016052700100402,2016년 5월 27일 16시,금요일,제주특별자치도 제주시 내도동,경상사고,0,0,3,0,차대차 - 측면충돌,직진우회전진행방해,건조,맑음,교차로 - 교차로안,승용,남,50세,경상,승용,남,39세,경상
2016052700100490,2016년 5월 27일 18시,금요일,제주특별자치도 서귀포시 대정읍,경상사고,0,0,1,0,차대차 - 측면직각충돌,중앙선침범,습기,비,교차로 - 교차로안,자전거,남,11세,경상,승용,여,45세,상해없음
2016052700100520,2016년 5월 27일 19시,금요일,제주특별자치도 제주시 연동,경상사고,0,0,1,0,차대사람 - 횡단중,안전운전불이행,습기,흐림,단일로 - 기타,승용,남,57세,상해없음,보행자,남,31세,경상
2016052700100588,2016년 5월 27일 21시,금요일,제주특별자치도 제주시 이도일동,중상사고,0,1,0,0,차대차 - 추돌,안전거리미확보,습기,비,기타 - 기타,승합,남,57세,상해없음,승용,남,49세,중상
2016052700100614,2016년 5월 27일 22시,금요일,제주특별자치도 서귀포시 색달동,경상사고,0,0,1,0,차량단독 - 공작물충돌,안전운전불이행,습기,비,교차로 - 교차로부근,승용,남,64세,상해없음,,,,
2016052700100642,2016년 5월 27일 23시,금요일,제주특별자치도 제주시 연동,경상사고,0,0,3,0,차대차 - 기타,안전운전불이행,기타,비,기타 - 기타,승용,여,44세,상해없음,승용,여,26세,경상
2016052800100023,2016년 5월 28일 00시,토요일,제주특별자치도 서귀포시 서귀동,중상사고,0,1,0,0,차대사람 - 기타,안전운전불이행,습기,비,교차로 - 교차로안,승용,남,74세,상해없음,보행자,남,45세,중상
2016052800100057,2016년 5월 28일 02시,토요일,제주특별자치도 서귀포시 서귀동,경상사고,0,0,1,0,차대차 - 기타,직진우회전진행방해,건조,맑음,교차로 - 교차로안,승용,남,47세,상해없음,승용,남,32세,상해없음
2016052800100098,2016년 5월 28일 06시,토요일,제주특별자치도 서귀포시 보목동,중상사고,0,1,0,0,차량단독 - 기타,안전운전불이행,건조,흐림,단일로 - 기타,승용,여,59세,중상,,,,
2016052800100137,2016년 5월 28일 08시,토요일,제주특별자치도 제주시 일도이동,경상사고,0,0,1,0,차대사람 - 횡단중,안전운전불이행,습기,비,교차로 - 교차로안,승용,남,54세,상해없음,보행자,여,66세,경상
2016052800100197,2016년 5월 28일 10시,토요일,제주특별자치도 제주시 이도이동,중상사고,0,1,0,0,차대차 - 측면충돌,신호위반,습기,비,교차로 - 교차로안,승용,남,74세,상해없음,화물,남,46세,중상
2016052800100198,2016년 5월 28일 10시,토요일,제주특별자치도 제주시 화북일동,경상사고,0,0,1,0,차대차 - 기타,안전운전불이행,습기,비,교차로 - 교차로부근,승용,여,28세,경상,승용,여,52세,상해없음
2016052800100199,2016년 5월 28일 10시,토요일,제주특별자치도 제주시 애월읍,중상사고,0,1,0,0,차량단독 - 공작물충돌,안전운전불이행,습기,비,단일로 - 기타,승용,남,50세,상해없음,,,,
2016052800100357,2016년 5월 28일 14시,토요일,제주특별자치도 서귀포시 성산읍,경상사고,0,0,1,0,차대차 - 기타,직진우회전진행방해,건조,맑음,교차로 - 교차로안,승합,남,26세,상해없음,화물,남,61세,상해없음
2016052800100557,2016년 5월 28일 19시,토요일,제주특별자치도 제주시 조천읍,중상사고,0,1,0,0,차량단독 - 전도전복,안전운전불이행,건조,맑음,단일로 - 기타,승용,남,41세,중상,,,,
2016052800100558,2016년 5월 28일 19시,토요일,제주특별자치도 서귀포시 동홍동,중상사고,0,1,0,0,차대차 - 측면충돌,교차로운행방법위반,건조,맑음,교차로 - 교차로안,승용,남,69세,상해없음,이륜,남,40세,중상
2016052800100623,2016년 5월 28일 21시,토요일,제주특별자치도 제주시 이도이동,경상사고,0,0,2,0,차대차 - 추돌,안전운전불이행,건조,맑음,단일로 - 기타,승용,남,51세,상해없음,승용,남,32세,경상
2016052800100664,2016년 5월 28일 22시,토요일,제주특별자치도 제주시 이호일동,중상사고,0,1,0,0,차대차 - 기타,안전운전불이행,건조,맑음,단일로 - 기타,승용,남,24세,상해없음,이륜,남,41세,중상
2016052900100020,2016년 5월 29일 00시,일요일,제주특별자치도 제주시 오라이동,경상사고,0,0,1,0,차대차 - 측면충돌,신호위반,건조,맑음,교차로 - 교차로안,승용,남,58세,상해없음,승용,남,64세,경상
2016052900100137,2016년 5월 29일 09시,일요일,제주특별자치도 서귀포시 남원읍,중상사고,0,1,3,0,차대차 - 측면직각충돌,직진우회전진행방해,습기,비,교차로 - 교차로안,화물,남,72세,경상,승용,남,41세,경상
2016052900100195,2016년 5월 29일 12시,일요일,제주특별자치도 제주시 화북이동,부상신고사고,0,0,0,1,차대차 - 정면충돌,교차로운행방법위반,습기,흐림,교차로 - 교차로안,승용,여,73세,부상신고,승합,남,54세,상해없음
2016052900100270,2016년 5월 29일 15시,일요일,제주특별자치도 제주시 한림읍,부상신고사고,0,0,0,1,차대사람 - 횡단중,안전운전불이행,습기,흐림,교차로 - 교차로부근,승용,남,62세,상해없음,보행자,여,7세,부상신고
2016052900100393,2016년 5월 29일 19시,일요일,제주특별자치도 제주시 외도일동,경상사고,0,0,1,0,차대사람 - 횡단중,안전운전불이행,건조,맑음,단일로 - 기타,승용,남,61세,상해없음,보행자,여,7세,경상
2016052900100423,2016년 5월 29일 20시,일요일,제주특별자치도 제주시 건입동,중상사고,0,1,0,0,차대차 - 정면충돌,중앙선침범,건조,맑음,단일로 - 기타,승용,여,47세,상해없음,승용,남,20세,중상
2016053000100011,2016년 5월 30일 00시,월요일,제주특별자치도 제주시 도남동,부상신고사고,0,0,0,1,차량단독 - 공작물충돌,안전운전불이행,건조,맑음,교차로 - 교차로부근,승용,남,34세,부상신고,,,,
2016053000100012,2016년 5월 30일 00시,월요일,제주특별자치도 제주시 노형동,중상사고,0,1,1,0,차대차 - 측면직각충돌,직진우회전진행방해,건조,맑음,교차로 - 교차로안,승용,남,45세,경상,승용,남,22세,중상
2016053000100056,2016년 5월 30일 06시,월요일,제주특별자치도 제주시 오라일동,경상사고,0,0,1,1,차대차 - 측면충돌,안전운전불이행,건조,맑음,교차로 - 교차로안,승용,남,30세,부상신고,승용,남,48세,경상
2016053000100307,2016년 5월 30일 13시,월요일,제주특별자치도 제주시 노형동,경상사고,0,0,1,0,차대사람 - 차도통행중,안전운전불이행,건조,맑음,교차로 - 교차로안,승용,남,54세,상해없음,보행자,여,51세,경상
2016053000100354,2016년 5월 30일 14시,월요일,제주특별자치도 제주시 건입동,경상사고,0,0,2,0,차대차 - 측면충돌,교차로운행방법위반,기타,맑음,교차로 - 교차로안,승용,여,25세,경상,승용,여,38세,경상
2016053000100434,2016년 5월 30일 16시,월요일,제주특별자치도 제주시 조천읍,사망사고,1,0,0,0,차대차 - 추돌,안전운전불이행,건조,맑음,단일로 - 기타,승용,여,23세,상해없음,이륜,여,66세,사망
2016053000100435,2016년 5월 30일 16시,월요일,제주특별자치도 서귀포시 표선면,중상사고,0,1,0,0,차대사람 - 기타,안전운전불이행,건조,맑음,단일로 - 기타,승용,여,23세,상해없음,보행자,여,67세,중상
2016053000100526,2016년 5월 30일 18시,월요일,제주특별자치도 서귀포시 표선면,경상사고,0,0,1,0,차대차 - 기타,안전운전불이행,건조,맑음,단일로 - 기타,화물,남,55세,상해없음,자전거,남,7세,경상
2016053000100527,2016년 5월 30일 18시,월요일,제주특별자치도 제주시 노형동,경상사고,0,0,1,0,차대차 - 측면충돌,직진우회전진행방해,건조,맑음,교차로 - 교차로안,승용,남,60세,상해없음,승용,남,67세,경상
2016053000100621,2016년 5월 30일 21시,월요일,제주특별자치도 제주시 노형동,경상사고,0,0,1,0,차대사람 - 횡단중,보행자보호의무위반,건조,맑음,단일로 - 횡단보도상,승용,여,42세,상해없음,보행자,남,5세,경상
2016053000100622,2016년 5월 30일 21시,월요일,제주특별자치도 제주시 연동,경상사고,0,0,1,0,차대사람 - 횡단중,안전운전불이행,건조,맑음,교차로 - 교차로부근,승합,남,52세,상해없음,보행자,남,23세,경상
2016053000100645,2016년 5월 30일 22시,월요일,제주특별자치도 제주시 용담일동,경상사고,0,0,1,0,차대차 - 정면충돌,안전운전불이행,건조,맑음,교차로 - 교차로안,승용,여,26세,상해없음,승용,남,58세,경상
2016053100100150,2016년 5월 31일 09시,화요일,제주특별자치도 제주시 삼도이동,경상사고,0,0,1,0,차대차 - 정면충돌,안전운전불이행,건조,맑음,단일로 - 기타,승용,남,22세,상해없음,승용,남,27세,경상
2016053100100193,2016년 5월 31일 10시,화요일,제주특별자치도 제주시 연동,경상사고,0,0,1,0,차대사람 - 기타,안전운전불이행,건조,맑음,교차로 - 교차로부근,승용,남,35세,상해없음,보행자,남,48세,경상