사고번호,사고일시,요일,시군구,사고내용,사망자수,중상자수,경상자수,부상신고자수,사고유형,법규위반,노면상태,기상상태,도로형태,가해운전자 차종,가해운전자 성별,가해운전자 연령,가해운전자 상해정도,피해운전자 차종,피해운전자 성별,피해운전자 연령,피해운전자 상해정도
2016053100100194,2016년 5월 31일 10시,화요일,제주특별자치도 제주시 한경면,경상사고,0,0,1,0,차대차 - 측면직각충돌,안전운전불이행,건조,맑음,단일로 - 기타,농기계,남,73세,경상,화물,남,52세,상해없음
2016053100100223,2016년 5월 31일 11시,화요일,제주특별자치도 제주시 구좌읍,중상사고,0,1,0,0,차대차 - 기타,안전운전불이행,기타,맑음,단일로 - 기타,승용,여,19세,상해없음,자전거,여,57세,중상
2016053100100224,2016년 5월 31일 11시,화요일,제주특별자치도 서귀포시 동홍동,부상신고사고,0,0,0,1,차대사람 - 기타,안전운전불이행,기타,맑음,단일로 - 기타,기타불명,기타불명,기타불명,기타불명,보행자,여,39세,부상신고
2016053100100277,2016년 5월 31일 13시,화요일,제주특별자치도 제주시 노형동,경상사고,0,0,4,0,차대차 - 측면충돌,안전운전불이행,건조,맑음,단일로 - 기타,승용,여,53세,경상,승용,남,18세,경상
2016053100100308,2016년 5월 31일 14시,화요일,제주특별자치도 서귀포시 회수동,경상사고,0,0,1,0,차대차 - 추돌,안전운전불이행,건조,맑음,교차로 - 교차로부근,승용,여,44세,기타불명,승용,남,43세,경상
2016060100100074,2016년 6월 1일 06시,수요일,제주특별자치도 서귀포시 서홍동,중상사고,0,1,0,0,차대차 - 기타,직진우회전진행방해,건조,맑음,교차로 - 교차로부근,화물,남,59세,기타불명,원동기,여,68세,중상
2016060100100230,2016년 6월 1일 11시,수요일,제주특별자치도 제주시 용담이동,부상신고사고,0,0,0,1,차대차 - 추돌,안전거리미확보,건조,맑음,교차로 - 교차로부근,승용,남,45세,상해없음,원동기,남,24세,부상신고
2016060100100295,2016년 6월 1일 13시,수요일,제주특별자치도 제주시 한경면,중상사고,0,1,1,0,차량단독 - 공작물충돌,안전운전불이행,건조,맑음,단일로 - 기타,승용,남,66세,경상,,,,
2016060100100331,2016년 6월 1일 14시,수요일,제주특별자치도 서귀포시 강정동,중상사고,0,1,1,0,차대차 - 측면충돌,교차로운행방법위반,건조,맑음,교차로 - 교차로안,이륜,여,44세,경상,승용,여,21세,상해없음
2016060100100373,2016년 6월 1일 15시,수요일,제주특별자치도 제주시 애월읍,중상사고,0,1,0,0,차량단독 - 기타,안전운전불이행,건조,맑음,기타 - 기타,건설기계,남,58세,상해없음,,,,
2016060100100459,2016년 6월 1일 17시,수요일,제주특별자치도 서귀포시 안덕면,경상사고,0,0,1,0,차대차 - 추돌,안전운전불이행,건조,맑음,단일로 - 기타,화물,남,49세,상해없음,승용,남,46세,경상
2016060100100460,2016년 6월 1일 17시,수요일,제주특별자치도 제주시 노형동,부상신고사고,0,0,0,1,차대차 - 측면충돌,직진우회전진행방해,건조,맑음,교차로 - 교차로안,화물,남,61세,상해없음,이륜,남,18세,부상신고
2016060100100503,2016년 6월 1일 18시,수요일,제주특별자치도 제주시 이도이동,경상사고,0,0,1,0,차대차 - 측면충돌,안전운전불이행,건조,맑음,교차로 - 교차로부근,이륜,남,25세,상해없음,자전거,남,17세,경상
2016060100100504,2016년 6월 1일 18시,수요일,제주특별자치도 제주시 연동,경상사고,0,0,1,0,차대차 - 측면충돌,직진우회전진행방해,건조,맑음,교차로 - 교차로안,승용,남,23세,상해없음,승용,여,63세,경상
2016060100100533,2016년 6월 1일 19시,수요일,제주특별자치도 제주시 연동,경상사고,0,0,1,0,차대사람 - 횡단중,안전운전불이행,건조,맑음,단일로 - 기타,승용,남,21세,상해없음,보행자,남,8세,경상
2016060100100595,2016년 6월 1일 21시,수요일,제주특별자치도 제주시 삼도이동,경상사고,0,0,1,0,차대사람 - 횡단중,안전운전불이행,건조,맑음,단일로 - 횡단보도부근,승용,남,65세,상해없음,보행자,남,60세,경상
2016060200100016,2016년 6월 2일 01시,목요일,제주특별자치도 서귀포시 동홍동,부상신고사고,0,0,0,1,차대사람 - 기타,안전운전불이행,건조,맑음,교차로 - 교차로안,승용,남,31세,상해없음,보행자,남,54세,부상신고
2016060200100050,2016년 6월 2일 05시,목요일,제주특별자치도 제주시 이도이동,경상사고,0,0,1,0,차대사람 - 기타,안전운전불이행,건조,맑음,단일로 - 기타,승용,남,65세,상해없음,보행자,여,21세,경상
2016060200100051,2016년 6월 2일 05시,목요일,제주특별자치도 제주시 애월읍,경상사고,0,0,1,0,차대차 - 기타,안전운전불이행,건조,맑음,단일로 - 기타,승용,남,31세,경상,승용,남,32세,기타불명
2016060200100146,2016년 6월 2일 08시,목요일,제주특별자치도 제주시 일도이동,중상사고,0,1,0,0,차대사람 - 횡단중,보행자보호의무위반,건조,맑음,교차로 - 교차로부근,화물,남,53세,상해없음,보행자,여,59세,중상
2016060200100147,2016년 6월 2일 08시,목요일,제주특별자치도 제주시 한경면,중상사고,0,1,0,1,차대사람 - 차도통행중,안전운전불이행,건조,맑음,단일로 - 기타,이륜,여,51세,부상신고,보행자,여,80세,중상
2016060200100261,2016년 6월 2일 11시,목요일,제주특별자치도 제주시 애월읍,중상사고,0,1,1,0,차대차 - 기타,안전운전불이행,건조,맑음,교차로 - 교차로안,승용,여,56세,상해없음,승용,남,41세,중상
2016060200100284,2016년 6월 2일 12시,목요일,제주특별자치도 제주시 구좌읍,부상신고사고,0,0,0,1,차량단독 - 공작물충돌,안전운전불이행,건조,맑음,교차로 - 교차로부근,이륜,여,28세,부상신고,,,,
2016060200100285,2016년 6월 2일 12시,목요일,제주특별자치도 서귀포시 대정읍,경상사고,0,0,1,0,차대사람 - 횡단중,안전운전불이행,건조,맑음,교차로 - 교차로부근,승용,남,33세,기타불명,보행자,여,53세,경상
2016060200100316,2016년 6월 2일 13시,목요일,제주특별자치도 서귀포시 서귀동,경상사고,0,0,1,0,차대차 - 추돌,직진우회전진행방해,건조,맑음,교차로 - 교차로안,승용,여,35세,경상,승용,여,25세,기타불명
2016060200100348,2016년 6월 2일 14시,목요일,제주특별자치도 제주시 연동,경상사고,0,0,1,0,차대차 - 기타,안전운전불이행,건조,맑음,단일로 - 기타,화물,남,25세,상해없음,승용,여,51세,경상
2016060200100410,2016년 6월 2일 16시,목요일,제주특별자치도 제주시 삼양이동,경상사고,0,0,1,0,차대차 - 측면직각충돌,교차로운행방법위반,건조,맑음,교차로 - 교차로안,승용,여,43세,경상,승합,남,34세,상해없음
2016060200100411,2016년 6월 2일 16시,목요일,제주특별자치도 제주시 용담이동,경상사고,0,0,1,0,차대차 - 기타,안전운전불이행,건조,맑음,교차로 - 교차로부근,승용,남,59세,상해없음,승용,남,37세,경상
2016060200100460,2016년 6월 2일 17시,목요일,제주특별자치도 제주시 애월읍,중상사고,0,1,13,9,차대차 - 추돌,안전거리미확보,건조,맑음,단일로 - 기타,승합,남,48세,상해없음,화물,남,58세,경상
2016060200100461,2016년 6월 2일 17시,목요일,제주특별자치도 제주시 이호일동,경상사고,0,0,1,0,차대사람 - 횡단중,안전운전불이행,건조,맑음,단일로 - 기타,승용,여,61세,상해없음,보행자,남,1세,경상
2016060200100514,2016년 6월 2일 18시,목요일,제주특별자치도 서귀포시 서귀동,중상사고,0,1,0,0,차대차 - 추돌,안전운전불이행,건조,맑음,기타 - 기타,승용,여,51세,상해없음,이륜,남,67세,중상
2016060200100515,2016년 6월 2일 18시,목요일,제주특별자치도 서귀포시 동홍동,경상사고,0,0,4,0,차대차 - 추돌,안전거리미확보,건조,맑음,교차로 - 교차로부근,화물,남,41세,상해없음,승용,남,32세,경상
2016060200100551,2016년 6월 2일 19시,목요일,제주특별자치도 서귀포시 대정읍,경상사고,0,0,1,0,차대차 - 측면충돌,교차로운행방법위반,건조,맑음,교차로 - 교차로안,승용,여,42세,상해없음,이륜,여,74세,경상
2016060200100590,2016년 6월 2일 20시,목요일,제주특별자치도 제주시 도남동,경상사고,0,0,1,0,차대사람 - 횡단중,보행자보호의무위반,건조,맑음,단일로 - 횡단보도상,화물,남,43세,상해없음,보행자,남,72세,경상
2016060200100591,2016년 6월 2일 20시,목요일,제주특별자치도 제주시 연동,경상사고,0,0,1,0,차대사람 - 길가장자리구역통행중,안전운전불이행,건조,맑음,단일로 - 기타,승용,여,55세,상해없음,보행자,남,33세,경상
2016060200100656,2016년 6월 2일 22시,목요일,제주특별자치도 제주시 노형동,경상사고,0,0,2,0,차대차 - 측면충돌,안전운전불이행,건조,맑음,교차로 - 교차로안,승용,남,34세,상해없음,승용,여,31세,경상
2016060300100009,2016년 6월 3일 00시,금요일,제주특별자치도 제주시 연동,경상사고,0,0,1,0,차대사람 - 횡단중,안전운전불이행,건조,맑음,단일로 - 기타,이륜,남,33세,경상,보행자,남,46세,상해없음
2016060300100106,2016년 6월 3일 07시,금요일,제주특별자치도 제주시 연동,중상사고,0,1,0,0,차대사람 - 횡단중,보행자보호의무위반,건조,맑음,단일로 - 기타,승용,남,25세,상해없음,보행자,남,15세,중상
2016060300100153,2016년 6월 3일 08시,금요일,제주특별자치도 제주시 일도일동,경상사고,0,0,1,0,차대차 - 측면직각충돌,안전운전불이행,건조,맑음,교차로 - 교차로부근,자전거,남,64세,경상,승용,여,47세,상해없음
2016060300100186,2016년 6월 3일 09시,금요일,제주특별자치도 제주시 구좌읍,부상신고사고,0,0,0,1,차대차 - 정면충돌,교차로운행방법위반,건조,맑음,교차로 - 교차로안,화물,남,74세,상해없음,자전거,여,47세,부상신고
2016060300100217,2016년 6월 3일 10시,금요일,제주특별자치도 제주시 이도이동,중상사고,0,1,0,0,차대사람 - 길가장자리구역통행중,안전운전불이행,건조,맑음,단일로 - 기타,승용,여,46세,상해없음,보행자,여,68세,중상
2016060300100305,2016년 6월 3일 13시,금요일,제주특별자치도 제주시 아라이동,경상사고,0,0,1,0,차대차 - 정면충돌,신호위반,건조,맑음,교차로 - 교차로안,승용,여,48세,상해없음,승용,여,33세,경상
2016060300100427,2016년 6월 3일 16시,금요일,제주특별자치도 제주시 용담일동,경상사고,0,0,1,0,차대차 - 정면충돌,안전운전불이행,건조,맑음,단일로 - 기타,이륜,남,23세,경상,승용,남,40세,상해없음
2016060300100462,2016년 6월 3일 17시,금요일,제주특별자치도 제주시 오라일동,경상사고,0,0,1,0,차대차 - 측면충돌,교차로운행방법위반,건조,맑음,교차로 - 교차로안,승용,여,62세,상해없음,승용,남,38세,경상
2016060300100708,2016년 6월 3일 23시,금요일,제주특별자치도 제주시 이도이동,경상사고,0,0,1,0,차대차 - 측면충돌,안전운전불이행,건조,맑음,교차로 - 교차로부근,승용,남,50세,상해없음,승용,남,58세,경상
2016060400100082,2016년 6월 4일 04시,토요일,제주특별자치도 서귀포시 동홍동,중상사고,0,1,0,0,차대사람 - 횡단중,안전운전불이행,습기,비,단일로 - 기타,화물,남,80세,상해없음,보행자,여,84세,중상
2016060400100331,2016년 6월 4일 13시,토요일,제주특별자치도 제주시 건입동,경상사고,0,0,1,0,차대사람 - 길가장자리구역통행중,안전운전불이행,습기,비,단일로 - 기타,기타불명,기타불명,기타불명,기타불명,보행자,남,55세,경상
2016060400100463,2016년 6월 4일 16시,토요일,제주특별자치도 제주시 건입동,경상사고,0,0,1,0,차대차 - 정면충돌,교차로운행방법위반,건조,흐림,교차로 - 교차로안,화물,남,54세,상해없음,승용,남,53세,경상
2016060400100495,2016년 6월 4일 17시,토요일,제주특별자치도 서귀포시 표선면,경상사고,0,0,3,0,차대차 - 추돌,안전거리미확보,습기,흐림,단일로 - 기타,승용,남,41세,상해없음,승합,남,47세,경상
2016060400100496,2016년 6월 4일 17시,토요일,제주특별자치도 서귀포시 표선면,경상사고,0,0,2,0,차대차 - 정면충돌,중앙선침범,습기,비,단일로 - 기타,승용,남,22세,기타불명,승용,남,35세,경상
2016060400100559,2016년 6월 4일 19시,토요일,제주특별자치도 서귀포시 토평동,중상사고,0,1,0,0,차대차 - 추돌,안전거리미확보,습기,비,단일로 - 기타,화물,남,22세,상해없음,원동기,남,41세,중상
2016060400100618,2016년 6월 4일 21시,토요일,제주특별자치도 제주시 일도이동,중상사고,0,1,0,0,차대사람 - 횡단중,안전운전불이행,건조,맑음,단일로 - 기타,승용,남,46세,상해없음,보행자,남,41세,중상
2016060400100653,2016년 6월 4일 22시,토요일,제주특별자치도 제주시 이도이동,경상사고,0,0,1,0,차대차 - 기타,안전운전불이행,습기,비,교차로 - 교차로부근,기타불명,기타불명,기타불명,기타불명,이륜,남,47세,경상
2016060400100669,2016년 6월 4일 23시,토요일,제주특별자치도 제주시 연동,중상사고,0,2,0,0,차대사람 - 횡단중,보행자보호의무위반,습기,비,교차로 - 교차로부근,승용,여,52세,상해없음,보행자,남,48세,중상
2016060500100069,2016년 6월 5일 05시,일요일,제주특별자치도 제주시 애월읍,중상사고,0,1,0,0,차대차 - 측면충돌,안전운전불이행,건조,흐림,단일로 - 기타,승용,남,55세,상해없음,승용,남,31세,중상
2016060500100175,2016년 6월 5일 11시,일요일,제주특별자치도 서귀포시 서귀동,중상사고,0,1,0,0,차대차 - 측면충돌,안전운전불이행,건조,맑음,교차로 - 교차로안,원동기,남,16세,중상,승용,남,20세,상해없음
2016060500100203,2016년 6월 5일 12시,일요일,제주특별자치도 제주시 일도일동,경상사고,0,0,1,0,차대차 - 기타,안전운전불이행,건조,맑음,단일로 - 기타,승용,남,55세,상해없음,이륜,남,68세,경상
2016060500100238,2016년 6월 5일 13시,일요일,제주특별자치도 서귀포시 대포동,경상사고,0,0,1,0,차량단독 - 기타,안전운전불이행,건조,맑음,단일로 - 기타,승합,남,54세,상해없음,,,,
2016060500100276,2016년 6월 5일 14시,일요일,제주특별자치도 제주시 우도면,경상사고,0,0,1,0,차대차 - 측면직각충돌,교차로운행방법위반,건조,흐림,교차로 - 교차로안,자전거,남,72세,경상,자전거,여,27세,상해없음
2016060500100348,2016년 6월 5일 16시,일요일,제주특별자치도 제주시 구좌읍,중상사고,0,1,3,0,차대차 - 정면충돌,안전운전불이행,건조,맑음,단일로 - 기타,승용,남,24세,경상,승용,여,50세,상해없음
2016060500100443,2016년 6월 5일 18시,일요일,제주특별자치도 제주시 이도이동,경상사고,0,0,3,0,차대차 - 측면충돌,안전거리미확보,건조,맑음,단일로 - 기타,이륜,남,18세,경상,승용,여,37세,경상
2016060500100444,2016년 6월 5일 18시,일요일,제주특별자치도 서귀포시 서홍동,경상사고,0,0,2,0,차대차 - 추돌,안전운전불이행,건조,맑음,교차로 - 교차로부근,승용,남,43세,상해없음,승용,여,51세,경상
2016060500100505,2016년 6월 5일 20시,일요일,제주특별자치도 서귀포시 서귀동,경상사고,0,0,3,0,차대차 - 측면직각충돌,신호위반,건조,맑음,교차로 - 교차로안,승용,여,25세,경상,승용,남,48세,경상
2016060600100015,2016년 6월 6일 00시,월요일,제주특별자치도 서귀포시 남원읍,경상사고,0,0,1,0,차대차 - 기타,안전운전불이행,건조,맑음,단일로 - 기타,승용,남,40세,경상,화물,남,61세,기타불명
2016060600100064,2016년 6월 6일 05시,월요일,제주특별자치도 제주시 용담일동,경상사고,0,0,1,0,차대차 - 정면충돌,신호위반,건조,맑음,교차로 - 교차로안,자전거,남,79세,경상,승용,남,57세,상해없음
2016060600100065,2016년 6월 6일 05시,월요일,제주특별자치도 제주시 연동,경상사고,0,0,1,0,차대사람 - 횡단중,보행자보호의무위반,습기,비,단일로 - 횡단보도상,승용,남,55세,상해없음,보행자,여,55세,경상
2016060600100093,2016년 6월 6일 07시,월요일,제주특별자치도 제주시 이도이동,경상사고,0,0,1,0,차대사람 - 횡단중,신호위반,습기,비,단일로 - 횡단보도상,승용,여,48세,상해없음,보행자,여,16세,경상
2016060600100120,2016년 6월 6일 09시,월요일,제주특별자치도 서귀포시 안덕면,경상사고,0,0,1,0,차대차 - 기타,안전거리미확보,건조,맑음,단일로 - 기타,화물,여,39세,상해없음,화물,남,39세,경상
2016060600100139,2016년 6월 6일 10시,월요일,제주특별자치도 서귀포시 호근동,경상사고,0,0,1,0,차대차 - 기타,안전운전불이행,건조,맑음,단일로 - 기타,승합,남,42세,상해없음,자전거,여,55세,경상
2016060600100216,2016년 6월 6일 13시,월요일,제주특별자치도 제주시 구좌읍,경상사고,0,0,6,0,차대차 - 정면충돌,안전거리미확보,습기,흐림,단일로 - 기타,승용,여,30세,경상,승용,남,50세,경상
2016060600100419,2016년 6월 6일 20시,월요일,제주특별자치도 제주시 일도일동,경상사고,0,0,2,0,차대사람 - 횡단중,보행자보호의무위반,습기,비,교차로 - 교차로부근,화물,남,31세,상해없음,보행자,남,60세,경상
2016060600100456,2016년 6월 6일 22시,월요일,제주특별자치도 제주시 연동,경상사고,0,0,1,0,차대차 - 측면직각충돌,직진우회전진행방해,건조,맑음,교차로 - 교차로안,승용,여,46세,상해없음,이륜,남,24세,경상
2016060700100163,2016년 6월 7일 09시,화요일,제주특별자치도 제주시 한경면,경상사고,0,0,1,0,차대차 - 측면충돌,직진우회전진행방해,건조,맑음,교차로 - 교차로안,화물,여,45세,경상,화물,남,40세,상해없음
2016060700100164,2016년 6월 7일 09시,화요일,제주특별자치도 제주시 연동,경상사고,0,0,1,0,차대차 - 기타,직진우회전진행방해,건조,맑음,교차로 - 교차로안,승용,여,43세,상해없음,승용,남,60세,상해없음
2016060700100191,2016년 6월 7일 10시,화요일,제주특별자치도 제주시 연동,중상사고,0,1,0,0,차대사람 - 횡단중,안전운전불이행,건조,맑음,단일로 - 기타,승합,남,37세,상해없음,보행자,남,52세,중상
2016060700100213,2016년 6월 7일 11시,화요일,제주특별자치도 제주시 도남동,경상사고,0,0,3,0,차대차 - 측면직각충돌,교차로운행방법위반,건조,맑음,교차로 - 교차로안,승용,여,43세,경상,승용,여,45세,경상
2016060700100214,2016년 6월 7일 11시,화요일,제주특별자치도 서귀포시 서귀동,중상사고,0,1,0,0,차대차 - 측면직각충돌,직진우회전진행방해,건조,흐림,교차로 - 교차로안,승용,남,55세,상해없음,원동기,남,74세,중상
2016060700100247,2016년 6월 7일 12시,화요일,제주특별자치도 제주시 일도일동,부상신고사고,0,0,0,1,차대차 - 정면충돌,차로위반,기타,맑음,단일로 - 기타,자전거,남,56세,부상신고,승용,남,18세,상해없음
2016060700100248,2016년 6월 7일 12시,화요일,제주특별자치도 제주시 애월읍,경상사고,0,0,1,0,차대차 - 추돌,안전거리미확보,건조,맑음,단일로 - 기타,승용,남,62세,상해없음,승용,여,53세,경상
2016060700100282,2016년 6월 7일 13시,화요일,제주특별자치도 제주시 용담이동,부상신고사고,0,0,0,1,차대차 - 측면충돌,기타,건조,맑음,단일로 - 기타,승용,남,46세,상해없음,원동기,남,49세,부상신고
2016060700100313,2016년 6월 7일 14시,화요일,제주특별자치도 서귀포시 표선면,경상사고,0,0,1,0,차대차 - 측면충돌,직진우회전진행방해,습기,비,교차로 - 교차로안,화물,남,29세,상해없음,승용,여,23세,경상
2016060700100348,2016년 6월 7일 15시,화요일,제주특별자치도 제주시 구좌읍,경상사고,0,0,1,4,차대차 - 정면충돌,안전운전불이행,건조,맑음,교차로 - 교차로안,승용,남,26세,경상,승용,남,36세,부상신고
2016060700100349,2016년 6월 7일 15시,화요일,제주특별자치도 서귀포시 대정읍,경상사고,0,0,1,0,차대차 - 측면충돌,교차로운행방법위반,건조,맑음,교차로 - 교차로안,농기계,남,76세,경상,승용,남,54세,상해없음
2016060700100380,2016년 6월 7일 16시,화요일,제주특별자치도 제주시 용담삼동,중상사고,0,1,0,0,차대차 - 측면충돌,안전운전불이행,건조,맑음,교차로 - 교차로안,승용,여,62세,상해없음,원동기,여,25세,중상
2016060700100428,2016년 6월 7일 17시,화요일,제주특별자치도 제주시 연동,경상사고,0,0,1,0,차대차 - 추돌,안전운전불이행,건조,맑음,단일로 - 기타,승용,남,24세,상해없음,원동기,남,25세,경상
2016060700100468,2016년 6월 7일 18시,화요일,제주특별자치도 서귀포시 서귀동,경상사고,0,0,1,0,차대사람 - 기타,보행자보호의무위반,건조,맑음,교차로 - 교차로안,승용,여,33세,상해없음,보행자,남,18세,경상
2016060700100565,2016년 6월 7일 21시,화요일,제주특별자치도 제주시 이도일동,중상사고,0,1,1,0,차대사람 - 횡단중,안전운전불이행,건조,기타,단일로 - 횡단보도부근,승용,남,54세,상해없음,보행자,여,53세,중상
2016060800100056,2016년 6월 8일 06시,수요일,제주특별자치도 제주시 애월읍,경상사고,0,0,1,0,차대차 - 추돌,안전운전불이행,건조,맑음,교차로 - 교차로부근,승용,남,35세,상해없음,승합,남,54세,경상
2016060800100117,2016년 6월 8일 08시,수요일,제주특별자치도 제주시 도남동,경상사고,0,0,1,0,차대차 - 정면충돌,교차로운행방법위반,기타,맑음,교차로 - 교차로안,승용,남,42세,상해없음,이륜,남,23세,경상
2016060800100160,2016년 6월 8일 09시,수요일,제주특별자치도 제주시 구좌읍,중상사고,0,1,0,0,차량단독 - 전도전복,안전운전불이행,건조,맑음,단일로 - 기타,승용,여,48세,중상,,,,
2016060800100186,2016년 6월 8일 10시,수요일,제주특별자치도 서귀포시 강정동,중상사고,0,1,0,0,차량단독 - 공작물충돌,안전운전불이행,건조,맑음,교차로 - 교차로부근,원동기,남,57세,중상,,,,
2016060800100187,2016년 6월 8일 10시,수요일,제주특별자치도 서귀포시 성산읍,경상사고,0,0,1,0,차대차 - 기타,신호위반,건조,맑음,교차로 - 교차로부근,원동기,여,29세,경상,승용,여,55세,상해없음
2016060800100188,2016년 6월 8일 10시,수요일,제주특별자치도 제주시 연동,경상사고,0,0,1,0,차대사람 - 기타,안전운전불이행,건조,흐림,단일로 - 기타,승용,여,43세,상해없음,보행자,남,63세,경상
2016060800100208,2016년 6월 8일 11시,수요일,제주특별자치도 제주시 조천읍,중상사고,0,2,0,0,차대차 - 추돌,신호위반,건조,맑음,교차로 - 교차로안,화물,남,51세,상해없음,화물,남,35세,중상
2016060800100256,2016년 6월 8일 13시,수요일,제주특별자치도 제주시 도남동,중상사고,0,1,1,0,차대사람 - 기타,안전운전불이행,건조,맑음,단일로 - 기타,승용,남,53세,상해없음,보행자,여,25세,중상
2016060800100257,2016년 6월 8일 13시,수요일,제주특별자치도 제주시 일도일동,경상사고,0,0,1,0,차대차 - 정면충돌,교차로운행방법위반,기타,맑음,교차로 - 교차로안,승용,남,64세,상해없음,승합,남,60세,상해없음
2016060800100321,2016년 6월 8일 15시,수요일,제주특별자치도 서귀포시 안덕면,중상사고,0,1,0,0,차량단독 - 공작물충돌,안전운전불이행,건조,맑음,단일로 - 기타,승용,여,45세,상해없음,,,,
2016060800100322,2016년 6월 8일 15시,수요일,제주특별자치도 제주시 노형동,경상사고,0,0,1,0,차대사람 - 횡단중,안전운전불이행,건조,맑음,교차로 - 교차로부근,승용,남,54세,상해없음,보행자,여,7세,경상
2016060800100348,2016년 6월 8일 16시,수요일,제주특별자치도 제주시 조천읍,경상사고,0,0,2,0,차량단독 - 기타,안전거리미확보,건조,맑음,기타 - 기타,승합,남,57세,상해없음,,,,
2016060800100349,2016년 6월 8일 16시,수요일,제주특별자치도 제주시 일도일동,경상사고,0,0,1,0,차대차 - 추돌,안전거리미확보,기타,맑음,단일로 - 기타,승용,남,30세,상해없음,승용,남,59세,경상
2016060900100179,2016년 6월 9일 10시,목요일,제주특별자치도 제주시 조천읍,중상사고,0,1,1,0,차대차 - 정면충돌,안전운전불이행,건조,맑음,단일로 - 기타,승합,남,46세,상해없음,이륜,여,25세,경상
2016060900100180,2016년 6월 9일 10시,목요일,제주특별자치도 서귀포시 남원읍,중상사고,0,1,0,0,차대사람 - 기타,안전운전불이행,건조,맑음,단일로 - 교량,승합,남,50세,상해없음,보행자,남,63세,중상
2016060900100227,2016년 6월 9일 12시,목요일,제주특별자치도 제주시 오등동,중상사고,0,1,0,0,차대차 - 정면충돌,기타,기타,맑음,교차로 - 교차로안,승용,남,22세,상해없음,이륜,남,49세,중상
2016060900100280,2016년 6월 9일 14시,목요일,제주특별자치도 제주시 연동,중상사고,0,1,0,0,차대차 - 정면충돌,직진우회전진행방해,건조,맑음,교차로 - 교차로안,승용,여,42세,상해없음,승용,남,46세,중상
2016060900100304,2016년 6월 9일 15시,목요일,제주특별자치도 제주시 연동,경상사고,0,0,1,0,차대사람 - 횡단중,신호위반,건조,맑음,교차로 - 교차로부근,승용,남,58세,상해없음,보행자,여,53세,경상
2016060900100339,2016년 6월 9일 16시,목요일,제주특별자치도 제주시 오라일동,경상사고,0,0,1,0,차대차 - 추돌,안전운전불이행,건조,맑음,기타 - 기타,승합,남,44세,기타불명,화물,남,35세,경상
2016060900100340,2016년 6월 9일 16시,목요일,제주특별자치도 제주시 건입동,중상사고,0,1,0,0,차대차 - 추돌,안전운전불이행,건조,맑음,교차로 - 교차로부근,승용,남,80세,상해없음,승용,여,51세,중상
2016060900100341,2016년 6월 9일 16시,목요일,제주특별자치도 제주시 아라일동,중상사고,0,1,0,0,차대차 - 정면충돌,교차로운행방법위반,건조,맑음,교차로 - 교차로안,승합,남,56세,상해없음,승용,남,43세,중상
2016060900100391,2016년 6월 9일 17시,목요일,제주특별자치도 제주시 외도일동,중상사고,0,1,0,0,차대사람 - 보도통행중,안전운전불이행,건조,맑음,단일로 - 기타,승용,여,44세,상해없음,보행자,남,7세,중상
2016060900100392,2016년 6월 9일 17시,목요일,제주특별자치도 제주시 노형동,경상사고,0,0,1,0,차대사람 - 횡단중,안전운전불이행,건조,맑음,교차로 - 교차로부근,승합,남,60세,상해없음,보행자,남,36세,경상
2016060900100443,2016년 6월 9일 18시,목요일,제주특별자치도 서귀포시 성산읍,경상사고,0,0,1,3,차량단독 - 공작물충돌,안전운전불이행,건조,맑음,단일로 - 기타,승용,남,38세,경상,,,,
2016060900100509,2016년 6월 9일 20시,목요일,제주특별자치도 서귀포시 법환동,부상신고사고,0,0,0,1,차대차 - 기타,직진우회전진행방해,건조,맑음,교차로 - 교차로안,승용,남,46세,상해없음,승용,남,46세,상해없음
2016061000100015,2016년 6월 10일 00시,금요일,제주특별자치도 제주시 연동,중상사고,0,2,0,0,차대차 - 측면직각충돌,신호위반,건조,맑음,교차로 - 교차로부근,승용,남,51세,상해없음,승용,남,45세,중상
2016061000100026,2016년 6월 10일 01시,금요일,제주특별자치도 제주시 이도이동,경상사고,0,0,1,0,차대차 - 측면직각충돌,안전거리미확보,건조,맑음,단일로 - 기타,승합,남,21세,상해없음,승용,남,47세,상해없음
2016061000100042,2016년 6월 10일 02시,금요일,제주특별자치도 제주시 연동,중상사고,0,1,2,0,차대차 - 측면직각충돌,중앙선침범,건조,맑음,교차로 - 교차로안,승용,남,39세,경상,승용,남,48세,중상
2016061000100096,2016년 6월 10일 07시,금요일,제주특별자치도 제주시 한림읍,중상사고,0,2,0,0,차대차 - 측면직각충돌,안전거리미확보,건조,맑음,단일로 - 기타,이륜,남,77세,중상,화물,남,36세,상해없음
2016061000100132,2016년 6월 10일 08시,금요일,제주특별자치도 서귀포시 회수동,중상사고,0,1,0,0,차대차 - 기타,직진우회전진행방해,건조,맑음,교차로 - 교차로안,승용,남,46세,상해없음,승용,여,36세,중상
2016061000100133,2016년 6월 10일 08시,금요일,제주특별자치도 제주시 노형동,중상사고,0,1,2,1,차대사람 - 횡단중,안전운전불이행,건조,맑음,교차로 - 교차로안,승용,여,41세,경상,보행자,남,15세,중상
2016061000100272,2016년 6월 10일 12시,금요일,제주특별자치도 제주시 화북이동,경상사고,0,0,1,0,차대차 - 기타,교차로운행방법위반,건조,맑음,교차로 - 교차로부근,화물,남,57세,상해없음,승합,남,44세,상해없음
2016061000100299,2016년 6월 10일 13시,금요일,제주특별자치도 서귀포시 표선면,경상사고,0,0,1,1,차대차 - 측면직각충돌,신호위반,건조,맑음,교차로 - 교차로안,승용,남,31세,부상신고,승용,남,83세,경상