사고번호,사고일시,요일,시군구,사고내용,사망자수,중상자수,경상자수,부상신고자수,사고유형,법규위반,노면상태,기상상태,도로형태,가해운전자 차종,가해운전자 성별,가해운전자 연령,가해운전자 상해정도,피해운전자 차종,피해운전자 성별,피해운전자 연령,피해운전자 상해정도
2016061000100372,2016년 6월 10일 15시,금요일,제주특별자치도 제주시 일도이동,경상사고,0,0,3,0,차대차 - 추돌,안전거리미확보,건조,맑음,교차로 - 교차로안,승용,남,39세,경상,승용,여,39세,경상
2016061000100468,2016년 6월 10일 17시,금요일,제주특별자치도 서귀포시 상예동,중상사고,0,1,0,0,차대차 - 기타,안전운전불이행,건조,맑음,단일로 - 기타,승용,남,31세,상해없음,화물,남,40세,기타불명
2016061000100469,2016년 6월 10일 17시,금요일,제주특별자치도 서귀포시 서호동,경상사고,0,0,1,0,차대차 - 기타,교차로운행방법위반,건조,맑음,교차로 - 교차로안,승용,남,44세,기타불명,승용,남,61세,경상
2016061000100518,2016년 6월 10일 18시,금요일,제주특별자치도 제주시 오라이동,중상사고,0,2,1,0,차대차 - 정면충돌,교차로운행방법위반,건조,맑음,교차로 - 교차로안,승용,여,44세,경상,승용,여,60세,중상
2016061000100519,2016년 6월 10일 18시,금요일,제주특별자치도 제주시 노형동,부상신고사고,0,0,0,1,차량단독 - 전도전복,안전운전불이행,건조,맑음,교차로 - 교차로부근,이륜,남,27세,부상신고,,,,
2016061000100556,2016년 6월 10일 19시,금요일,제주특별자치도 제주시 이도이동,경상사고,0,0,1,0,차대사람 - 차도통행중,기타,건조,흐림,단일로 - 기타,기타불명,기타불명,기타불명,기타불명,보행자,여,16세,경상
2016061100100016,2016년 6월 11일 00시,토요일,제주특별자치도 제주시 연동,경상사고,0,0,1,0,차대사람 - 기타,안전운전불이행,건조,맑음,교차로 - 교차로안,승용,남,18세,상해없음,보행자,남,29세,경상
2016061100100124,2016년 6월 11일 07시,토요일,제주특별자치도 서귀포시 남원읍,사망사고,1,0,0,0,차대차 - 측면직각충돌,기타,건조,흐림,교차로 - 교차로안,이륜,남,67세,사망,화물,남,57세,상해없음
2016061100100187,2016년 6월 11일 09시,토요일,제주특별자치도 서귀포시 성산읍,경상사고,0,0,1,0,차대차 - 기타,안전운전불이행,건조,맑음,교차로 - 교차로안,승용,남,24세,상해없음,자전거,남,56세,경상
2016061100100240,2016년 6월 11일 11시,토요일,제주특별자치도 제주시 삼도일동,경상사고,0,0,1,0,차대차 - 정면충돌,안전운전불이행,건조,흐림,교차로 - 교차로부근,승용,남,35세,기타불명,자전거,남,70세,경상
2016061100100280,2016년 6월 11일 12시,토요일,제주특별자치도 제주시 건입동,중상사고,0,1,0,0,차대사람 - 횡단중,보행자보호의무위반,건조,맑음,교차로 - 교차로안,승용,여,30세,상해없음,보행자,여,51세,중상
2016061100100281,2016년 6월 11일 12시,토요일,제주특별자치도 제주시 애월읍,경상사고,0,0,4,0,차대차 - 정면충돌,중앙선침범,건조,맑음,단일로 - 기타,승용,여,37세,경상,승용,남,34세,경상
2016061100100325,2016년 6월 11일 13시,토요일,제주특별자치도 서귀포시 서귀동,중상사고,0,1,0,0,차대사람 - 횡단중,안전운전불이행,건조,맑음,교차로 - 교차로안,화물,남,42세,상해없음,보행자,여,59세,중상
2016061100100485,2016년 6월 11일 17시,토요일,제주특별자치도 제주시 연동,부상신고사고,0,0,0,1,차대차 - 측면충돌,직진우회전진행방해,건조,맑음,교차로 - 교차로안,승용,남,52세,상해없음,이륜,남,45세,부상신고
2016061100100515,2016년 6월 11일 18시,토요일,제주특별자치도 제주시 연동,경상사고,0,0,1,1,차대차 - 기타,교차로운행방법위반,건조,맑음,교차로 - 교차로안,승용,남,51세,상해없음,승용,남,32세,경상
2016061100100516,2016년 6월 11일 18시,토요일,제주특별자치도 제주시 연동,경상사고,0,0,1,0,차대사람 - 횡단중,안전운전불이행,기타,기타,교차로 - 교차로부근,기타불명,기타불명,기타불명,기타불명,보행자,여,65세,경상
2016061100100548,2016년 6월 11일 19시,토요일,제주특별자치도 제주시 용담삼동,경상사고,0,0,1,0,차대차 - 추돌,안전거리미확보,건조,맑음,단일로 - 기타,승용,여,56세,상해없음,승용,남,39세,경상
2016061100100647,2016년 6월 11일 22시,토요일,제주특별자치도 제주시 도남동,경상사고,0,0,1,0,차대차 - 정면충돌,안전운전불이행,건조,맑음,단일로 - 기타,승용,남,31세,상해없음,승용,여,29세,경상
2016061200100151,2016년 6월 12일 10시,일요일,제주특별자치도 제주시 일도이동,경상사고,0,0,6,0,차대차 - 정면충돌,안전거리미확보,습기,비,단일로 - 기타,승용,여,60세,상해없음,승합,여,56세,경상
2016061200100251,2016년 6월 12일 14시,일요일,제주특별자치도 제주시 구좌읍,중상사고,0,1,3,0,차대차 - 기타,중앙선침범,건조,맑음,교차로 - 교차로부근,승용,남,25세,상해없음,승용,여,30세,경상
2016061200100252,2016년 6월 12일 14시,일요일,제주특별자치도 제주시 노형동,경상사고,0,0,2,0,차대차 - 측면충돌,직진우회전진행방해,건조,맑음,교차로 - 교차로안,화물,남,69세,상해없음,승용,여,42세,경상
2016061200100284,2016년 6월 12일 15시,일요일,제주특별자치도 제주시 도두일동,경상사고,0,0,1,0,차대차 - 측면충돌,안전운전불이행,기타,흐림,기타 - 기타,화물,남,40세,상해없음,화물,남,42세,경상
2016061200100361,2016년 6월 12일 18시,일요일,제주특별자치도 제주시 영평동,경상사고,0,0,1,0,차대차 - 정면충돌,중앙선침범,건조,맑음,단일로 - 기타,기타불명,기타불명,기타불명,기타불명,이륜,남,18세,경상
2016061200100417,2016년 6월 12일 20시,일요일,제주특별자치도 제주시 노형동,중상사고,0,1,3,0,차대차 - 정면충돌,기타,건조,맑음,교차로 - 교차로안,승용,남,28세,상해없음,승용,남,45세,경상
2016061200100445,2016년 6월 12일 21시,일요일,제주특별자치도 제주시 삼도일동,경상사고,0,0,4,0,차대차 - 추돌,안전운전불이행,건조,맑음,교차로 - 교차로부근,승용,남,35세,상해없음,승용,여,29세,경상
2016061200100446,2016년 6월 12일 21시,일요일,제주특별자치도 서귀포시 안덕면,중상사고,0,1,0,0,차대차 - 기타,안전운전불이행,습기,비,기타 - 기타,승용,남,50세,상해없음,화물,여,59세,기타불명
2016061200100447,2016년 6월 12일 21시,일요일,제주특별자치도 제주시 애월읍,부상신고사고,0,0,0,1,차량단독 - 전도전복,안전운전불이행,건조,맑음,단일로 - 기타,승용,남,27세,부상신고,,,,
2016061200100466,2016년 6월 12일 22시,일요일,제주특별자치도 제주시 연동,중상사고,0,1,0,1,차대차 - 측면충돌,안전운전불이행,건조,맑음,단일로 - 기타,승용,남,41세,상해없음,이륜,남,43세,중상
2016061300100034,2016년 6월 13일 05시,월요일,제주특별자치도 서귀포시 서귀동,부상신고사고,0,0,0,1,차량단독 - 전도전복,교차로운행방법위반,건조,맑음,교차로 - 교차로안,승용,남,23세,부상신고,,,,
2016061300100077,2016년 6월 13일 07시,월요일,제주특별자치도 제주시 애월읍,경상사고,0,0,1,0,차대사람 - 횡단중,과속,건조,맑음,교차로 - 교차로안,승용,남,22세,상해없음,보행자,여,86세,경상
2016061300100078,2016년 6월 13일 07시,월요일,제주특별자치도 제주시 노형동,경상사고,0,0,1,0,차대차 - 측면직각충돌,교차로운행방법위반,건조,맑음,교차로 - 교차로안,승용,남,77세,상해없음,승용,남,55세,경상
2016061300100180,2016년 6월 13일 10시,월요일,제주특별자치도 제주시 조천읍,경상사고,0,0,1,0,차대사람 - 횡단중,안전운전불이행,기타,맑음,단일로 - 기타,승용,여,53세,상해없음,보행자,여,25세,경상
2016061300100181,2016년 6월 13일 10시,월요일,제주특별자치도 제주시 아라이동,경상사고,0,0,1,0,차대차 - 정면충돌,차로위반,건조,맑음,단일로 - 기타,화물,남,27세,상해없음,승용,여,53세,경상
2016061300100239,2016년 6월 13일 12시,월요일,제주특별자치도 제주시 연동,중상사고,0,1,0,0,차대사람 - 기타,안전운전불이행,건조,맑음,교차로 - 교차로부근,승합,남,42세,상해없음,보행자,여,60세,중상
2016061300100335,2016년 6월 13일 15시,월요일,제주특별자치도 제주시 우도면,경상사고,0,0,2,0,차대차 - 추돌,안전거리미확보,기타,맑음,단일로 - 기타,이륜,남,23세,상해없음,이륜,남,46세,경상
2016061300100336,2016년 6월 13일 15시,월요일,제주특별자치도 제주시 노형동,경상사고,0,0,1,0,차대차 - 측면충돌,직진우회전진행방해,건조,맑음,교차로 - 교차로안,승용,남,66세,상해없음,원동기,남,44세,경상
2016061300100375,2016년 6월 13일 16시,월요일,제주특별자치도 제주시 한림읍,경상사고,0,0,1,0,차대사람 - 차도통행중,안전운전불이행,건조,맑음,단일로 - 기타,화물,남,47세,상해없음,보행자,여,81세,경상
2016061300100376,2016년 6월 13일 16시,월요일,제주특별자치도 제주시 노형동,경상사고,0,0,1,0,차대사람 - 보도통행중,기타,건조,맑음,기타 - 기타,승용,남,34세,상해없음,보행자,여,56세,경상
2016061300100416,2016년 6월 13일 17시,월요일,제주특별자치도 제주시 아라이동,중상사고,0,1,0,0,차대사람 - 횡단중,보행자보호의무위반,건조,맑음,단일로 - 횡단보도상,기타불명,기타불명,기타불명,기타불명,보행자,여,13세,중상
2016061300100417,2016년 6월 13일 17시,월요일,제주특별자치도 서귀포시 서홍동,중상사고,0,2,1,1,차대사람 - 횡단중,신호위반,건조,맑음,교차로 - 교차로부근,승용,남,24세,상해없음,보행자,여,32세,경상
2016061300100418,2016년 6월 13일 17시,월요일,제주특별자치도 제주시 노형동,경상사고,0,0,1,0,차대차 - 측면직각충돌,교차로운행방법위반,건조,맑음,교차로 - 교차로안,승용,남,30세,경상,승용,남,70세,상해없음
2016061400100031,2016년 6월 14일 03시,화요일,제주특별자치도 서귀포시 성산읍,중상사고,0,1,0,0,차량단독 - 공작물충돌,안전운전불이행,건조,맑음,단일로 - 기타,승용,남,25세,중상,,,,
2016061400100085,2016년 6월 14일 07시,화요일,제주특별자치도 서귀포시 동홍동,중상사고,0,1,0,0,차대차 - 기타,안전거리미확보,건조,맑음,단일로 - 기타,승용,여,50세,상해없음,자전거,남,17세,중상
2016061400100086,2016년 6월 14일 07시,화요일,제주특별자치도 제주시 애월읍,경상사고,0,0,1,0,차대차 - 추돌,안전거리미확보,건조,맑음,교차로 - 교차로안,승용,남,26세,상해없음,승용,여,40세,경상
2016061400100127,2016년 6월 14일 08시,화요일,제주특별자치도 제주시 화북이동,중상사고,0,1,1,0,차대차 - 정면충돌,안전운전불이행,건조,맑음,단일로 - 기타,승합,남,46세,상해없음,승용,남,72세,중상
2016061400100159,2016년 6월 14일 09시,화요일,제주특별자치도 제주시 애월읍,중상사고,0,2,4,1,차대차 - 기타,중앙선침범,건조,맑음,단일로 - 기타,승용,여,67세,경상,승용,여,32세,부상신고
2016061400100243,2016년 6월 14일 12시,화요일,제주특별자치도 서귀포시 안덕면,부상신고사고,0,0,0,1,차량단독 - 기타,안전운전불이행,건조,맑음,단일로 - 기타,이륜,남,46세,부상신고,,,,
2016061400100340,2016년 6월 14일 15시,화요일,제주특별자치도 서귀포시 서귀동,중상사고,0,1,0,0,차대차 - 측면직각충돌,직진우회전진행방해,건조,맑음,교차로 - 교차로안,이륜,여,72세,중상,승용,여,31세,상해없음
2016061400100377,2016년 6월 14일 16시,화요일,제주특별자치도 제주시 이도이동,경상사고,0,0,1,0,차대차 - 정면충돌,신호위반,건조,맑음,교차로 - 교차로안,승용,여,41세,상해없음,승용,남,37세,경상
2016061400100378,2016년 6월 14일 16시,화요일,제주특별자치도 제주시 이도이동,경상사고,0,0,1,0,차대사람 - 기타,기타,건조,맑음,단일로 - 기타,승용,여,55세,상해없음,보행자,남,2세,경상
2016061400100379,2016년 6월 14일 16시,화요일,제주특별자치도 제주시 한경면,경상사고,0,0,1,0,차량단독 - 전도전복,안전운전불이행,건조,맑음,단일로 - 기타,원동기,남,83세,경상,,,,
2016061400100380,2016년 6월 14일 16시,화요일,제주특별자치도 제주시 노형동,경상사고,0,0,3,1,차대차 - 정면충돌,중앙선침범,건조,맑음,단일로 - 기타,승용,남,59세,상해없음,승용,여,42세,경상
2016061400100417,2016년 6월 14일 17시,화요일,제주특별자치도 제주시 화북일동,경상사고,0,0,2,0,차대차 - 정면충돌,신호위반,건조,맑음,교차로 - 교차로부근,승용,남,57세,상해없음,승용,남,51세,경상
2016061400100533,2016년 6월 14일 20시,화요일,제주특별자치도 제주시 용담이동,경상사고,0,0,1,0,차대차 - 기타,안전거리미확보,건조,맑음,단일로 - 기타,승용,남,51세,상해없음,승용,남,24세,경상
2016061500100035,2016년 6월 15일 02시,수요일,제주특별자치도 제주시 조천읍,중상사고,0,1,4,0,차대차 - 측면직각충돌,교차로운행방법위반,건조,기타,교차로 - 교차로안,승용,남,48세,경상,승용,남,33세,경상
2016061500100150,2016년 6월 15일 08시,수요일,제주특별자치도 제주시 건입동,경상사고,0,0,1,0,차대차 - 추돌,안전거리미확보,건조,맑음,교차로 - 교차로부근,승용,여,53세,상해없음,승용,여,52세,경상
2016061500100302,2016년 6월 15일 13시,수요일,제주특별자치도 제주시 애월읍,경상사고,0,0,1,0,차대차 - 추돌,안전운전불이행,건조,맑음,단일로 - 기타,승합,남,48세,상해없음,승용,여,32세,경상
2016061500100403,2016년 6월 15일 16시,수요일,제주특별자치도 제주시 조천읍,경상사고,0,0,1,0,차대차 - 정면충돌,안전운전불이행,건조,맑음,교차로 - 교차로부근,건설기계,남,59세,상해없음,승용,여,33세,경상
2016061500100404,2016년 6월 15일 16시,수요일,제주특별자치도 제주시 이도이동,경상사고,0,0,2,0,차대차 - 정면충돌,신호위반,건조,맑음,교차로 - 교차로안,이륜,남,35세,경상,승용,여,52세,경상
2016061500100439,2016년 6월 15일 17시,수요일,제주특별자치도 제주시 조천읍,중상사고,0,3,5,0,차대차 - 정면충돌,신호위반,기타,맑음,교차로 - 교차로안,화물,남,35세,경상,승합,여,43세,중상
2016061500100440,2016년 6월 15일 17시,수요일,제주특별자치도 제주시 조천읍,중상사고,0,1,0,0,차대차 - 추돌,안전거리미확보,건조,맑음,단일로 - 기타,화물,남,65세,상해없음,이륜,남,36세,중상
2016061500100505,2016년 6월 15일 19시,수요일,제주특별자치도 제주시 일도이동,경상사고,0,0,1,0,차대차 - 정면충돌,직진우회전진행방해,건조,맑음,교차로 - 교차로안,승용,남,47세,상해없음,이륜,남,35세,경상
2016061600100117,2016년 6월 16일 08시,목요일,제주특별자치도 제주시 영평동,경상사고,0,0,1,0,차대사람 - 기타,안전운전불이행,건조,맑음,교차로 - 교차로안,승용,남,52세,상해없음,보행자,남,33세,경상
2016061600100118,2016년 6월 16일 08시,목요일,제주특별자치도 서귀포시 남원읍,중상사고,0,2,0,0,차대차 - 측면충돌,직진우회전진행방해,건조,맑음,교차로 - 교차로안,승용,남,80세,상해없음,승용,남,26세,중상
2016061600100119,2016년 6월 16일 08시,목요일,제주특별자치도 제주시 애월읍,중상사고,0,3,2,4,차량단독 - 전도전복,안전운전불이행,건조,맑음,단일로 - 기타,승합,남,44세,상해없음,,,,
2016061600100147,2016년 6월 16일 09시,목요일,제주특별자치도 제주시 노형동,중상사고,0,1,0,0,차대사람 - 횡단중,안전운전불이행,건조,맑음,단일로 - 기타,승용,남,61세,상해없음,보행자,여,27세,중상
2016061600100175,2016년 6월 16일 10시,목요일,제주특별자치도 서귀포시 신효동,중상사고,0,1,0,0,차대차 - 기타,교차로운행방법위반,건조,맑음,교차로 - 교차로안,승용,여,41세,상해없음,원동기,여,78세,중상
2016061600100203,2016년 6월 16일 11시,목요일,제주특별자치도 서귀포시 동홍동,경상사고,0,0,1,0,차대사람 - 기타,기타,건조,맑음,단일로 - 기타,승용,여,67세,상해없음,보행자,여,52세,경상
2016061600100259,2016년 6월 16일 13시,목요일,제주특별자치도 제주시 오라일동,경상사고,0,0,1,0,차대사람 - 횡단중,보행자보호의무위반,건조,맑음,교차로 - 교차로부근,승용,남,66세,상해없음,보행자,여,18세,경상
2016061600100290,2016년 6월 16일 14시,목요일,제주특별자치도 서귀포시 대정읍,중상사고,0,1,0,0,차대차 - 측면충돌,직진우회전진행방해,건조,맑음,교차로 - 교차로안,승용,여,52세,상해없음,자전거,여,76세,중상
2016061600100324,2016년 6월 16일 15시,목요일,제주특별자치도 서귀포시 남원읍,경상사고,0,0,1,0,차대차 - 측면직각충돌,기타,건조,흐림,교차로 - 교차로안,승용,남,35세,경상,화물,남,29세,상해없음
2016061600100325,2016년 6월 16일 15시,목요일,제주특별자치도 제주시 연동,부상신고사고,0,0,0,1,차대사람 - 기타,안전운전불이행,건조,흐림,기타 - 기타,기타불명,기타불명,기타불명,기타불명,보행자,남,25세,부상신고
2016061600100326,2016년 6월 16일 15시,목요일,제주특별자치도 제주시 연동,경상사고,0,0,1,0,차대차 - 측면충돌,직진우회전진행방해,건조,맑음,교차로 - 교차로안,승용,여,23세,상해없음,승용,남,32세,경상
2016061600100359,2016년 6월 16일 16시,목요일,제주특별자치도 서귀포시 하원동,경상사고,0,0,2,0,차대차 - 측면직각충돌,안전운전불이행,건조,흐림,교차로 - 교차로안,승용,여,52세,상해없음,승용,여,27세,경상
2016061700100034,2016년 6월 17일 02시,금요일,제주특별자치도 제주시 일도이동,경상사고,0,0,1,0,차대차 - 추돌,안전운전불이행,건조,맑음,기타 - 기타,화물,남,53세,상해없음,자전거,남,72세,경상
2016061700100058,2016년 6월 17일 05시,금요일,제주특별자치도 제주시 삼양일동,경상사고,0,0,1,0,차량단독 - 전도전복,안전운전불이행,건조,맑음,단일로 - 기타,이륜,남,71세,경상,,,,
2016061700100140,2016년 6월 17일 08시,금요일,제주특별자치도 제주시 한림읍,경상사고,0,0,1,0,차대차 - 측면충돌,기타,건조,맑음,단일로 - 기타,승용,남,26세,상해없음,자전거,여,23세,경상
2016061700100170,2016년 6월 17일 09시,금요일,제주특별자치도 제주시 용담이동,경상사고,0,0,1,0,차대차 - 측면직각충돌,직진우회전진행방해,건조,맑음,교차로 - 교차로안,승용,남,69세,상해없음,승용,남,23세,경상
2016061700100199,2016년 6월 17일 10시,금요일,제주특별자치도 제주시 애월읍,경상사고,0,0,2,0,차량단독 - 전도전복,안전운전불이행,건조,맑음,단일로 - 기타,승용,남,20세,경상,,,,
2016061700100200,2016년 6월 17일 10시,금요일,제주특별자치도 제주시 한림읍,경상사고,0,0,2,0,차대차 - 추돌,안전거리미확보,건조,맑음,단일로 - 기타,승용,여,47세,상해없음,승용,남,40세,경상
2016061700100253,2016년 6월 17일 12시,금요일,제주특별자치도 제주시 한림읍,경상사고,0,0,1,0,차대차 - 측면직각충돌,기타,건조,맑음,단일로 - 기타,화물,남,63세,상해없음,승용,남,28세,상해없음
2016061700100275,2016년 6월 17일 13시,금요일,제주특별자치도 서귀포시 서홍동,경상사고,0,0,2,0,차대차 - 추돌,안전운전불이행,건조,맑음,교차로 - 교차로안,화물,남,23세,상해없음,승합,남,26세,경상
2016061700100427,2016년 6월 17일 17시,금요일,제주특별자치도 서귀포시 성산읍,경상사고,0,0,1,0,차대차 - 측면충돌,교차로운행방법위반,건조,맑음,교차로 - 교차로안,승용,남,51세,경상,승용,남,34세,상해없음
2016061700100472,2016년 6월 17일 18시,금요일,제주특별자치도 제주시 용담이동,부상신고사고,0,0,0,1,차대차 - 측면직각충돌,기타,건조,맑음,교차로 - 교차로안,승용,남,39세,부상신고,승합,남,45세,상해없음
2016061700100625,2016년 6월 17일 22시,금요일,제주특별자치도 서귀포시 서귀동,경상사고,0,0,1,0,차대차 - 측면충돌,직진우회전진행방해,건조,맑음,교차로 - 교차로안,승용,남,65세,상해없음,승용,여,49세,상해없음
2016061800100112,2016년 6월 18일 07시,토요일,제주특별자치도 서귀포시 안덕면,경상사고,0,0,3,0,차대차 - 측면직각충돌,직진우회전진행방해,건조,맑음,교차로 - 교차로안,화물,남,46세,상해없음,승용,여,41세,경상
2016061800100159,2016년 6월 18일 09시,토요일,제주특별자치도 제주시 한림읍,경상사고,0,0,1,0,차대차 - 측면충돌,안전운전불이행,건조,맑음,교차로 - 교차로부근,자전거,남,89세,경상,승합,남,48세,상해없음
2016061800100415,2016년 6월 18일 16시,토요일,제주특별자치도 서귀포시 상예동,사망사고,1,0,0,0,차대차 - 측면직각충돌,직진우회전진행방해,습기,비,교차로 - 교차로안,화물,남,36세,상해없음,이륜,남,71세,사망
2016061800100527,2016년 6월 18일 19시,토요일,제주특별자치도 제주시 연동,부상신고사고,0,0,0,2,차대차 - 측면직각충돌,교차로운행방법위반,습기,비,교차로 - 교차로안,승용,남,50세,상해없음,이륜,남,19세,부상신고
2016061900100016,2016년 6월 19일 00시,일요일,제주특별자치도 제주시 건입동,중상사고,0,1,0,0,차대사람 - 차도통행중,안전운전불이행,건조,흐림,단일로 - 기타,승용,남,19세,상해없음,보행자,남,54세,중상
2016061900100069,2016년 6월 19일 03시,일요일,제주특별자치도 제주시 삼도일동,중상사고,0,1,0,0,차대사람 - 횡단중,신호위반,건조,맑음,교차로 - 교차로안,승용,남,64세,상해없음,보행자,남,51세,중상
2016061900100070,2016년 6월 19일 03시,일요일,제주특별자치도 제주시 애월읍,경상사고,0,0,1,1,차량단독 - 전도전복,안전운전불이행,건조,맑음,단일로 - 기타,승용,남,26세,경상,,,,
2016061900100142,2016년 6월 19일 08시,일요일,제주특별자치도 제주시 구좌읍,중상사고,0,1,0,0,차대차 - 정면충돌,안전운전불이행,건조,맑음,단일로 - 기타,화물,남,30세,상해없음,농기계,남,76세,중상
2016061900100153,2016년 6월 19일 09시,일요일,제주특별자치도 제주시 한림읍,경상사고,0,0,2,0,차대차 - 추돌,안전운전불이행,건조,맑음,단일로 - 기타,승용,남,56세,경상,승용,남,47세,경상
2016061900100211,2016년 6월 19일 12시,일요일,제주특별자치도 서귀포시 서귀동,경상사고,0,0,1,0,차대차 - 측면충돌,신호위반,건조,맑음,교차로 - 교차로안,승용,남,28세,상해없음,승용,남,60세,경상
2016061900100255,2016년 6월 19일 14시,일요일,제주특별자치도 제주시 외도이동,경상사고,0,0,2,0,차대차 - 추돌,안전운전불이행,건조,맑음,기타 - 기타,화물,여,58세,상해없음,승용,여,49세,경상
2016061900100288,2016년 6월 19일 15시,일요일,제주특별자치도 제주시 이도일동,경상사고,0,0,1,0,차대차 - 측면직각충돌,안전운전불이행,건조,맑음,단일로 - 기타,승용,여,39세,상해없음,이륜,남,33세,경상
2016061900100289,2016년 6월 19일 15시,일요일,제주특별자치도 제주시 용담이동,경상사고,0,0,1,0,차대사람 - 기타,안전운전불이행,건조,맑음,교차로 - 교차로부근,기타불명,기타불명,기타불명,기타불명,보행자,남,17세,경상
2016061900100416,2016년 6월 19일 19시,일요일,제주특별자치도 제주시 화북일동,중상사고,0,1,0,0,차대차 - 측면충돌,안전운전불이행,건조,맑음,교차로 - 교차로안,이륜,남,17세,중상,승용,남,31세,상해없음
2016061900100417,2016년 6월 19일 19시,일요일,제주특별자치도 제주시 연동,경상사고,0,0,1,0,차대차 - 기타,안전운전불이행,건조,맑음,교차로 - 교차로안,승용,여,55세,상해없음,승용,남,61세,상해없음
2016061900100444,2016년 6월 19일 20시,일요일,제주특별자치도 제주시 노형동,경상사고,0,0,2,0,차대차 - 추돌,직진우회전진행방해,건조,맑음,교차로 - 교차로안,승용,남,56세,경상,승용,남,49세,경상
2016061900100467,2016년 6월 19일 21시,일요일,제주특별자치도 제주시 이도일동,경상사고,0,0,2,0,차대차 - 추돌,신호위반,기타,맑음,교차로 - 교차로안,이륜,남,20세,경상,승용,여,74세,경상
2016061900100468,2016년 6월 19일 21시,일요일,제주특별자치도 제주시 노형동,경상사고,0,0,1,0,차대사람 - 길가장자리구역통행중,안전운전불이행,건조,맑음,교차로 - 교차로안,승용,남,41세,상해없음,보행자,남,26세,경상
2016061900100494,2016년 6월 19일 22시,일요일,제주특별자치도 제주시 이도이동,중상사고,0,1,1,0,차대사람 - 횡단중,보행자보호의무위반,건조,맑음,단일로 - 횡단보도상,승용,여,59세,상해없음,보행자,여,28세,경상
2016062000100135,2016년 6월 20일 08시,월요일,제주특별자치도 제주시 애월읍,경상사고,0,0,1,0,차대차 - 기타,안전운전불이행,건조,맑음,단일로 - 기타,이륜,남,33세,경상,승용,여,32세,상해없음
2016062000100163,2016년 6월 20일 09시,월요일,제주특별자치도 제주시 애월읍,중상사고,0,1,3,0,차대차 - 측면직각충돌,중앙선침범,건조,맑음,교차로 - 교차로안,승용,여,41세,상해없음,승용,여,43세,경상
2016062000100197,2016년 6월 20일 10시,월요일,제주특별자치도 제주시 조천읍,중상사고,0,1,0,0,차대사람 - 길가장자리구역통행중,안전운전불이행,건조,맑음,교차로 - 교차로부근,화물,남,47세,상해없음,보행자,여,90세 이상,중상
2016062000100307,2016년 6월 20일 13시,월요일,제주특별자치도 제주시 용담일동,경상사고,0,0,1,0,차대차 - 정면충돌,교차로운행방법위반,건조,맑음,교차로 - 교차로안,승용,남,55세,상해없음,승용,여,63세,경상
2016062000100308,2016년 6월 20일 13시,월요일,제주특별자치도 서귀포시 회수동,중상사고,0,1,1,2,차대차 - 추돌,안전거리미확보,습기,비,교차로 - 교차로부근,승용,남,31세,상해없음,승용,남,30세,부상신고
2016062000100350,2016년 6월 20일 14시,월요일,제주특별자치도 제주시 삼양이동,경상사고,0,0,1,0,차대차 - 정면충돌,교차로운행방법위반,습기,비,교차로 - 교차로안,승용,여,48세,상해없음,승용,남,47세,경상
2016062000100351,2016년 6월 20일 14시,월요일,제주특별자치도 제주시 애월읍,경상사고,0,0,1,0,차대차 - 기타,직진우회전진행방해,건조,맑음,교차로 - 교차로안,화물,남,38세,상해없음,승용,여,50세,경상
2016062000100396,2016년 6월 20일 15시,월요일,제주특별자치도 제주시 연동,경상사고,0,0,1,0,차대사람 - 보도통행중,안전운전불이행,건조,맑음,단일로 - 기타,승용,남,39세,상해없음,보행자,여,51세,경상
2016062000100434,2016년 6월 20일 16시,월요일,제주특별자치도 제주시 이도이동,경상사고,0,0,1,0,차대차 - 측면충돌,차로위반,기타,맑음,단일로 - 기타,승용,여,39세,상해없음,승용,여,34세,경상
2016062000100435,2016년 6월 20일 16시,월요일,제주특별자치도 서귀포시 서귀동,경상사고,0,0,1,0,차대차 - 측면직각충돌,불법유턴,습기,비,단일로 - 횡단보도상,자전거,남,14세,경상,승용,남,66세,상해없음
2016062000100524,2016년 6월 20일 18시,월요일,제주특별자치도 제주시 일도일동,경상사고,0,0,1,0,차대차 - 측면직각충돌,안전거리미확보,건조,맑음,단일로 - 기타,화물,남,59세,상해없음,승용,남,48세,경상
2016062000100595,2016년 6월 20일 20시,월요일,제주특별자치도 제주시 일도이동,경상사고,0,0,1,0,차대차 - 측면직각충돌,교차로운행방법위반,건조,맑음,교차로 - 교차로안,승용,남,54세,상해없음,승용,남,50세,경상
2016062100100011,2016년 6월 21일 00시,화요일,제주특별자치도 제주시 삼도이동,중상사고,0,1,1,0,차대차 - 정면충돌,안전운전불이행,건조,맑음,단일로 - 기타,승용,남,53세,상해없음,승용,남,54세,상해없음
2016062100100012,2016년 6월 21일 00시,화요일,제주특별자치도 서귀포시 서귀동,중상사고,0,1,0,0,차대사람 - 횡단중,안전운전불이행,건조,흐림,교차로 - 교차로안,승용,남,27세,상해없음,보행자,남,60세,중상
2016062100100013,2016년 6월 21일 00시,화요일,제주특별자치도 서귀포시 서호동,경상사고,0,0,1,0,차대차 - 측면직각충돌,신호위반,습기,비,교차로 - 교차로안,승용,남,23세,상해없음,승용,남,24세,경상
2016062100100127,2016년 6월 21일 08시,화요일,제주특별자치도 제주시 외도일동,중상사고,0,1,0,0,차대차 - 측면충돌,중앙선침범,건조,맑음,단일로 - 기타,승용,여,58세,상해없음,승용,남,40세,중상