사고번호,사고일시,요일,시군구,사고내용,사망자수,중상자수,경상자수,부상신고자수,사고유형,법규위반,노면상태,기상상태,도로형태,가해운전자 차종,가해운전자 성별,가해운전자 연령,가해운전자 상해정도,피해운전자 차종,피해운전자 성별,피해운전자 연령,피해운전자 상해정도
2016070100100051,2016년 7월 1일 03시,금요일,제주특별자치도 제주시 노형동,중상사고,0,1,0,0,차대차 - 측면직각충돌,교차로운행방법위반,건조,맑음,교차로 - 교차로안,승용,남,63세,상해없음,승용,남,62세,상해없음
2016070100100106,2016년 7월 1일 08시,금요일,제주특별자치도 제주시 아라일동,중상사고,0,1,1,0,차대차 - 측면충돌,교차로운행방법위반,습기,비,교차로 - 교차로안,승용,여,64세,중상,승용,여,37세,경상
2016070100100133,2016년 7월 1일 09시,금요일,제주특별자치도 서귀포시 남원읍,경상사고,0,0,1,0,차대차 - 추돌,안전운전불이행,건조,맑음,교차로 - 교차로안,화물,남,53세,상해없음,승용,남,45세,경상
2016070100100278,2016년 7월 1일 13시,금요일,제주특별자치도 서귀포시 안덕면,경상사고,0,0,6,0,차대차 - 추돌,안전운전불이행,습기,비,교차로 - 교차로부근,승용,여,34세,경상,승용,남,36세,경상
2016070100100379,2016년 7월 1일 15시,금요일,제주특별자치도 제주시 노형동,중상사고,0,1,0,0,차대사람 - 기타,기타,건조,맑음,단일로 - 기타,승용,남,51세,상해없음,보행자,여,73세,중상
2016070100100692,2016년 7월 1일 21시,금요일,제주특별자치도 제주시 이도이동,중상사고,0,1,0,0,차대사람 - 횡단중,신호위반,건조,맑음,교차로 - 교차로안,승용,남,55세,상해없음,보행자,여,12세,중상
2016070100100783,2016년 7월 1일 23시,금요일,제주특별자치도 제주시 이도이동,경상사고,0,0,1,0,차대사람 - 기타,안전운전불이행,건조,맑음,단일로 - 기타,승용,남,27세,상해없음,보행자,남,6세,경상
2016070200100122,2016년 7월 2일 04시,토요일,제주특별자치도 제주시 이호이동,경상사고,0,0,2,0,차대차 - 측면직각충돌,신호위반,습기,비,교차로 - 교차로안,승용,여,30세,상해없음,승용,남,50세,경상
2016070200100195,2016년 7월 2일 09시,토요일,제주특별자치도 서귀포시 회수동,부상신고사고,0,0,0,1,차대차 - 측면충돌,직진우회전진행방해,습기,안개,교차로 - 교차로안,승용,여,57세,부상신고,화물,남,56세,상해없음
2016070200100221,2016년 7월 2일 10시,토요일,제주특별자치도 제주시 아라이동,경상사고,0,0,4,0,차대차 - 기타,안전거리미확보,습기,비,교차로 - 교차로부근,승용,남,60세,상해없음,승용,남,35세,경상
2016070200100222,2016년 7월 2일 10시,토요일,제주특별자치도 서귀포시 성산읍,경상사고,0,0,1,0,차대차 - 측면직각충돌,직진우회전진행방해,습기,비,교차로 - 교차로부근,승합,남,51세,상해없음,이륜,남,21세,경상
2016070200100258,2016년 7월 2일 11시,토요일,제주특별자치도 제주시 용담일동,중상사고,0,1,1,0,차대차 - 측면충돌,신호위반,습기,비,교차로 - 교차로안,승용,여,53세,중상,승용,남,55세,경상
2016070200100284,2016년 7월 2일 12시,토요일,제주특별자치도 제주시 애월읍,경상사고,0,0,2,0,차대차 - 기타,직진우회전진행방해,습기,비,교차로 - 교차로안,승용,여,40세,상해없음,승용,남,45세,경상
2016070200100320,2016년 7월 2일 13시,토요일,제주특별자치도 제주시 아라이동,중상사고,0,1,0,0,차대차 - 측면직각충돌,직진우회전진행방해,습기,비,교차로 - 교차로안,승용,남,41세,상해없음,원동기,남,31세,중상
2016070200100433,2016년 7월 2일 16시,토요일,제주특별자치도 제주시 이도이동,중상사고,0,2,0,0,차대차 - 정면충돌,교차로운행방법위반,건조,맑음,교차로 - 교차로안,승용,남,36세,상해없음,승용,남,39세,상해없음
2016070200100434,2016년 7월 2일 16시,토요일,제주특별자치도 서귀포시 남원읍,중상사고,0,1,0,1,차량단독 - 전도전복,안전운전불이행,건조,맑음,단일로 - 기타,승용,남,60세,부상신고,,,,
2016070200100487,2016년 7월 2일 18시,토요일,제주특별자치도 서귀포시 하원동,중상사고,0,1,1,0,차대차 - 측면충돌,직진우회전진행방해,건조,흐림,교차로 - 교차로안,화물,남,68세,중상,승용,남,44세,경상
2016070200100511,2016년 7월 2일 19시,토요일,제주특별자치도 제주시 구좌읍,중상사고,0,1,0,0,차대사람 - 기타,안전운전불이행,기타,맑음,단일로 - 기타,화물,남,52세,상해없음,보행자,여,54세,중상
2016070200100566,2016년 7월 2일 21시,토요일,제주특별자치도 서귀포시 서귀동,경상사고,0,0,1,0,차대사람 - 기타,안전운전불이행,건조,맑음,단일로 - 기타,승용,남,55세,상해없음,보행자,여,42세,경상
2016070300100036,2016년 7월 3일 02시,일요일,제주특별자치도 제주시 연동,경상사고,0,0,1,0,차대사람 - 길가장자리구역통행중,안전운전불이행,건조,흐림,단일로 - 기타,승용,남,37세,상해없음,보행자,남,63세,경상
2016070300100121,2016년 7월 3일 10시,일요일,제주특별자치도 제주시 조천읍,중상사고,0,1,0,0,차대차 - 정면충돌,중앙선침범,기타,맑음,단일로 - 기타,화물,남,70세,상해없음,승용,남,52세,중상
2016070300100145,2016년 7월 3일 11시,일요일,제주특별자치도 제주시 용담이동,경상사고,0,0,1,0,차대차 - 기타,안전운전불이행,습기,비,교차로 - 교차로안,승용,남,24세,경상,승용,남,61세,상해없음
2016070300100168,2016년 7월 3일 12시,일요일,제주특별자치도 제주시 조천읍,경상사고,0,0,1,0,차량단독 - 전도전복,안전운전불이행,건조,맑음,단일로 - 기타,승용,남,76세,상해없음,,,,
2016070300100169,2016년 7월 3일 12시,일요일,제주특별자치도 제주시 일도이동,경상사고,0,0,4,0,차대차 - 측면충돌,신호위반,습기,비,교차로 - 교차로부근,승용,남,41세,상해없음,승용,남,39세,경상
2016070300100170,2016년 7월 3일 12시,일요일,제주특별자치도 서귀포시 안덕면,경상사고,0,0,1,0,차대차 - 추돌,안전운전불이행,습기,안개,교차로 - 교차로부근,승용,여,34세,상해없음,승용,남,30세,상해없음
2016070300100197,2016년 7월 3일 13시,일요일,제주특별자치도 서귀포시 서귀동,경상사고,0,0,2,0,차대차 - 추돌,안전운전불이행,습기,비,단일로 - 기타,화물,남,35세,상해없음,승용,남,47세,경상
2016070300100282,2016년 7월 3일 16시,일요일,제주특별자치도 제주시 연동,경상사고,0,0,2,0,차대차 - 측면충돌,안전운전불이행,기타,맑음,교차로 - 교차로안,승용,남,46세,상해없음,승용,여,23세,경상
2016070300100333,2016년 7월 3일 18시,일요일,제주특별자치도 제주시 도남동,경상사고,0,0,1,0,차대차 - 기타,안전운전불이행,기타,기타,교차로 - 교차로부근,승용,남,55세,상해없음,원동기,남,25세,경상
2016070300100354,2016년 7월 3일 19시,일요일,제주특별자치도 제주시 조천읍,부상신고사고,0,0,0,2,차량단독 - 도로외이탈 - 추락,안전운전불이행,습기,비,단일로 - 기타,승용,남,42세,상해없음,,,,
2016070300100355,2016년 7월 3일 19시,일요일,제주특별자치도 제주시 삼양이동,중상사고,0,1,0,0,차량단독 - 기타,안전운전불이행,건조,맑음,단일로 - 기타,승용,남,57세,상해없음,,,,
2016070300100418,2016년 7월 3일 22시,일요일,제주특별자치도 제주시 애월읍,경상사고,0,0,1,1,차대차 - 측면충돌,안전운전불이행,건조,맑음,교차로 - 교차로부근,승용,남,40세,부상신고,승용,여,52세,상해없음
2016070400100006,2016년 7월 4일 00시,월요일,제주특별자치도 제주시 연동,중상사고,0,1,0,0,차대차 - 추돌,안전운전불이행,건조,맑음,단일로 - 기타,승용,남,33세,상해없음,승용,남,43세,상해없음
2016070400100196,2016년 7월 4일 11시,월요일,제주특별자치도 제주시 연동,경상사고,0,0,1,0,차대차 - 측면직각충돌,교차로운행방법위반,건조,맑음,교차로 - 교차로안,승용,남,38세,경상,승용,남,48세,상해없음
2016070400100221,2016년 7월 4일 12시,월요일,제주특별자치도 서귀포시 남원읍,경상사고,0,0,4,0,차대차 - 측면직각충돌,직진우회전진행방해,건조,맑음,교차로 - 교차로안,승용,남,62세,상해없음,승용,여,38세,경상
2016070400100251,2016년 7월 4일 13시,월요일,제주특별자치도 제주시 구좌읍,경상사고,0,0,1,0,차대사람 - 횡단중,안전운전불이행,건조,맑음,단일로 - 기타,승용,남,58세,상해없음,보행자,여,24세,경상
2016070400100252,2016년 7월 4일 13시,월요일,제주특별자치도 제주시 한경면,부상신고사고,0,0,0,1,차대차 - 기타,안전운전불이행,건조,맑음,단일로 - 기타,농기계,남,84세,부상신고,승용,여,35세,상해없음
2016070400100281,2016년 7월 4일 14시,월요일,제주특별자치도 서귀포시 서홍동,중상사고,0,1,1,0,차대차 - 정면충돌,중앙선침범,건조,맑음,교차로 - 교차로부근,승용,남,25세,경상,승용,남,66세,상해없음
2016070400100282,2016년 7월 4일 14시,월요일,제주특별자치도 제주시 애월읍,부상신고사고,0,0,0,1,차대차 - 추돌,안전거리미확보,건조,맑음,단일로 - 기타,승용,여,46세,상해없음,승용,여,38세,부상신고
2016070400100318,2016년 7월 4일 15시,월요일,제주특별자치도 제주시 일도이동,경상사고,0,0,1,0,차대사람 - 횡단중,안전운전불이행,건조,맑음,교차로 - 교차로부근,승용,남,54세,상해없음,보행자,여,6세,경상
2016070400100319,2016년 7월 4일 15시,월요일,제주특별자치도 제주시 연동,경상사고,0,0,2,0,차대차 - 기타,안전운전불이행,건조,맑음,단일로 - 기타,승용,여,54세,상해없음,승용,남,49세,상해없음
2016070400100445,2016년 7월 4일 19시,월요일,제주특별자치도 제주시 용담이동,경상사고,0,0,1,0,차대차 - 측면직각충돌,안전운전불이행,건조,맑음,단일로 - 기타,승용,남,38세,상해없음,승용,여,45세,경상
2016070400100484,2016년 7월 4일 20시,월요일,제주특별자치도 제주시 일도이동,경상사고,0,0,1,0,차대사람 - 횡단중,안전운전불이행,건조,맑음,단일로 - 기타,화물,남,59세,상해없음,보행자,여,58세,경상
2016070400100485,2016년 7월 4일 20시,월요일,제주특별자치도 제주시 조천읍,중상사고,0,1,0,0,차대차 - 정면충돌,교차로운행방법위반,건조,맑음,교차로 - 교차로안,승용,여,43세,상해없음,이륜,남,20세,중상
2016070500100035,2016년 7월 5일 01시,화요일,제주특별자치도 서귀포시 신효동,중상사고,0,2,0,0,차량단독 - 기타,안전운전불이행,습기,흐림,단일로 - 기타,원동기,남,18세,중상,,,,
2016070500100036,2016년 7월 5일 01시,화요일,제주특별자치도 제주시 오라삼동,사망사고,1,0,0,0,차대사람 - 횡단중,안전운전불이행,건조,흐림,단일로 - 기타,승용,남,30세,상해없음,보행자,남,37세,사망
2016070500100263,2016년 7월 5일 13시,화요일,제주특별자치도 제주시 우도면,중상사고,0,1,0,0,차대차 - 기타,안전운전불이행,건조,맑음,단일로 - 기타,기타불명,기타불명,기타불명,기타불명,자전거,여,19세,중상
2016070500100264,2016년 7월 5일 13시,화요일,제주특별자치도 제주시 노형동,중상사고,0,3,5,0,차대차 - 기타,안전운전불이행,건조,맑음,단일로 - 기타,화물,남,66세,상해없음,승용,여,21세,경상
2016070500100294,2016년 7월 5일 14시,화요일,제주특별자치도 제주시 화북일동,경상사고,0,0,1,0,차대차 - 정면충돌,안전운전불이행,건조,맑음,단일로 - 기타,승합,남,50세,상해없음,자전거,남,66세,경상
2016070500100295,2016년 7월 5일 14시,화요일,제주특별자치도 제주시 구좌읍,중상사고,0,1,0,0,차대차 - 측면충돌,교차로운행방법위반,건조,맑음,교차로 - 교차로안,이륜,여,76세,중상,승용,여,33세,상해없음
2016070500100296,2016년 7월 5일 14시,화요일,제주특별자치도 서귀포시 회수동,경상사고,0,0,3,0,차대차 - 기타,교차로운행방법위반,건조,맑음,교차로 - 교차로안,승합,남,41세,기타불명,승용,여,21세,경상
2016070500100329,2016년 7월 5일 15시,화요일,제주특별자치도 제주시 도남동,경상사고,0,0,1,0,차대차 - 추돌,안전운전불이행,건조,맑음,단일로 - 기타,승용,여,42세,기타불명,승용,여,64세,경상
2016070500100392,2016년 7월 5일 17시,화요일,제주특별자치도 서귀포시 서귀동,경상사고,0,0,1,0,차대차 - 측면충돌,신호위반,건조,맑음,교차로 - 교차로안,승용,남,23세,상해없음,승용,남,63세,경상
2016070500100393,2016년 7월 5일 17시,화요일,제주특별자치도 제주시 용담이동,중상사고,0,1,0,0,차대차 - 측면충돌,직진우회전진행방해,건조,맑음,교차로 - 교차로안,이륜,남,42세,중상,승용,남,54세,상해없음
2016070500100446,2016년 7월 5일 18시,화요일,제주특별자치도 제주시 일도이동,부상신고사고,0,0,0,1,차대사람 - 길가장자리구역통행중,안전운전불이행,건조,맑음,단일로 - 기타,기타불명,기타불명,기타불명,기타불명,보행자,남,11세,부상신고
2016070500100447,2016년 7월 5일 18시,화요일,제주특별자치도 제주시 아라일동,경상사고,0,0,1,0,차대사람 - 횡단중,안전운전불이행,건조,흐림,단일로 - 기타,원동기,여,22세,기타불명,보행자,여,32세,경상
2016070500100448,2016년 7월 5일 18시,화요일,제주특별자치도 제주시 연동,경상사고,0,0,1,0,차대차 - 기타,직진우회전진행방해,건조,맑음,교차로 - 교차로안,승용,여,26세,기타불명,승용,남,34세,경상
2016070500100479,2016년 7월 5일 19시,화요일,제주특별자치도 제주시 연동,경상사고,0,0,2,1,차대차 - 측면직각충돌,직진우회전진행방해,건조,맑음,교차로 - 교차로안,승용,남,60세,부상신고,승용,남,47세,경상
2016070500100512,2016년 7월 5일 20시,화요일,제주특별자치도 서귀포시 강정동,경상사고,0,0,1,0,차대차 - 기타,중앙선침범,건조,맑음,단일로 - 기타,화물,남,46세,상해없음,원동기,여,51세,경상
2016070500100618,2016년 7월 5일 23시,화요일,제주특별자치도 서귀포시 색달동,경상사고,0,0,1,0,차대차 - 기타,직진우회전진행방해,건조,맑음,교차로 - 교차로안,승용,남,42세,상해없음,화물,남,41세,상해없음
2016070600100034,2016년 7월 6일 01시,수요일,제주특별자치도 제주시 이호일동,경상사고,0,0,4,1,차대차 - 정면충돌,중앙선침범,건조,맑음,교차로 - 교차로안,승용,남,49세,상해없음,승용,남,19세,경상
2016070600100045,2016년 7월 6일 02시,수요일,제주특별자치도 제주시 연동,중상사고,0,1,0,0,차대차 - 기타,안전운전불이행,건조,맑음,교차로 - 교차로부근,승용,남,26세,상해없음,승용,남,45세,중상
2016070600100090,2016년 7월 6일 06시,수요일,제주특별자치도 제주시 삼도이동,경상사고,0,0,1,0,차대차 - 정면충돌,안전운전불이행,건조,맑음,교차로 - 교차로부근,승합,남,58세,상해없음,이륜,남,59세,경상
2016070600100108,2016년 7월 6일 07시,수요일,제주특별자치도 제주시 도련이동,경상사고,0,0,1,0,차대차 - 측면충돌,안전거리미확보,건조,맑음,교차로 - 교차로안,이륜,남,61세,경상,승용,남,82세,상해없음
2016070600100109,2016년 7월 6일 07시,수요일,제주특별자치도 제주시 도련일동,중상사고,0,1,2,0,차대차 - 측면충돌,중앙선침범,기타,맑음,단일로 - 기타,화물,남,76세,상해없음,승용,남,63세,경상
2016070600100110,2016년 7월 6일 07시,수요일,제주특별자치도 서귀포시 표선면,중상사고,0,1,0,0,차대차 - 기타,직진우회전진행방해,건조,맑음,교차로 - 교차로안,농기계,남,77세,중상,승용,여,40세,상해없음
2016070600100168,2016년 7월 6일 09시,수요일,제주특별자치도 제주시 용담삼동,경상사고,0,0,1,0,차대차 - 측면충돌,안전운전불이행,건조,맑음,교차로 - 교차로안,이륜,여,27세,경상,승용,남,26세,상해없음
2016070600100169,2016년 7월 6일 09시,수요일,제주특별자치도 제주시 한경면,경상사고,0,0,1,0,차대차 - 추돌,안전거리미확보,건조,맑음,교차로 - 교차로부근,승합,남,51세,상해없음,승용,남,37세,경상
2016070600100198,2016년 7월 6일 10시,수요일,제주특별자치도 제주시 삼도일동,경상사고,0,0,1,0,차대차 - 기타,교차로운행방법위반,건조,맑음,교차로 - 교차로안,승용,남,39세,상해없음,승용,남,30세,경상
2016070600100220,2016년 7월 6일 11시,수요일,제주특별자치도 제주시 이도이동,경상사고,0,0,1,0,차대차 - 측면직각충돌,차로위반,건조,맑음,단일로 - 기타,승용,남,65세,상해없음,원동기,남,61세,경상
2016070600100252,2016년 7월 6일 12시,수요일,제주특별자치도 제주시 연동,경상사고,0,0,2,0,차대차 - 측면충돌,안전운전불이행,건조,맑음,교차로 - 교차로부근,승용,남,23세,상해없음,승용,남,37세,경상
2016070600100282,2016년 7월 6일 13시,수요일,제주특별자치도 제주시 구좌읍,중상사고,0,1,1,0,차대차 - 정면충돌,중앙선침범,건조,맑음,교차로 - 교차로부근,농기계,남,82세,상해없음,화물,여,43세,경상
2016070600100283,2016년 7월 6일 13시,수요일,제주특별자치도 제주시 애월읍,경상사고,0,0,2,0,차대차 - 기타,안전운전불이행,기타,맑음,기타 - 기타,승용,남,80세,기타불명,승용,남,45세,경상
2016070600100284,2016년 7월 6일 13시,수요일,제주특별자치도 제주시 애월읍,경상사고,0,0,2,0,차대차 - 측면직각충돌,교차로운행방법위반,건조,맑음,교차로 - 교차로안,승합,남,33세,경상,승용,여,46세,상해없음
2016070600100285,2016년 7월 6일 13시,수요일,제주특별자치도 제주시 외도일동,경상사고,0,0,1,1,차대차 - 측면충돌,직진우회전진행방해,건조,맑음,교차로 - 교차로안,승용,남,68세,상해없음,승용,여,45세,경상
2016070600100309,2016년 7월 6일 14시,수요일,제주특별자치도 서귀포시 성산읍신산출장,경상사고,0,0,1,0,차대차 - 추돌,안전거리미확보,건조,맑음,단일로 - 기타,승용,남,28세,상해없음,승용,여,23세,상해없음
2016070600100381,2016년 7월 6일 16시,수요일,제주특별자치도 서귀포시 남원읍,경상사고,0,0,4,1,차대차 - 기타,안전운전불이행,건조,맑음,단일로 - 기타,승용,여,36세,부상신고,승용,남,64세,경상
2016070600100382,2016년 7월 6일 16시,수요일,제주특별자치도 제주시 연동,경상사고,0,0,1,2,차대차 - 측면충돌,직진우회전진행방해,건조,맑음,교차로 - 교차로안,승용,여,58세,부상신고,승용,남,39세,경상
2016070600100423,2016년 7월 6일 17시,수요일,제주특별자치도 제주시 구좌읍,경상사고,0,0,2,0,차대차 - 정면충돌,중앙선침범,건조,맑음,단일로 - 기타,승용,남,43세,상해없음,승용,남,33세,경상
2016070600100424,2016년 7월 6일 17시,수요일,제주특별자치도 제주시 이도이동,경상사고,0,0,1,0,차대차 - 정면충돌,중앙선침범,건조,맑음,교차로 - 교차로부근,승용,남,42세,상해없음,승용,여,34세,경상
2016070600100425,2016년 7월 6일 17시,수요일,제주특별자치도 제주시 일도이동,경상사고,0,0,1,0,차대차 - 정면충돌,안전운전불이행,건조,맑음,단일로 - 기타,승용,남,64세,상해없음,승용,남,60세,상해없음
2016070600100426,2016년 7월 6일 17시,수요일,제주특별자치도 제주시 노형동,경상사고,0,0,1,0,차대차 - 기타,직진우회전진행방해,건조,맑음,교차로 - 교차로안,승합,여,49세,상해없음,승용,남,29세,경상
2016070600100516,2016년 7월 6일 20시,수요일,제주특별자치도 제주시 이도이동,경상사고,0,0,1,0,차대차 - 정면충돌,직진우회전진행방해,건조,맑음,교차로 - 교차로안,기타불명,기타불명,기타불명,기타불명,이륜,남,21세,경상
2016070600100585,2016년 7월 6일 23시,수요일,제주특별자치도 서귀포시 토평동,경상사고,0,0,1,0,차대차 - 정면충돌,안전운전불이행,건조,맑음,교차로 - 교차로부근,승용,남,49세,상해없음,승용,남,27세,경상
2016070700100111,2016년 7월 7일 08시,목요일,제주특별자치도 제주시 일도이동,경상사고,0,0,1,0,차대차 - 기타,안전운전불이행,건조,맑음,단일로 - 기타,승용,남,62세,상해없음,승용,여,36세,경상
2016070700100112,2016년 7월 7일 08시,목요일,제주특별자치도 제주시 화북일동,경상사고,0,0,2,0,차대차 - 측면충돌,직진우회전진행방해,건조,맑음,교차로 - 교차로안,승용,여,29세,경상,승용,남,28세,경상
2016070700100135,2016년 7월 7일 09시,목요일,제주특별자치도 서귀포시 법환동,경상사고,0,0,1,0,차량단독 - 전도전복,안전운전불이행,건조,맑음,단일로 - 기타,원동기,남,75세,경상,,,,
2016070700100136,2016년 7월 7일 09시,목요일,제주특별자치도 제주시 용담이동,경상사고,0,0,3,0,차대차 - 추돌,안전거리미확보,건조,맑음,단일로 - 기타,승용,남,57세,상해없음,승용,남,47세,경상
2016070700100152,2016년 7월 7일 10시,목요일,제주특별자치도 서귀포시 대정읍무릉출장,중상사고,0,1,0,0,차대차 - 기타,안전운전불이행,건조,맑음,단일로 - 기타,기타불명,기타불명,기타불명,기타불명,이륜,여,70세,중상
2016070700100153,2016년 7월 7일 10시,목요일,제주특별자치도 제주시 애월읍,중상사고,0,3,0,0,차대차 - 기타,신호위반,건조,맑음,교차로 - 교차로안,승용,여,28세,상해없음,승합,여,57세,중상
2016070700100154,2016년 7월 7일 10시,목요일,제주특별자치도 제주시 용담이동,경상사고,0,0,1,0,차대차 - 측면충돌,안전운전불이행,건조,맑음,단일로 - 기타,승용,여,46세,상해없음,승용,남,33세,경상
2016070700100155,2016년 7월 7일 10시,목요일,제주특별자치도 제주시 애월읍,경상사고,0,0,1,0,차대차 - 측면충돌,안전운전불이행,건조,맑음,단일로 - 기타,이륜,남,26세,경상,승용,여,61세,상해없음
2016070700100184,2016년 7월 7일 11시,목요일,제주특별자치도 제주시 오라이동,경상사고,0,0,1,0,차대차 - 정면충돌,안전운전불이행,건조,맑음,단일로 - 기타,승용,여,32세,기타불명,승용,남,46세,경상
2016070700100225,2016년 7월 7일 13시,목요일,제주특별자치도 제주시 한림읍,중상사고,0,1,0,0,차대차 - 기타,직진우회전진행방해,건조,맑음,교차로 - 교차로안,원동기,남,87세,중상,승용,남,52세,상해없음
2016070700100286,2016년 7월 7일 15시,목요일,제주특별자치도 제주시 아라일동,중상사고,0,1,5,1,차대차 - 정면충돌,중앙선침범,건조,맑음,단일로 - 기타,승용,남,52세,중상,승합,남,49세,상해없음
2016070700100287,2016년 7월 7일 15시,목요일,제주특별자치도 서귀포시 남원읍,중상사고,0,2,0,0,차량단독 - 공작물충돌,안전운전불이행,건조,맑음,단일로 - 기타,승용,남,29세,중상,,,,
2016070700100326,2016년 7월 7일 16시,목요일,제주특별자치도 제주시 삼양이동,경상사고,0,0,1,0,차대사람 - 횡단중,보행자보호의무위반,기타,맑음,단일로 - 횡단보도상,승용,여,35세,상해없음,보행자,여,56세,경상
2016070700100327,2016년 7월 7일 16시,목요일,제주특별자치도 서귀포시 법환동,중상사고,0,1,0,2,차대차 - 측면충돌,안전운전불이행,건조,맑음,교차로 - 교차로부근,승합,남,52세,상해없음,승용,남,52세,상해없음
2016070700100404,2016년 7월 7일 18시,목요일,제주특별자치도 제주시 화북이동,경상사고,0,0,1,0,차대차 - 측면직각충돌,안전거리미확보,건조,맑음,단일로 - 기타,화물,남,56세,상해없음,승용,여,38세,경상
2016070700100405,2016년 7월 7일 18시,목요일,제주특별자치도 제주시 조천읍,경상사고,0,0,2,0,차대차 - 정면충돌,신호위반,기타,맑음,교차로 - 교차로안,승용,여,44세,경상,승합,남,64세,경상
2016070700100406,2016년 7월 7일 18시,목요일,제주특별자치도 제주시 도평동,경상사고,0,0,2,0,차대차 - 추돌,안전운전불이행,건조,맑음,단일로 - 기타,승용,남,30세,상해없음,승용,남,57세,경상
2016070800100017,2016년 7월 8일 00시,금요일,제주특별자치도 제주시 조천읍,부상신고사고,0,0,0,1,차량단독 - 전도전복,안전운전불이행,기타,맑음,단일로 - 기타,원동기,남,50세,부상신고,,,,
2016070800100038,2016년 7월 8일 02시,금요일,제주특별자치도 서귀포시 동홍동,경상사고,0,0,1,0,차대사람 - 횡단중,안전운전불이행,습기,흐림,교차로 - 교차로안,승용,남,21세,상해없음,보행자,남,49세,경상
2016070800100154,2016년 7월 8일 09시,금요일,제주특별자치도 제주시 조천읍,중상사고,0,1,0,0,차대차 - 정면충돌,안전운전불이행,건조,맑음,단일로 - 기타,승합,여,61세,상해없음,자전거,남,20세,중상
2016070800100195,2016년 7월 8일 10시,금요일,제주특별자치도 제주시 화북이동,경상사고,0,0,1,0,차대차 - 기타,안전운전불이행,건조,맑음,교차로 - 교차로안,승용,남,43세,상해없음,승용,여,42세,경상
2016070800100196,2016년 7월 8일 10시,금요일,제주특별자치도 서귀포시 색달동,중상사고,0,1,2,1,차대차 - 측면충돌,직진우회전진행방해,건조,맑음,교차로 - 교차로안,승용,남,26세,상해없음,승용,남,41세,경상
2016070800100228,2016년 7월 8일 11시,금요일,제주특별자치도 서귀포시 표선면,중상사고,0,1,0,0,차량단독 - 전도전복,안전운전불이행,건조,맑음,단일로 - 기타,이륜,여,68세,중상,,,,
2016070800100264,2016년 7월 8일 12시,금요일,제주특별자치도 제주시 구좌읍,중상사고,0,1,0,0,차대차 - 추돌,안전운전불이행,건조,맑음,단일로 - 기타,승용,남,54세,상해없음,자전거,여,78세,중상
2016070800100338,2016년 7월 8일 14시,금요일,제주특별자치도 제주시 우도면,경상사고,0,0,1,0,차량단독 - 전도전복,안전운전불이행,건조,맑음,단일로 - 기타,이륜,남,27세,경상,,,,
2016070800100470,2016년 7월 8일 17시,금요일,제주특별자치도 제주시 이도이동,경상사고,0,0,1,0,차대차 - 정면충돌,안전운전불이행,건조,맑음,단일로 - 횡단보도상,승용,여,56세,상해없음,자전거,여,60세,경상
2016070800100638,2016년 7월 8일 21시,금요일,제주특별자치도 서귀포시 강정동,경상사고,0,0,1,0,차대사람 - 기타,안전운전불이행,건조,맑음,단일로 - 기타,승용,여,51세,상해없음,보행자,여,52세,경상
2016070900100113,2016년 7월 9일 06시,토요일,제주특별자치도 제주시 일도이동,중상사고,0,1,0,0,차대사람 - 횡단중,보행자보호의무위반,건조,맑음,단일로 - 횡단보도상,승용,남,45세,상해없음,보행자,여,79세,중상
2016070900100177,2016년 7월 9일 09시,토요일,제주특별자치도 제주시 한림읍,경상사고,0,0,1,0,차대차 - 측면직각충돌,신호위반,건조,맑음,교차로 - 교차로안,화물,남,67세,상해없음,승용,남,63세,경상
2016070900100248,2016년 7월 9일 11시,토요일,제주특별자치도 서귀포시 회수동,경상사고,0,0,3,0,차대차 - 추돌,차로위반,건조,맑음,단일로 - 기타,승용,여,21세,경상,화물,남,54세,상해없음
2016070900100297,2016년 7월 9일 12시,토요일,제주특별자치도 제주시 연동,경상사고,0,0,3,0,차대차 - 추돌,안전거리미확보,건조,맑음,단일로 - 기타,승용,남,23세,상해없음,승용,여,38세,경상
2016070900100343,2016년 7월 9일 13시,토요일,제주특별자치도 제주시 구좌읍,경상사고,0,0,1,0,차대사람 - 횡단중,보행자보호의무위반,건조,맑음,단일로 - 횡단보도상,승용,남,50세,상해없음,보행자,여,9세,경상
2016070900100344,2016년 7월 9일 13시,토요일,제주특별자치도 제주시 이도일동,경상사고,0,0,1,0,차대차 - 측면직각충돌,안전거리미확보,건조,맑음,교차로 - 교차로부근,승용,남,35세,상해없음,화물,남,40세,경상
2016070900100392,2016년 7월 9일 14시,토요일,제주특별자치도 서귀포시 안덕면,중상사고,0,1,1,0,차대차 - 측면충돌,신호위반,건조,맑음,교차로 - 교차로안,승합,남,57세,상해없음,승용,남,39세,경상
2016070900100429,2016년 7월 9일 15시,토요일,제주특별자치도 제주시 일도이동,경상사고,0,0,1,0,차대사람 - 횡단중,안전운전불이행,건조,맑음,단일로 - 기타,승용,남,24세,기타불명,보행자,남,4세,경상
2016070900100456,2016년 7월 9일 16시,토요일,제주특별자치도 제주시 아라이동,중상사고,0,1,0,0,차대차 - 정면충돌,차로위반,건조,맑음,단일로 - 기타,승용,여,30세,상해없음,승용,여,58세,상해없음
2016070900100457,2016년 7월 9일 16시,토요일,제주특별자치도 제주시 노형동,중상사고,0,1,0,0,차대차 - 정면충돌,직진우회전진행방해,건조,맑음,교차로 - 교차로안,승용,여,39세,상해없음,승용,남,24세,중상
2016070900100503,2016년 7월 9일 17시,토요일,제주특별자치도 제주시 도남동,경상사고,0,0,1,0,차대차 - 정면충돌,중앙선침범,건조,맑음,교차로 - 교차로부근,승용,남,66세,상해없음,자전거,남,12세,경상