사고번호,사고일시,요일,시군구,사고내용,사망자수,중상자수,경상자수,부상신고자수,사고유형,법규위반,노면상태,기상상태,도로형태,가해운전자 차종,가해운전자 성별,가해운전자 연령,가해운전자 상해정도,피해운전자 차종,피해운전자 성별,피해운전자 연령,피해운전자 상해정도
2016070900100504,2016년 7월 9일 17시,토요일,제주특별자치도 제주시 우도면,경상사고,0,0,1,0,차대사람 - 기타,안전운전불이행,기타,맑음,단일로 - 기타,이륜,남,41세,상해없음,보행자,남,78세,경상
2016070900100538,2016년 7월 9일 18시,토요일,제주특별자치도 제주시 용담이동,중상사고,0,1,0,0,차대차 - 측면충돌,안전거리미확보,건조,맑음,기타 - 기타,승합,남,55세,상해없음,원동기,남,47세,중상
2016070900100539,2016년 7월 9일 18시,토요일,제주특별자치도 제주시 이호일동,부상신고사고,0,0,0,3,차대차 - 측면충돌,직진우회전진행방해,건조,맑음,교차로 - 교차로안,승용,남,62세,상해없음,승용,여,22세,부상신고
2016070900100560,2016년 7월 9일 19시,토요일,제주특별자치도 제주시 건입동,경상사고,0,0,2,0,차대차 - 정면충돌,중앙선침범,건조,맑음,단일로 - 기타,화물,남,66세,상해없음,승용,여,43세,경상
2016070900100561,2016년 7월 9일 19시,토요일,제주특별자치도 서귀포시 서귀동,경상사고,0,0,1,0,차대사람 - 횡단중,안전운전불이행,건조,맑음,단일로 - 횡단보도부근,승용,여,48세,상해없음,보행자,여,52세,경상
2016070900100593,2016년 7월 9일 20시,토요일,제주특별자치도 제주시 이도이동,경상사고,0,0,1,0,차대사람 - 기타,안전운전불이행,건조,맑음,단일로 - 기타,승용,남,65세,상해없음,보행자,남,45세,경상
2016070900100661,2016년 7월 9일 23시,토요일,제주특별자치도 제주시 연동,중상사고,0,1,0,0,차대사람 - 기타,안전운전불이행,건조,맑음,단일로 - 기타,승용,여,22세,상해없음,보행자,남,46세,중상
2016070900100662,2016년 7월 9일 23시,토요일,제주특별자치도 제주시 한림읍,경상사고,0,0,1,0,차대차 - 측면충돌,중앙선침범,건조,맑음,단일로 - 기타,승용,남,57세,상해없음,승용,여,44세,경상
2016071000100013,2016년 7월 10일 00시,일요일,제주특별자치도 제주시 삼도일동,경상사고,0,0,1,1,차대차 - 정면충돌,신호위반,건조,기타,교차로 - 교차로안,승용,여,65세,상해없음,승용,남,25세,상해없음
2016071000100014,2016년 7월 10일 00시,일요일,제주특별자치도 제주시 연동,경상사고,0,0,2,0,차대차 - 측면충돌,신호위반,건조,맑음,교차로 - 교차로안,승용,남,28세,상해없음,승용,남,30세,경상
2016071000100097,2016년 7월 10일 06시,일요일,제주특별자치도 제주시 노형동,경상사고,0,0,1,0,차대차 - 추돌,안전운전불이행,기타,흐림,교차로 - 교차로부근,승용,남,27세,기타불명,승용,여,44세,경상
2016071000100150,2016년 7월 10일 09시,일요일,제주특별자치도 서귀포시 남원읍,중상사고,0,1,0,0,차대차 - 기타,직진우회전진행방해,습기,비,교차로 - 교차로안,승용,여,36세,상해없음,이륜,남,79세,중상
2016071000100268,2016년 7월 10일 13시,일요일,제주특별자치도 서귀포시 토평동,경상사고,0,0,1,0,차대차 - 정면충돌,중앙선침범,습기,흐림,단일로 - 기타,원동기,여,73세,경상,화물,남,64세,상해없음
2016071000100302,2016년 7월 10일 14시,일요일,제주특별자치도 제주시 건입동,경상사고,0,0,1,0,차대차 - 측면충돌,안전운전불이행,건조,맑음,단일로 - 기타,승합,남,50세,상해없음,화물,남,36세,경상
2016071000100467,2016년 7월 10일 20시,일요일,제주특별자치도 제주시 연동,경상사고,0,0,1,0,차대사람 - 기타,안전운전불이행,건조,맑음,단일로 - 기타,승합,남,47세,상해없음,보행자,여,44세,경상
2016071000100527,2016년 7월 10일 23시,일요일,제주특별자치도 제주시 노형동,경상사고,0,0,1,0,차대차 - 추돌,안전거리미확보,습기,비,단일로 - 기타,승용,남,26세,상해없음,승용,남,57세,상해없음
2016071100100048,2016년 7월 11일 05시,월요일,제주특별자치도 제주시 노형동,경상사고,0,0,3,0,차대차 - 측면직각충돌,신호위반,건조,맑음,교차로 - 교차로안,승용,여,36세,상해없음,승용,남,69세,경상
2016071100100064,2016년 7월 11일 06시,월요일,제주특별자치도 제주시 한림읍,경상사고,0,0,1,0,차대차 - 기타,안전운전불이행,습기,비,교차로 - 교차로안,화물,남,58세,상해없음,승용,남,40세,경상
2016071100100121,2016년 7월 11일 08시,월요일,제주특별자치도 제주시 연동,경상사고,0,0,2,0,차대차 - 추돌,안전운전불이행,기타,맑음,기타 - 기타,승용,남,32세,상해없음,승용,여,45세,경상
2016071100100310,2016년 7월 11일 14시,월요일,제주특별자치도 제주시 화북일동,경상사고,0,0,1,0,차대차 - 측면충돌,차로위반,습기,비,단일로 - 기타,화물,남,50세,상해없음,승용,여,36세,경상
2016071100100311,2016년 7월 11일 14시,월요일,제주특별자치도 서귀포시 서귀동,부상신고사고,0,0,0,1,차대사람 - 횡단중,안전운전불이행,습기,흐림,단일로 - 횡단보도상,승용,남,40세,기타불명,보행자,남,16세,부상신고
2016071100100312,2016년 7월 11일 14시,월요일,제주특별자치도 제주시 애월읍,경상사고,0,0,1,0,차량단독 - 공작물충돌,안전운전불이행,습기,비,단일로 - 기타,승용,남,20세,경상,,,,
2016071100100313,2016년 7월 11일 14시,월요일,제주특별자치도 제주시 노형동,경상사고,0,0,2,0,차대차 - 측면직각충돌,직진우회전진행방해,건조,맑음,교차로 - 교차로안,승용,여,55세,경상,승용,남,32세,경상
2016071100100351,2016년 7월 11일 15시,월요일,제주특별자치도 제주시 도남동,경상사고,0,0,1,0,차대차 - 추돌,안전운전불이행,건조,맑음,교차로 - 교차로안,승합,남,56세,상해없음,승합,남,58세,경상
2016071100100392,2016년 7월 11일 16시,월요일,제주특별자치도 제주시 일도이동,부상신고사고,0,0,0,1,차대사람 - 횡단중,보행자보호의무위반,습기,비,단일로 - 기타,승용,여,28세,상해없음,보행자,남,10세,부상신고
2016071100100481,2016년 7월 11일 18시,월요일,제주특별자치도 서귀포시 서귀동,중상사고,0,1,0,0,차대사람 - 횡단중,보행자보호의무위반,습기,비,단일로 - 횡단보도상,승합,남,60세,상해없음,보행자,남,68세,중상
2016071100100482,2016년 7월 11일 18시,월요일,제주특별자치도 서귀포시 동홍동,경상사고,0,0,1,1,차대차 - 측면직각충돌,교차로운행방법위반,습기,비,교차로 - 교차로안,승용,여,54세,부상신고,승용,남,49세,경상
2016071100100549,2016년 7월 11일 20시,월요일,제주특별자치도 제주시 용담이동,경상사고,0,0,1,0,차대차 - 정면충돌,안전운전불이행,습기,비,교차로 - 교차로부근,승용,남,30세,상해없음,승용,여,29세,경상
2016071100100576,2016년 7월 11일 21시,월요일,제주특별자치도 제주시 조천읍,경상사고,0,0,1,0,차대차 - 추돌,안전거리미확보,기타,맑음,단일로 - 기타,화물,남,33세,상해없음,승합,남,24세,상해없음
2016071100100577,2016년 7월 11일 21시,월요일,제주특별자치도 제주시 오라이동,경상사고,0,0,1,0,차대차 - 측면충돌,안전운전불이행,건조,맑음,단일로 - 기타,승용,남,22세,상해없음,승용,여,40세,경상
2016071100100578,2016년 7월 11일 21시,월요일,제주특별자치도 서귀포시 서귀동,경상사고,0,0,1,0,차대사람 - 횡단중,보행자보호의무위반,습기,흐림,단일로 - 기타,승용,여,46세,상해없음,보행자,남,25세,경상
2016071100100579,2016년 7월 11일 21시,월요일,제주특별자치도 제주시 한림읍,중상사고,0,1,0,0,차대사람 - 기타,안전운전불이행,습기,비,교차로 - 교차로안,승용,남,60세,상해없음,보행자,남,51세,중상
2016071200100025,2016년 7월 12일 01시,화요일,제주특별자치도 제주시 연동,부상신고사고,0,0,0,1,차대차 - 추돌,안전운전불이행,건조,맑음,단일로 - 기타,승용,남,37세,상해없음,승용,남,42세,상해없음
2016071200100037,2016년 7월 12일 02시,화요일,제주특별자치도 서귀포시 동홍동,사망사고,1,0,0,0,차량단독 - 전도전복,안전운전불이행,습기,비,교차로 - 교차로부근,화물,남,32세,사망,,,,
2016071200100047,2016년 7월 12일 03시,화요일,제주특별자치도 제주시 삼양이동,경상사고,0,0,1,0,차대차 - 정면충돌,신호위반,기타,비,교차로 - 교차로안,승용,여,54세,상해없음,승용,남,50세,경상
2016071200100048,2016년 7월 12일 03시,화요일,제주특별자치도 제주시 애월읍,부상신고사고,0,0,0,1,차량단독 - 공작물충돌,안전운전불이행,습기,비,단일로 - 기타,화물,남,30세,상해없음,,,,
2016071200100147,2016년 7월 12일 08시,화요일,제주특별자치도 서귀포시 표선면,경상사고,0,0,1,0,차대차 - 추돌,안전운전불이행,습기,비,단일로 - 기타,승용,남,33세,경상,화물,남,48세,상해없음
2016071200100198,2016년 7월 12일 10시,화요일,제주특별자치도 제주시 용담이동,경상사고,0,0,1,0,차대차 - 측면충돌,안전거리미확보,습기,비,단일로 - 기타,승용,남,44세,상해없음,승용,남,21세,경상
2016071200100244,2016년 7월 12일 12시,화요일,제주특별자치도 서귀포시 동홍동,경상사고,0,0,1,0,차대차 - 기타,교차로운행방법위반,습기,비,교차로 - 교차로안,승용,여,50세,기타불명,승용,남,26세,경상
2016071200100245,2016년 7월 12일 12시,화요일,제주특별자치도 제주시 애월읍,경상사고,0,0,2,0,차대차 - 기타,안전거리미확보,습기,비,단일로 - 기타,승용,여,57세,기타불명,승용,여,25세,경상
2016071200100269,2016년 7월 12일 13시,화요일,제주특별자치도 제주시 한림읍,경상사고,0,0,1,0,차대차 - 기타,교차로운행방법위반,습기,비,교차로 - 교차로안,승용,남,56세,상해없음,원동기,남,25세,경상
2016071200100301,2016년 7월 12일 14시,화요일,제주특별자치도 제주시 연동,경상사고,0,0,1,0,차대사람 - 길가장자리구역통행중,안전운전불이행,건조,맑음,단일로 - 기타,승용,남,58세,상해없음,보행자,남,32세,경상
2016071200100374,2016년 7월 12일 16시,화요일,제주특별자치도 제주시 용담삼동,중상사고,0,1,0,0,차량단독 - 기타,기타,건조,맑음,단일로 - 기타,승합,남,42세,상해없음,,,,
2016071200100375,2016년 7월 12일 16시,화요일,제주특별자치도 제주시 연동,경상사고,0,0,1,0,차대차 - 기타,안전운전불이행,습기,비,단일로 - 기타,승용,남,25세,기타불명,승용,여,60세,경상
2016071200100411,2016년 7월 12일 17시,화요일,제주특별자치도 서귀포시 동홍동,경상사고,0,0,1,0,차대차 - 추돌,안전운전불이행,습기,비,교차로 - 교차로부근,승용,남,52세,상해없음,승용,여,43세,경상
2016071200100453,2016년 7월 12일 18시,화요일,제주특별자치도 제주시 이도이동,경상사고,0,0,1,0,차대차 - 추돌,신호위반,습기,비,단일로 - 횡단보도상,기타불명,기타불명,기타불명,기타불명,자전거,남,14세,경상
2016071200100454,2016년 7월 12일 18시,화요일,제주특별자치도 제주시 연동,경상사고,0,0,1,0,차대차 - 추돌,안전운전불이행,기타,비,기타 - 기타,승용,여,51세,상해없음,승용,남,23세,경상
2016071200100516,2016년 7월 12일 20시,화요일,제주특별자치도 제주시 건입동,경상사고,0,0,1,0,차대차 - 추돌,안전운전불이행,습기,기타,교차로 - 교차로부근,승용,여,46세,상해없음,승용,남,31세,경상
2016071200100590,2016년 7월 12일 23시,화요일,제주특별자치도 제주시 일도이동,중상사고,0,1,0,0,차대사람 - 횡단중,안전운전불이행,습기,비,교차로 - 교차로부근,승용,남,45세,상해없음,보행자,남,37세,중상
2016071300100011,2016년 7월 13일 00시,수요일,제주특별자치도 제주시 이도일동,경상사고,0,0,1,0,차대사람 - 횡단중,중앙선침범,습기,비,단일로 - 기타,승용,남,34세,상해없음,보행자,남,40세,경상
2016071300100012,2016년 7월 13일 00시,수요일,제주특별자치도 제주시 노형동,경상사고,0,0,1,0,차대차 - 측면충돌,신호위반,습기,비,교차로 - 교차로안,승용,남,55세,상해없음,승용,남,22세,경상
2016071300100029,2016년 7월 13일 01시,수요일,제주특별자치도 제주시 오라삼동,경상사고,0,0,1,0,차대차 - 정면충돌,안전운전불이행,습기,흐림,단일로 - 기타,승용,남,28세,상해없음,승용,남,27세,경상
2016071300100037,2016년 7월 13일 02시,수요일,제주특별자치도 제주시 이도일동,경상사고,0,0,1,0,차대차 - 추돌,안전운전불이행,습기,비,단일로 - 기타,승용,남,37세,상해없음,승용,남,53세,경상
2016071300100038,2016년 7월 13일 02시,수요일,제주특별자치도 제주시 해안동,중상사고,0,1,0,0,차대사람 - 기타,안전운전불이행,건조,맑음,교차로 - 교차로안,승용,남,65세,상해없음,보행자,남,90세 이상,중상
2016071300100082,2016년 7월 13일 06시,수요일,제주특별자치도 제주시 이도이동,경상사고,0,0,1,0,차대차 - 추돌,안전운전불이행,습기,비,교차로 - 교차로부근,승용,남,68세,기타불명,승용,여,53세,경상
2016071300100148,2016년 7월 13일 08시,수요일,제주특별자치도 서귀포시 신효동,중상사고,0,2,0,0,차대차 - 추돌,안전거리미확보,습기,흐림,교차로 - 교차로부근,승용,여,57세,상해없음,승용,남,82세,중상
2016071300100149,2016년 7월 13일 08시,수요일,제주특별자치도 서귀포시 안덕면,경상사고,0,0,1,0,차대차 - 추돌,안전운전불이행,습기,안개,단일로 - 기타,화물,남,28세,상해없음,승용,여,26세,경상
2016071300100150,2016년 7월 13일 08시,수요일,제주특별자치도 서귀포시 대정읍,경상사고,0,0,1,0,차대차 - 추돌,안전거리미확보,습기,안개,단일로 - 기타,승용,여,28세,상해없음,승용,여,40세,경상
2016071300100324,2016년 7월 13일 13시,수요일,제주특별자치도 제주시 한경면,경상사고,0,0,1,0,차대사람 - 횡단중,안전운전불이행,건조,맑음,교차로 - 교차로안,화물,여,28세,상해없음,보행자,남,57세,경상
2016071300100361,2016년 7월 13일 14시,수요일,제주특별자치도 제주시 조천읍,부상신고사고,0,0,0,1,차대차 - 기타,안전운전불이행,건조,맑음,단일로 - 기타,기타불명,기타불명,기타불명,기타불명,이륜,남,21세,부상신고
2016071300100386,2016년 7월 13일 15시,수요일,제주특별자치도 서귀포시 서귀동,경상사고,0,0,1,0,차대사람 - 횡단중,안전운전불이행,건조,맑음,교차로 - 교차로안,승용,남,49세,상해없음,보행자,여,8세,경상
2016071300100523,2016년 7월 13일 18시,수요일,제주특별자치도 서귀포시 표선면,경상사고,0,0,4,0,차대차 - 측면직각충돌,직진우회전진행방해,건조,맑음,교차로 - 교차로안,승용,여,21세,상해없음,승용,남,40세,경상
2016071300100524,2016년 7월 13일 18시,수요일,제주특별자치도 제주시 연동,중상사고,0,1,1,0,차대차 - 추돌,안전거리미확보,건조,흐림,단일로 - 기타,승합,남,50세,상해없음,승용,여,39세,중상
2016071300100672,2016년 7월 13일 22시,수요일,제주특별자치도 서귀포시 성산읍,부상신고사고,0,0,0,1,차량단독 - 전도전복,안전운전불이행,건조,맑음,단일로 - 기타,이륜,남,41세,부상신고,,,,
2016071300100673,2016년 7월 13일 22시,수요일,제주특별자치도 제주시 한림읍,경상사고,0,0,2,6,차량단독 - 전도전복,안전운전불이행,건조,맑음,단일로 - 기타,승합,남,23세,부상신고,,,,
2016071400100073,2016년 7월 14일 06시,목요일,제주특별자치도 서귀포시 서귀동,경상사고,0,0,1,0,차대차 - 측면충돌,안전운전불이행,건조,맑음,교차로 - 교차로안,승용,남,21세,기타불명,승용,남,64세,경상
2016071400100136,2016년 7월 14일 08시,목요일,제주특별자치도 제주시 이도일동,경상사고,0,0,1,0,차대차 - 측면직각충돌,신호위반,건조,맑음,교차로 - 교차로안,승합,남,23세,상해없음,원동기,남,57세,경상
2016071400100169,2016년 7월 14일 09시,목요일,제주특별자치도 제주시 애월읍,경상사고,0,0,3,0,차대차 - 측면직각충돌,안전운전불이행,건조,맑음,교차로 - 교차로안,승용,남,34세,경상,승용,여,34세,경상
2016071400100212,2016년 7월 14일 10시,목요일,제주특별자치도 제주시 구좌읍,경상사고,0,0,2,0,차대차 - 추돌,안전운전불이행,건조,맑음,교차로 - 교차로부근,화물,남,69세,상해없음,승용,여,32세,경상
2016071400100305,2016년 7월 14일 13시,목요일,제주특별자치도 제주시 한림읍,부상신고사고,0,0,0,1,차량단독 - 전도전복,안전운전불이행,건조,맑음,단일로 - 기타,승용,남,25세,상해없음,,,,
2016071400100334,2016년 7월 14일 14시,목요일,제주특별자치도 제주시 용담이동,중상사고,0,1,1,0,차대차 - 정면충돌,중앙선침범,건조,맑음,단일로 - 기타,승용,여,24세,경상,화물,남,55세,중상
2016071400100354,2016년 7월 14일 15시,목요일,제주특별자치도 제주시 애월읍,부상신고사고,0,0,0,1,차대차 - 추돌,안전운전불이행,건조,맑음,교차로 - 교차로부근,승용,여,27세,상해없음,승용,남,55세,부상신고
2016071400100355,2016년 7월 14일 15시,목요일,제주특별자치도 제주시 연동,경상사고,0,0,1,0,차대사람 - 횡단중,안전운전불이행,건조,맑음,단일로 - 기타,승용,여,24세,상해없음,보행자,여,15세,경상
2016071400100490,2016년 7월 14일 18시,목요일,제주특별자치도 제주시 삼양삼동,중상사고,0,1,2,0,차대차 - 추돌,안전운전불이행,건조,맑음,단일로 - 기타,화물,남,64세,상해없음,승용,여,41세,중상
2016071400100579,2016년 7월 14일 21시,목요일,제주특별자치도 제주시 화북일동,경상사고,0,0,1,0,차대차 - 정면충돌,안전운전불이행,건조,맑음,교차로 - 교차로부근,승용,남,47세,상해없음,승용,여,34세,경상
2016071400100600,2016년 7월 14일 22시,목요일,제주특별자치도 제주시 한경면,경상사고,0,0,1,0,차량단독 - 전도전복,안전운전불이행,건조,맑음,단일로 - 기타,승용,남,32세,경상,,,,
2016071500100159,2016년 7월 15일 09시,금요일,제주특별자치도 제주시 봉개동,경상사고,0,0,1,0,차대차 - 정면충돌,안전운전불이행,건조,흐림,기타 - 기타,승용,남,52세,상해없음,승용,남,77세,경상
2016071500100240,2016년 7월 15일 11시,금요일,제주특별자치도 제주시 일도이동,중상사고,0,1,3,0,차대차 - 정면충돌,직진우회전진행방해,건조,맑음,교차로 - 교차로안,승용,여,54세,경상,승용,여,23세,중상
2016071500100273,2016년 7월 15일 12시,금요일,제주특별자치도 제주시 용담이동,경상사고,0,0,1,0,차대차 - 측면충돌,신호위반,건조,맑음,교차로 - 교차로안,승용,여,54세,상해없음,승용,남,25세,경상
2016071500100372,2016년 7월 15일 15시,금요일,제주특별자치도 서귀포시 동홍동,중상사고,0,1,0,0,차대사람 - 기타,안전운전불이행,건조,맑음,교차로 - 교차로안,승용,남,76세,상해없음,보행자,여,90세 이상,중상
2016071500100455,2016년 7월 15일 17시,금요일,제주특별자치도 제주시 구좌읍,중상사고,0,1,0,0,차대차 - 기타,안전운전불이행,건조,맑음,교차로 - 교차로부근,화물,여,72세,상해없음,원동기,남,22세,중상
2016071500100456,2016년 7월 15일 17시,금요일,제주특별자치도 제주시 이호이동,경상사고,0,0,4,0,차대차 - 측면충돌,교차로운행방법위반,건조,맑음,교차로 - 교차로안,승용,여,35세,경상,승합,남,32세,경상
2016071500100500,2016년 7월 15일 18시,금요일,제주특별자치도 제주시 노형동,경상사고,0,0,1,0,차대차 - 기타,안전운전불이행,건조,맑음,교차로 - 교차로안,승용,여,36세,기타불명,화물,남,31세,경상
2016071500100625,2016년 7월 15일 21시,금요일,제주특별자치도 제주시 아라일동,경상사고,0,0,1,0,차대차 - 측면충돌,신호위반,건조,흐림,교차로 - 교차로안,승용,남,33세,상해없음,이륜,남,35세,경상
2016071500100626,2016년 7월 15일 21시,금요일,제주특별자치도 제주시 일도이동,중상사고,0,1,0,0,차대차 - 기타,직진우회전진행방해,건조,기타,교차로 - 교차로안,승용,남,47세,상해없음,이륜,남,37세,중상
2016071600100086,2016년 7월 16일 03시,토요일,제주특별자치도 제주시 연동,경상사고,0,0,1,0,차대차 - 측면충돌,안전운전불이행,건조,맑음,교차로 - 교차로안,승용,남,27세,기타불명,승용,남,38세,경상
2016071600100087,2016년 7월 16일 03시,토요일,제주특별자치도 제주시 노형동,경상사고,0,0,3,0,차대차 - 측면충돌,신호위반,건조,맑음,교차로 - 교차로안,승용,남,58세,경상,승용,남,58세,경상
2016071600100338,2016년 7월 16일 13시,토요일,제주특별자치도 서귀포시 토평동,경상사고,0,0,1,0,차대차 - 기타,직진우회전진행방해,건조,맑음,교차로 - 교차로안,승용,여,56세,상해없음,농기계,남,64세,경상
2016071600100374,2016년 7월 16일 14시,토요일,제주특별자치도 제주시 구좌읍,경상사고,0,0,1,0,차대사람 - 길가장자리구역통행중,안전운전불이행,건조,맑음,단일로 - 기타,승용,여,22세,상해없음,보행자,남,61세,경상
2016071600100375,2016년 7월 16일 14시,토요일,제주특별자치도 제주시 일도이동,부상신고사고,0,0,0,1,차대사람 - 기타,안전운전불이행,건조,맑음,단일로 - 기타,자전거,남,13세,기타불명,보행자,여,4세,부상신고
2016071600100376,2016년 7월 16일 14시,토요일,제주특별자치도 서귀포시 대정읍,중상사고,0,1,0,0,차대차 - 측면충돌,직진우회전진행방해,건조,맑음,교차로 - 교차로안,이륜,여,67세,중상,승합,남,76세,상해없음
2016071600100413,2016년 7월 16일 15시,토요일,제주특별자치도 제주시 건입동,경상사고,0,0,1,0,차량단독 - 전도전복,안전운전불이행,건조,맑음,단일로 - 기타,이륜,남,17세,경상,,,,
2016071600100451,2016년 7월 16일 16시,토요일,제주특별자치도 제주시 조천읍,경상사고,0,0,1,0,차대차 - 추돌,안전거리미확보,건조,맑음,단일로 - 기타,승용,여,37세,상해없음,승용,남,37세,경상
2016071600100574,2016년 7월 16일 20시,토요일,제주특별자치도 제주시 도남동,경상사고,0,0,1,0,차대차 - 정면충돌,안전운전불이행,건조,맑음,단일로 - 기타,승용,남,23세,상해없음,이륜,남,43세,경상
2016071600100641,2016년 7월 16일 22시,토요일,제주특별자치도 서귀포시 보목동,중상사고,0,1,0,0,차대차 - 측면충돌,불법유턴,건조,맑음,교차로 - 교차로부근,승용,남,47세,상해없음,원동기,남,24세,중상
2016071600100675,2016년 7월 16일 23시,토요일,제주특별자치도 제주시 삼도일동,중상사고,0,1,0,0,차대사람 - 보도통행중,신호위반,건조,맑음,교차로 - 교차로부근,승용,여,37세,상해없음,보행자,남,43세,중상
2016071700100020,2016년 7월 17일 00시,일요일,제주특별자치도 제주시 한림읍,중상사고,0,1,0,0,차대차 - 측면직각충돌,교차로운행방법위반,건조,맑음,교차로 - 교차로안,승용,남,36세,중상,화물,남,54세,상해없음
2016071700100149,2016년 7월 17일 10시,일요일,제주특별자치도 서귀포시 월평동,중상사고,0,1,0,0,차대차 - 추돌,안전운전불이행,건조,맑음,단일로 - 기타,원동기,남,58세,중상,화물,남,55세,상해없음
2016071700100168,2016년 7월 17일 11시,일요일,제주특별자치도 제주시 도두일동,경상사고,0,0,2,0,차대차 - 추돌,안전운전불이행,건조,맑음,단일로 - 기타,승용,여,22세,상해없음,승용,남,31세,경상
2016071700100192,2016년 7월 17일 12시,일요일,제주특별자치도 서귀포시 안덕면,중상사고,0,1,0,0,차대차 - 기타,안전거리미확보,건조,맑음,단일로 - 기타,승용,남,21세,상해없음,원동기,여,81세,중상
2016071700100224,2016년 7월 17일 13시,일요일,제주특별자치도 제주시 우도면,중상사고,0,1,0,0,차량단독 - 전도전복,안전운전불이행,건조,맑음,단일로 - 기타,원동기,남,31세,상해없음,,,,
2016071700100225,2016년 7월 17일 13시,일요일,제주특별자치도 제주시 이도이동,경상사고,0,0,1,0,차대차 - 추돌,교차로운행방법위반,건조,맑음,교차로 - 교차로안,승합,남,22세,상해없음,승용,남,22세,경상
2016071700100226,2016년 7월 17일 13시,일요일,제주특별자치도 서귀포시 대정읍,중상사고,0,1,0,0,차대사람 - 횡단중,안전운전불이행,건조,맑음,교차로 - 교차로부근,화물,남,30세,기타불명,보행자,남,61세,중상
2016071700100285,2016년 7월 17일 15시,일요일,제주특별자치도 제주시 노형동,경상사고,0,0,1,0,차대차 - 추돌,안전운전불이행,건조,맑음,교차로 - 교차로부근,승용,여,39세,상해없음,승용,여,34세,상해없음
2016071700100353,2016년 7월 17일 17시,일요일,제주특별자치도 제주시 용강동,경상사고,0,0,1,0,차대차 - 정면충돌,안전운전불이행,기타,맑음,단일로 - 기타,특수,남,44세,상해없음,농기계,남,79세,경상
2016071700100354,2016년 7월 17일 17시,일요일,제주특별자치도 제주시 한림읍,부상신고사고,0,0,0,1,차량단독 - 전도전복,안전운전불이행,건조,맑음,단일로 - 기타,화물,남,65세,부상신고,,,,
2016071700100430,2016년 7월 17일 20시,일요일,제주특별자치도 서귀포시 중문동,중상사고,0,1,0,0,차대사람 - 기타,안전운전불이행,건조,맑음,교차로 - 교차로부근,승용,남,30세,상해없음,보행자,남,58세,중상
2016071700100431,2016년 7월 17일 20시,일요일,제주특별자치도 제주시 연동,경상사고,0,0,1,0,차대차 - 측면충돌,안전운전불이행,건조,맑음,교차로 - 교차로부근,승용,여,38세,상해없음,이륜,남,60세,경상
2016071800100026,2016년 7월 18일 02시,월요일,제주특별자치도 제주시 노형동,경상사고,0,0,2,0,차대차 - 측면충돌,신호위반,건조,맑음,교차로 - 교차로안,승용,여,54세,경상,승용,남,36세,경상
2016071800100031,2016년 7월 18일 04시,월요일,제주특별자치도 제주시 구좌읍,경상사고,0,0,1,0,차량단독 - 전도전복,안전운전불이행,건조,맑음,단일로 - 기타,이륜,남,18세,경상,,,,
2016071800100032,2016년 7월 18일 04시,월요일,제주특별자치도 제주시 도두일동,경상사고,0,0,1,0,차량단독 - 전도전복,안전운전불이행,건조,맑음,단일로 - 기타,승용,남,24세,경상,,,,
2016071800100115,2016년 7월 18일 08시,월요일,제주특별자치도 제주시 화북일동,중상사고,0,1,0,0,차대사람 - 길가장자리구역통행중,안전운전불이행,건조,맑음,단일로 - 기타,화물,여,43세,상해없음,보행자,남,3세,중상
2016071800100154,2016년 7월 18일 09시,월요일,제주특별자치도 서귀포시 표선면,중상사고,0,1,0,0,차대사람 - 기타,안전운전불이행,건조,맑음,단일로 - 기타,승합,남,48세,상해없음,보행자,여,90세 이상,중상
2016071800100155,2016년 7월 18일 09시,월요일,제주특별자치도 서귀포시 하원동,경상사고,0,0,1,0,차대차 - 기타,안전거리미확보,건조,맑음,단일로 - 기타,승용,남,70세,상해없음,승용,여,46세,경상
2016071800100181,2016년 7월 18일 10시,월요일,제주특별자치도 제주시 구좌읍,부상신고사고,0,0,0,1,차량단독 - 전도전복,안전운전불이행,기타,맑음,단일로 - 기타,승용,남,29세,부상신고,,,,
2016071800100236,2016년 7월 18일 12시,월요일,제주특별자치도 제주시 봉개동,경상사고,0,0,1,0,차대차 - 측면충돌,신호위반,건조,맑음,교차로 - 교차로안,승용,남,52세,상해없음,승용,남,39세,경상
2016071800100237,2016년 7월 18일 12시,월요일,제주특별자치도 서귀포시 성산읍,중상사고,0,1,1,0,차대차 - 추돌,안전운전불이행,건조,맑음,단일로 - 기타,화물,남,56세,경상,농기계,남,70세,중상
2016071800100238,2016년 7월 18일 12시,월요일,제주특별자치도 제주시 외도일동,경상사고,0,0,1,0,차대차 - 측면직각충돌,교차로운행방법위반,건조,맑음,교차로 - 교차로안,화물,남,46세,상해없음,승용,남,59세,경상
2016071800100345,2016년 7월 18일 15시,월요일,제주특별자치도 제주시 구좌읍,경상사고,0,0,3,0,차대차 - 측면충돌,교차로운행방법위반,건조,맑음,교차로 - 교차로안,승용,여,19세,상해없음,승용,남,38세,경상
2016071800100382,2016년 7월 18일 16시,월요일,제주특별자치도 제주시 일도이동,경상사고,0,0,1,0,차대사람 - 횡단중,안전운전불이행,건조,맑음,단일로 - 횡단보도부근,승용,남,21세,상해없음,보행자,여,49세,경상