사고번호,사고일시,요일,시군구,사고내용,사망자수,중상자수,경상자수,부상신고자수,사고유형,법규위반,노면상태,기상상태,도로형태,가해운전자 차종,가해운전자 성별,가해운전자 연령,가해운전자 상해정도,피해운전자 차종,피해운전자 성별,피해운전자 연령,피해운전자 상해정도
2016072600100223,2016년 7월 26일 11시,화요일,제주특별자치도 제주시 애월읍,경상사고,0,0,2,0,차대차 - 측면충돌,직진우회전진행방해,건조,맑음,교차로 - 교차로안,승합,남,39세,상해없음,승용,여,59세,경상
2016072600100286,2016년 7월 26일 13시,화요일,제주특별자치도 서귀포시 남원읍,중상사고,0,1,0,0,차대차 - 기타,안전운전불이행,건조,맑음,단일로 - 기타,기타불명,기타불명,기타불명,기타불명,원동기,여,24세,중상
2016072600100287,2016년 7월 26일 13시,화요일,제주특별자치도 제주시 연동,경상사고,0,0,3,0,차대차 - 측면충돌,교차로운행방법위반,건조,맑음,교차로 - 교차로안,승용,여,49세,상해없음,승용,여,42세,경상
2016072600100355,2016년 7월 26일 15시,화요일,제주특별자치도 서귀포시 표선면,중상사고,0,1,0,0,차대차 - 측면충돌,신호위반,건조,맑음,교차로 - 교차로안,화물,남,51세,중상,건설기계,남,46세,상해없음
2016072600100356,2016년 7월 26일 15시,화요일,제주특별자치도 서귀포시 남원읍,경상사고,0,0,1,0,차대차 - 정면충돌,중앙선침범,건조,맑음,단일로 - 기타,승용,여,61세,상해없음,화물,남,57세,상해없음
2016072600100379,2016년 7월 26일 16시,화요일,제주특별자치도 제주시 화북이동,경상사고,0,0,2,0,차대차 - 추돌,안전거리미확보,건조,맑음,단일로 - 기타,화물,남,61세,상해없음,화물,남,54세,경상
2016072600100380,2016년 7월 26일 16시,화요일,제주특별자치도 제주시 노형동,경상사고,0,0,1,0,차대사람 - 횡단중,보행자보호의무위반,건조,맑음,단일로 - 횡단보도상,이륜,기타불명,기타불명,기타불명,보행자,남,8세,경상
2016072600100414,2016년 7월 26일 17시,화요일,제주특별자치도 서귀포시 서홍동,경상사고,0,0,1,1,차대차 - 측면직각충돌,안전운전불이행,건조,맑음,단일로 - 기타,화물,남,67세,기타불명,승용,여,30세,경상
2016072600100415,2016년 7월 26일 17시,화요일,제주특별자치도 서귀포시 상예동,부상신고사고,0,0,0,1,차대차 - 측면충돌,직진우회전진행방해,건조,맑음,교차로 - 교차로안,이륜,여,25세,부상신고,화물,남,55세,상해없음
2016072600100535,2016년 7월 26일 20시,화요일,제주특별자치도 서귀포시 안덕면,중상사고,0,1,0,0,차대차 - 기타,중앙선침범,건조,맑음,단일로 - 기타,원동기,남,40세,중상,승용,남,21세,상해없음
2016072700100008,2016년 7월 27일 00시,수요일,제주특별자치도 서귀포시 동홍동,경상사고,0,0,1,0,차량단독 - 전도전복,안전운전불이행,건조,맑음,교차로 - 교차로부근,승용,남,65세,경상,,,,
2016072700100078,2016년 7월 27일 06시,수요일,제주특별자치도 서귀포시 안덕면,경상사고,0,0,1,0,차대사람 - 기타,안전운전불이행,건조,맑음,단일로 - 기타,승용,남,56세,상해없음,보행자,남,53세,경상
2016072700100097,2016년 7월 27일 07시,수요일,제주특별자치도 서귀포시 대정읍,경상사고,0,0,1,0,차대차 - 정면충돌,안전운전불이행,건조,맑음,단일로 - 기타,건설기계,남,62세,상해없음,승용,여,55세,경상
2016072700100151,2016년 7월 27일 09시,수요일,제주특별자치도 서귀포시 강정동,부상신고사고,0,0,0,1,차대차 - 기타,불법유턴,건조,맑음,단일로 - 기타,화물,남,47세,상해없음,자전거,여,14세,상해없음
2016072700100187,2016년 7월 27일 10시,수요일,제주특별자치도 서귀포시 성산읍,경상사고,0,0,1,0,차대차 - 측면충돌,안전운전불이행,건조,맑음,교차로 - 교차로부근,승용,여,45세,상해없음,원동기,남,56세,경상
2016072700100188,2016년 7월 27일 10시,수요일,제주특별자치도 서귀포시 표선면,부상신고사고,0,0,0,1,차대차 - 기타,안전운전불이행,건조,맑음,단일로 - 기타,기타불명,여,37세,부상신고,승용,남,39세,상해없음
2016072700100244,2016년 7월 27일 12시,수요일,제주특별자치도 제주시 구좌읍,경상사고,0,0,3,0,차대차 - 정면충돌,안전운전불이행,건조,맑음,교차로 - 교차로안,승용,여,32세,경상,화물,남,37세,경상
2016072700100245,2016년 7월 27일 12시,수요일,제주특별자치도 제주시 용담이동,경상사고,0,0,1,0,차대차 - 측면충돌,안전운전불이행,건조,맑음,교차로 - 교차로부근,승용,남,43세,상해없음,승용,여,24세,경상
2016072700100274,2016년 7월 27일 13시,수요일,제주특별자치도 서귀포시 동홍동,중상사고,0,1,0,0,차대차 - 측면직각충돌,안전운전불이행,건조,맑음,단일로 - 기타,이륜,남,22세,중상,승용,남,45세,상해없음
2016072700100385,2016년 7월 27일 16시,수요일,제주특별자치도 서귀포시 남원읍,중상사고,0,1,0,0,차대차 - 기타,안전운전불이행,건조,맑음,단일로 - 기타,원동기,남,73세,중상,승용,여,27세,상해없음
2016072700100421,2016년 7월 27일 17시,수요일,제주특별자치도 제주시 일도이동,중상사고,0,1,6,0,차대차 - 추돌,안전거리미확보,건조,맑음,교차로 - 교차로부근,승용,남,19세,상해없음,승용,남,45세,경상
2016072700100422,2016년 7월 27일 17시,수요일,제주특별자치도 서귀포시 안덕면,부상신고사고,0,0,0,4,차대차 - 측면충돌,안전운전불이행,건조,맑음,교차로 - 교차로안,승합,남,49세,상해없음,승합,남,59세,상해없음
2016072700100570,2016년 7월 27일 21시,수요일,제주특별자치도 제주시 애월읍,중상사고,0,1,0,0,차대차 - 기타,안전운전불이행,건조,맑음,교차로 - 교차로부근,승용,여,23세,상해없음,원동기,남,25세,중상
2016072800100203,2016년 7월 28일 11시,목요일,제주특별자치도 제주시 조천읍,경상사고,0,0,2,0,차대차 - 측면충돌,직진우회전진행방해,건조,맑음,교차로 - 교차로안,승용,남,25세,경상,화물,여,55세,경상
2016072800100229,2016년 7월 28일 12시,목요일,제주특별자치도 제주시 이도이동,경상사고,0,0,1,0,차대차 - 측면충돌,안전거리미확보,건조,맑음,단일로 - 기타,이륜,남,33세,경상,승용,여,60세,상해없음
2016072800100230,2016년 7월 28일 12시,목요일,제주특별자치도 제주시 노형동,경상사고,0,0,1,0,차대사람 - 횡단중,신호위반,건조,맑음,단일로 - 횡단보도상,승용,여,44세,상해없음,보행자,여,50세,경상
2016072800100362,2016년 7월 28일 16시,목요일,제주특별자치도 서귀포시 강정동,경상사고,0,0,2,0,차대차 - 기타,직진우회전진행방해,건조,맑음,교차로 - 교차로안,승용,여,51세,상해없음,승합,남,53세,상해없음
2016072800100405,2016년 7월 28일 17시,목요일,제주특별자치도 서귀포시 대정읍,경상사고,0,0,3,0,차대차 - 측면직각충돌,직진우회전진행방해,건조,맑음,교차로 - 교차로안,승용,남,52세,상해없음,승용,남,28세,경상
2016072800100446,2016년 7월 28일 18시,목요일,제주특별자치도 제주시 우도면,부상신고사고,0,0,0,1,차량단독 - 전도전복,안전운전불이행,건조,맑음,단일로 - 기타,원동기,여,42세,부상신고,,,,
2016072800100447,2016년 7월 28일 18시,목요일,제주특별자치도 제주시 이도일동,경상사고,0,0,1,0,차대차 - 추돌,중앙선침범,건조,맑음,교차로 - 교차로부근,승용,여,28세,상해없음,승용,남,40세,경상
2016072800100482,2016년 7월 28일 19시,목요일,제주특별자치도 서귀포시 토평동,경상사고,0,0,1,0,차대차 - 측면직각충돌,안전운전불이행,건조,맑음,교차로 - 교차로안,화물,남,61세,상해없음,승용,남,24세,경상
2016072800100515,2016년 7월 28일 20시,목요일,제주특별자치도 제주시 삼도일동,경상사고,0,0,1,0,차대사람 - 차도통행중,안전운전불이행,건조,맑음,단일로 - 기타,화물,남,65세,상해없음,보행자,남,50세,경상
2016072900100068,2016년 7월 29일 04시,금요일,제주특별자치도 서귀포시 토평동,중상사고,0,2,1,0,차대차 - 측면직각충돌,신호위반,건조,맑음,교차로 - 교차로안,화물,남,72세,중상,승용,남,59세,경상
2016072900100113,2016년 7월 29일 07시,금요일,제주특별자치도 제주시 조천읍,중상사고,0,1,0,0,차대차 - 정면충돌,안전운전불이행,건조,맑음,단일로 - 기타,원동기,남,70세,중상,승용,여,56세,상해없음
2016072900100202,2016년 7월 29일 10시,금요일,제주특별자치도 제주시 구좌읍,부상신고사고,0,0,0,1,차대차 - 기타,안전거리미확보,건조,맑음,단일로 - 기타,기타불명,기타불명,기타불명,기타불명,승용,여,60세,부상신고
2016072900100203,2016년 7월 29일 10시,금요일,제주특별자치도 서귀포시 안덕면,사망사고,1,0,0,0,차량단독 - 전도전복,안전운전불이행,건조,맑음,교차로 - 교차로안,농기계,남,74세,사망,,,,
2016072900100204,2016년 7월 29일 10시,금요일,제주특별자치도 제주시 연동,부상신고사고,0,0,0,1,차대차 - 측면충돌,안전운전불이행,건조,맑음,단일로 - 기타,승합,남,35세,상해없음,승용,남,44세,부상신고
2016072900100238,2016년 7월 29일 11시,금요일,제주특별자치도 제주시 아라일동,중상사고,0,1,1,1,차대차 - 측면직각충돌,차로위반,건조,맑음,단일로 - 기타,승용,여,68세,부상신고,승용,남,63세,경상
2016072900100239,2016년 7월 29일 11시,금요일,제주특별자치도 제주시 애월읍,경상사고,0,0,2,0,차대차 - 추돌,안전운전불이행,건조,맑음,단일로 - 기타,승합,남,45세,상해없음,승용,남,71세,경상
2016072900100308,2016년 7월 29일 13시,금요일,제주특별자치도 서귀포시 토평동,중상사고,0,1,0,0,차대차 - 정면충돌,직진우회전진행방해,건조,맑음,교차로 - 교차로안,화물,남,46세,상해없음,승용,여,36세,중상
2016072900100351,2016년 7월 29일 14시,금요일,제주특별자치도 제주시 연동,경상사고,0,0,1,0,차대차 - 측면충돌,신호위반,건조,맑음,교차로 - 교차로안,화물,여,45세,상해없음,승용,남,68세,경상
2016072900100384,2016년 7월 29일 15시,금요일,제주특별자치도 제주시 우도면,경상사고,0,0,1,0,차대차 - 정면충돌,직진우회전진행방해,건조,맑음,교차로 - 교차로안,승용,남,35세,상해없음,승용,남,32세,경상
2016072900100461,2016년 7월 29일 17시,금요일,제주특별자치도 제주시 건입동,중상사고,0,1,0,0,차대차 - 측면직각충돌,차로위반,건조,맑음,교차로 - 교차로부근,승용,남,45세,상해없음,원동기,남,18세,중상
2016072900100462,2016년 7월 29일 17시,금요일,제주특별자치도 제주시 애월읍,경상사고,0,0,1,1,차대차 - 측면직각충돌,직진우회전진행방해,건조,맑음,교차로 - 교차로안,승용,여,40세,부상신고,승용,남,52세,경상
2016072900100540,2016년 7월 29일 19시,금요일,제주특별자치도 제주시 일도일동,경상사고,0,0,1,0,차대사람 - 기타,안전운전불이행,건조,맑음,교차로 - 교차로안,승용,남,33세,상해없음,보행자,남,22세,경상
2016072900100579,2016년 7월 29일 20시,금요일,제주특별자치도 제주시 이도일동,중상사고,0,1,0,0,차대차 - 추돌,안전운전불이행,건조,맑음,단일로 - 기타,화물,남,39세,상해없음,승용,여,52세,중상
2016073000100021,2016년 7월 30일 00시,토요일,제주특별자치도 제주시 연동,부상신고사고,0,0,0,1,차대사람 - 기타,안전운전불이행,건조,맑음,단일로 - 기타,승용,남,62세,상해없음,보행자,남,35세,부상신고
2016073000100116,2016년 7월 30일 06시,토요일,제주특별자치도 서귀포시 중문동,중상사고,0,1,0,0,차량단독 - 기타,안전운전불이행,건조,맑음,단일로 - 기타,승용,남,22세,중상,,,,
2016073000100135,2016년 7월 30일 07시,토요일,제주특별자치도 제주시 일도이동,중상사고,0,1,0,0,차대차 - 측면충돌,차로위반,건조,맑음,교차로 - 교차로부근,화물,남,54세,상해없음,승용,남,58세,중상
2016073000100200,2016년 7월 30일 10시,토요일,제주특별자치도 제주시 일도이동,중상사고,0,1,1,0,차대사람 - 횡단중,보행자보호의무위반,건조,맑음,교차로 - 교차로부근,승용,남,48세,상해없음,보행자,여,36세,중상
2016073000100201,2016년 7월 30일 10시,토요일,제주특별자치도 제주시 오라일동,경상사고,0,0,1,0,차대차 - 추돌,교차로운행방법위반,건조,맑음,교차로 - 교차로안,승합,남,58세,상해없음,승용,남,71세,상해없음
2016073000100202,2016년 7월 30일 10시,토요일,제주특별자치도 서귀포시 서귀동,중상사고,0,1,0,0,차대사람 - 횡단중,보행자보호의무위반,건조,맑음,교차로 - 교차로부근,승용,여,48세,상해없음,보행자,여,57세,중상
2016073000100225,2016년 7월 30일 11시,토요일,제주특별자치도 서귀포시 서귀동,경상사고,0,0,1,0,차대차 - 측면직각충돌,직진우회전진행방해,건조,맑음,교차로 - 교차로안,원동기,남,56세,경상,승용,남,64세,상해없음
2016073000100256,2016년 7월 30일 12시,토요일,제주특별자치도 제주시 연동,경상사고,0,0,1,0,차대차 - 기타,안전운전불이행,건조,맑음,단일로 - 기타,이륜,남,30세,경상,화물,남,24세,상해없음
2016073000100301,2016년 7월 30일 13시,토요일,제주특별자치도 서귀포시 성산읍,경상사고,0,0,1,0,차대사람 - 횡단중,안전운전불이행,건조,맑음,단일로 - 기타,승용,여,25세,상해없음,보행자,남,8세,경상
2016073000100400,2016년 7월 30일 16시,토요일,제주특별자치도 제주시 용담일동,경상사고,0,0,1,0,차대차 - 추돌,안전거리미확보,건조,맑음,단일로 - 기타,승용,남,56세,상해없음,승용,남,64세,경상
2016073000100401,2016년 7월 30일 16시,토요일,제주특별자치도 제주시 용담이동,경상사고,0,0,1,0,차대차 - 측면충돌,안전거리미확보,건조,맑음,단일로 - 기타,승합,남,38세,상해없음,승합,남,24세,경상
2016073000100465,2016년 7월 30일 18시,토요일,제주특별자치도 제주시 조천읍,중상사고,0,1,0,0,차량단독 - 전도전복,안전운전불이행,건조,맑음,단일로 - 기타,화물,남,44세,상해없음,,,,
2016073000100466,2016년 7월 30일 18시,토요일,제주특별자치도 서귀포시 색달동,경상사고,0,0,2,0,차대차 - 기타,안전거리미확보,건조,맑음,교차로 - 교차로부근,승용,남,23세,상해없음,승용,남,30세,경상
2016073000100467,2016년 7월 30일 18시,토요일,제주특별자치도 서귀포시 동홍동,경상사고,0,0,1,0,차대차 - 측면충돌,안전거리미확보,건조,맑음,단일로 - 기타,화물,남,59세,상해없음,승용,여,51세,경상
2016073000100523,2016년 7월 30일 20시,토요일,제주특별자치도 제주시 삼도이동,경상사고,0,0,1,0,차대차 - 정면충돌,직진우회전진행방해,건조,맑음,교차로 - 교차로안,승용,남,58세,상해없음,승용,여,55세,상해없음
2016073000100575,2016년 7월 30일 22시,토요일,제주특별자치도 제주시 이도이동,경상사고,0,0,1,0,차대차 - 측면충돌,교차로운행방법위반,건조,맑음,교차로 - 교차로안,승용,남,58세,상해없음,자전거,남,67세,경상
2016073000100576,2016년 7월 30일 22시,토요일,제주특별자치도 제주시 화북일동,경상사고,0,0,1,0,차대차 - 측면충돌,중앙선침범,건조,맑음,교차로 - 교차로부근,승용,남,54세,상해없음,승용,남,18세,경상
2016073000100577,2016년 7월 30일 22시,토요일,제주특별자치도 제주시 해안동,중상사고,0,1,0,0,차대차 - 추돌,안전운전불이행,건조,맑음,단일로 - 기타,승용,남,25세,상해없음,이륜,여,20세,중상
2016073000100606,2016년 7월 30일 23시,토요일,제주특별자치도 제주시 해안동,경상사고,0,0,1,0,차대차 - 기타,중앙선침범,건조,맑음,교차로 - 교차로부근,승용,남,28세,상해없음,승용,남,52세,경상
2016073100100046,2016년 7월 31일 02시,일요일,제주특별자치도 서귀포시 대정읍,중상사고,0,2,0,0,차량단독 - 전도전복,안전운전불이행,건조,맑음,단일로 - 기타,승용,남,35세,중상,,,,
2016073100100111,2016년 7월 31일 07시,일요일,제주특별자치도 서귀포시 상효동,경상사고,0,0,1,0,차대차 - 추돌,직진우회전진행방해,건조,맑음,교차로 - 교차로안,승용,남,59세,상해없음,승용,남,61세,경상
2016073100100128,2016년 7월 31일 08시,일요일,제주특별자치도 서귀포시 서귀동,경상사고,0,0,1,0,차대사람 - 횡단중,안전운전불이행,건조,맑음,단일로 - 기타,승용,남,69세,상해없음,보행자,여,52세,경상
2016073100100147,2016년 7월 31일 09시,일요일,제주특별자치도 서귀포시 상효동,중상사고,0,2,2,0,차대차 - 기타,중앙선침범,건조,맑음,단일로 - 횡단보도부근,화물,남,53세,상해없음,승용,남,53세,경상
2016073100100299,2016년 7월 31일 14시,일요일,제주특별자치도 서귀포시 영남동,중상사고,0,1,5,0,차량단독 - 전도전복,안전운전불이행,건조,맑음,단일로 - 기타,승용,남,56세,중상,,,,
2016073100100300,2016년 7월 31일 14시,일요일,제주특별자치도 서귀포시 중문동,경상사고,0,0,2,0,차대차 - 추돌,안전운전불이행,건조,맑음,단일로 - 기타,승용,여,20세,상해없음,승용,남,28세,경상
2016073100100332,2016년 7월 31일 15시,일요일,제주특별자치도 서귀포시 안덕면,중상사고,0,1,0,0,차대차 - 측면충돌,교차로운행방법위반,건조,맑음,교차로 - 교차로안,이륜,여,70세,중상,승용,남,44세,상해없음
2016073100100361,2016년 7월 31일 16시,일요일,제주특별자치도 서귀포시 하원동,중상사고,0,1,0,0,차량단독 - 공작물충돌,안전운전불이행,건조,맑음,단일로 - 기타,이륜,남,68세,중상,,,,
2016073100100415,2016년 7월 31일 18시,일요일,제주특별자치도 제주시 용담일동,중상사고,0,1,0,0,차대사람 - 횡단중,보행자보호의무위반,건조,맑음,단일로 - 횡단보도상,이륜,남,35세,상해없음,보행자,남,5세,중상
2016073100100469,2016년 7월 31일 20시,일요일,제주특별자치도 서귀포시 남원읍,경상사고,0,0,1,0,차대차 - 정면충돌,중앙선침범,건조,맑음,단일로 - 기타,승용,남,55세,상해없음,승용,남,52세,경상
2016073100100470,2016년 7월 31일 20시,일요일,제주특별자치도 제주시 애월읍,중상사고,0,1,0,0,차대사람 - 길가장자리구역통행중,안전운전불이행,건조,맑음,단일로 - 기타,원동기,남,31세,상해없음,보행자,여,64세,중상
2016080100100022,2016년 8월 1일 01시,월요일,제주특별자치도 서귀포시 동홍동,중상사고,0,1,0,0,차량단독 - 주/정차차량 충돌,안전운전불이행,건조,맑음,단일로 - 기타,승용,여,25세,중상,,,,
2016080100100090,2016년 8월 1일 08시,월요일,제주특별자치도 제주시 봉개동,중상사고,0,1,0,0,차대차 - 정면충돌,중앙선침범,건조,맑음,단일로 - 기타,승용,남,44세,상해없음,승용,여,56세,중상
2016080100100091,2016년 8월 1일 08시,월요일,제주특별자치도 제주시 도남동,경상사고,0,0,1,0,차대차 - 측면직각충돌,교차로운행방법위반,건조,맑음,교차로 - 교차로안,승용,여,39세,상해없음,승용,여,36세,경상
2016080100100234,2016년 8월 1일 12시,월요일,제주특별자치도 제주시 구좌읍,경상사고,0,0,1,0,차대차 - 정면충돌,중앙선침범,건조,맑음,단일로 - 기타,화물,남,47세,상해없음,승용,남,28세,경상
2016080100100341,2016년 8월 1일 15시,월요일,제주특별자치도 제주시 노형동,경상사고,0,0,1,5,차대차 - 추돌,안전거리미확보,건조,맑음,단일로 - 기타,화물,남,41세,상해없음,승용,남,75세,경상
2016080100100429,2016년 8월 1일 17시,월요일,제주특별자치도 서귀포시 강정동,경상사고,0,0,1,0,차대차 - 측면직각충돌,교차로운행방법위반,건조,맑음,교차로 - 교차로안,승용,남,76세,상해없음,승용,남,45세,경상
2016080100100468,2016년 8월 1일 18시,월요일,제주특별자치도 제주시 노형동,경상사고,0,0,1,0,차대차 - 측면직각충돌,안전거리미확보,건조,맑음,단일로 - 기타,이륜,남,38세,경상,승용,여,40세,상해없음
2016080100100532,2016년 8월 1일 20시,월요일,제주특별자치도 제주시 용담이동,경상사고,0,0,6,0,차대차 - 측면충돌,신호위반,건조,맑음,교차로 - 교차로안,승용,여,67세,경상,승용,남,51세,경상
2016080100100533,2016년 8월 1일 20시,월요일,제주특별자치도 제주시 연동,경상사고,0,0,1,0,차대사람 - 기타,안전운전불이행,건조,맑음,단일로 - 기타,승용,남,30세,상해없음,보행자,여,23세,경상
2016080200100026,2016년 8월 2일 02시,화요일,제주특별자치도 제주시 한림읍,사망사고,1,0,0,0,차대사람 - 기타,안전운전불이행,건조,맑음,단일로 - 기타,승용,남,31세,상해없음,보행자,남,50세,사망
2016080200100103,2016년 8월 2일 08시,화요일,제주특별자치도 제주시 연동,경상사고,0,0,1,0,차대차 - 추돌,안전거리미확보,건조,맑음,단일로 - 기타,승용,남,56세,상해없음,승용,남,27세,경상
2016080200100134,2016년 8월 2일 09시,화요일,제주특별자치도 서귀포시 서홍동,중상사고,0,1,0,0,차대사람 - 횡단중,보행자보호의무위반,건조,맑음,교차로 - 교차로안,승용,여,36세,상해없음,보행자,여,11세,중상
2016080200100135,2016년 8월 2일 09시,화요일,제주특별자치도 제주시 애월읍,경상사고,0,0,1,0,차대차 - 측면충돌,교차로운행방법위반,건조,맑음,교차로 - 교차로안,승용,여,41세,경상,승용,남,27세,상해없음
2016080200100164,2016년 8월 2일 10시,화요일,제주특별자치도 서귀포시 상효동,중상사고,0,1,0,0,차대차 - 측면직각충돌,불법유턴,건조,맑음,단일로 - 기타,승용,남,48세,상해없음,원동기,남,65세,중상
2016080200100193,2016년 8월 2일 11시,화요일,제주특별자치도 제주시 우도면,경상사고,0,0,1,0,차대사람 - 기타,안전운전불이행,건조,맑음,단일로 - 기타,자전거,여,25세,상해없음,보행자,여,32세,경상
2016080200100245,2016년 8월 2일 13시,화요일,제주특별자치도 서귀포시 법환동,부상신고사고,0,0,0,1,차대사람 - 기타,안전운전불이행,건조,맑음,기타 - 기타,승합,남,45세,상해없음,보행자,남,38세,부상신고
2016080200100281,2016년 8월 2일 14시,화요일,제주특별자치도 제주시 일도이동,경상사고,0,0,1,0,차대차 - 추돌,안전운전불이행,건조,맑음,단일로 - 기타,기타불명,기타불명,기타불명,기타불명,이륜,여,22세,경상
2016080200100282,2016년 8월 2일 14시,화요일,제주특별자치도 제주시 오라삼동,경상사고,0,0,2,1,차대차 - 추돌,안전운전불이행,건조,맑음,단일로 - 횡단보도부근,승용,남,21세,상해없음,승용,남,27세,경상
2016080200100306,2016년 8월 2일 15시,화요일,제주특별자치도 제주시 도두이동,중상사고,0,1,2,0,차대차 - 측면직각충돌,안전거리미확보,건조,맑음,교차로 - 교차로안,이륜,남,18세,경상,승용,여,44세,경상
2016080200100338,2016년 8월 2일 16시,화요일,제주특별자치도 제주시 구좌읍,경상사고,0,0,1,0,차대차 - 측면직각충돌,직진우회전진행방해,건조,맑음,교차로 - 교차로안,건설기계,남,46세,상해없음,승용,여,37세,경상
2016080200100339,2016년 8월 2일 16시,화요일,제주특별자치도 서귀포시 남원읍,경상사고,0,0,2,0,차대차 - 측면충돌,직진우회전진행방해,건조,맑음,교차로 - 교차로안,승용,남,31세,상해없음,승용,남,65세,경상
2016080200100374,2016년 8월 2일 17시,화요일,제주특별자치도 제주시 이도이동,경상사고,0,0,1,1,차대차 - 정면충돌,기타,기타,비,교차로 - 교차로안,승용,여,54세,부상신고,승용,남,66세,경상
2016080200100375,2016년 8월 2일 17시,화요일,제주특별자치도 서귀포시 대정읍,경상사고,0,0,2,1,차대차 - 측면직각충돌,직진우회전진행방해,건조,맑음,교차로 - 교차로안,승용,여,43세,기타불명,승용,여,35세,경상
2016080200100421,2016년 8월 2일 18시,화요일,제주특별자치도 서귀포시 서귀동,중상사고,0,1,0,0,차대차 - 측면직각충돌,안전거리미확보,건조,맑음,단일로 - 기타,승용,남,45세,상해없음,원동기,남,23세,중상
2016080300100020,2016년 8월 3일 01시,수요일,제주특별자치도 제주시 노형동,중상사고,0,1,0,0,차대차 - 추돌,안전거리미확보,건조,맑음,교차로 - 교차로부근,승용,남,57세,상해없음,이륜,여,47세,중상
2016080300100047,2016년 8월 3일 03시,수요일,제주특별자치도 제주시 도련이동,중상사고,0,2,0,0,차대차 - 정면충돌,중앙선침범,건조,기타,단일로 - 기타,화물,남,34세,중상,승합,남,27세,중상
2016080300100048,2016년 8월 3일 03시,수요일,제주특별자치도 제주시 도련이동,중상사고,0,1,0,0,차대사람 - 기타,안전운전불이행,건조,기타,단일로 - 기타,기타불명,기타불명,기타불명,기타불명,보행자,남,27세,중상
2016080300100091,2016년 8월 3일 07시,수요일,제주특별자치도 제주시 애월읍,부상신고사고,0,0,0,1,차대차 - 측면충돌,직진우회전진행방해,건조,흐림,교차로 - 교차로부근,화물,남,59세,상해없음,승용,남,40세,부상신고
2016080300100152,2016년 8월 3일 09시,수요일,제주특별자치도 제주시 한림읍,경상사고,0,0,1,0,차대차 - 기타,안전운전불이행,습기,비,단일로 - 기타,화물,여,63세,상해없음,원동기,남,28세,경상
2016080300100204,2016년 8월 3일 11시,수요일,제주특별자치도 서귀포시 남원읍위미출장,중상사고,0,1,1,0,차대차 - 측면직각충돌,중앙선침범,습기,비,단일로 - 기타,화물,남,60세,중상,승용,남,33세,경상
2016080300100228,2016년 8월 3일 12시,수요일,제주특별자치도 제주시 일도이동,경상사고,0,0,1,0,차대사람 - 횡단중,보행자보호의무위반,건조,맑음,단일로 - 횡단보도상,승용,남,43세,상해없음,보행자,남,8세,경상
2016080300100229,2016년 8월 3일 12시,수요일,제주특별자치도 제주시 용담일동,중상사고,0,1,0,0,차대차 - 정면충돌,중앙선침범,건조,맑음,교차로 - 교차로안,화물,남,48세,상해없음,승용,여,44세,중상
2016080300100230,2016년 8월 3일 12시,수요일,제주특별자치도 서귀포시 신효동,중상사고,0,2,4,0,차대차 - 기타,안전거리미확보,습기,흐림,교차로 - 교차로안,화물,남,27세,중상,승합,남,32세,경상
2016080300100322,2016년 8월 3일 14시,수요일,제주특별자치도 제주시 화북일동,경상사고,0,0,1,0,차대차 - 추돌,안전운전불이행,건조,맑음,교차로 - 교차로부근,승용,남,36세,상해없음,승용,여,47세,경상
2016080300100421,2016년 8월 3일 17시,수요일,제주특별자치도 제주시 아라이동,중상사고,0,1,0,0,차대차 - 정면충돌,안전운전불이행,건조,맑음,교차로 - 교차로부근,승용,남,67세,상해없음,승용,여,31세,상해없음
2016080300100460,2016년 8월 3일 18시,수요일,제주특별자치도 서귀포시 중문동,부상신고사고,0,0,0,1,차대차 - 추돌,안전거리미확보,건조,흐림,단일로 - 기타,승용,남,28세,상해없음,승용,여,48세,부상신고
2016080300100517,2016년 8월 3일 20시,수요일,제주특별자치도 제주시 조천읍,경상사고,0,0,2,0,차대차 - 추돌,안전거리미확보,건조,맑음,교차로 - 교차로부근,승용,남,55세,상해없음,승용,여,41세,경상
2016080300100562,2016년 8월 3일 22시,수요일,제주특별자치도 제주시 이호이동,경상사고,0,0,1,0,차대사람 - 기타,기타,건조,맑음,단일로 - 기타,승용,남,54세,상해없음,보행자,남,63세,경상
2016080300100580,2016년 8월 3일 23시,수요일,제주특별자치도 서귀포시 성산읍,중상사고,0,1,0,0,차대차 - 추돌,안전운전불이행,건조,맑음,교차로 - 교차로안,승용,남,50세,상해없음,승용,여,55세,중상
2016080400100117,2016년 8월 4일 08시,목요일,제주특별자치도 서귀포시 성산읍,중상사고,0,1,0,0,차대차 - 기타,안전운전불이행,건조,흐림,단일로 - 기타,원동기,남,63세,중상,승합,남,53세,상해없음
2016080400100269,2016년 8월 4일 13시,목요일,제주특별자치도 제주시 용담일동,경상사고,0,0,1,0,차대사람 - 기타,안전운전불이행,건조,맑음,단일로 - 기타,기타불명,기타불명,기타불명,기타불명,보행자,여,81세,경상
2016080400100308,2016년 8월 4일 14시,목요일,제주특별자치도 서귀포시 대정읍,중상사고,0,1,0,0,차대차 - 정면충돌,안전운전불이행,건조,맑음,단일로 - 기타,화물,남,79세,상해없음,원동기,여,79세,중상
2016080400100363,2016년 8월 4일 16시,목요일,제주특별자치도 제주시 도두일동,경상사고,0,0,1,0,차대차 - 추돌,안전운전불이행,건조,맑음,교차로 - 교차로부근,승합,여,67세,상해없음,화물,남,31세,경상
2016080400100406,2016년 8월 4일 17시,목요일,제주특별자치도 서귀포시 서호동,경상사고,0,0,1,0,차대차 - 측면직각충돌,안전운전불이행,건조,맑음,교차로 - 교차로안,승용,남,39세,상해없음,승용,여,59세,경상