사고번호,사고일시,요일,시군구,사고내용,사망자수,중상자수,경상자수,부상신고자수,사고유형,법규위반,노면상태,기상상태,도로형태,가해운전자 차종,가해운전자 성별,가해운전자 연령,가해운전자 상해정도,피해운전자 차종,피해운전자 성별,피해운전자 연령,피해운전자 상해정도
2016080400100496,2016년 8월 4일 20시,목요일,제주특별자치도 제주시 도남동,중상사고,0,1,0,0,차대사람 - 횡단중,안전운전불이행,건조,맑음,교차로 - 교차로부근,승용,여,52세,상해없음,보행자,여,55세,중상
2016080400100547,2016년 8월 4일 22시,목요일,제주특별자치도 제주시 한림읍,중상사고,0,1,0,0,차대차 - 정면충돌,중앙선침범,건조,맑음,단일로 - 기타,이륜,남,17세,중상,승용,남,43세,상해없음
2016080400100548,2016년 8월 4일 22시,목요일,제주특별자치도 제주시 해안동,경상사고,0,0,1,0,차대차 - 추돌,안전거리미확보,기타,맑음,교차로 - 교차로부근,승용,남,53세,상해없음,이륜,남,29세,경상
2016080500100145,2016년 8월 5일 09시,금요일,제주특별자치도 서귀포시 대포동,중상사고,0,1,0,0,차대차 - 측면충돌,직진우회전진행방해,건조,맑음,교차로 - 교차로안,화물,남,34세,상해없음,승용,여,38세,중상
2016080500100186,2016년 8월 5일 10시,금요일,제주특별자치도 서귀포시 표선면,중상사고,0,1,0,0,차대차 - 추돌,안전운전불이행,건조,맑음,교차로 - 교차로부근,화물,남,70세,상해없음,화물,남,39세,중상
2016080500100252,2016년 8월 5일 12시,금요일,제주특별자치도 서귀포시 안덕면,경상사고,0,0,1,0,차대차 - 측면직각충돌,직진우회전진행방해,건조,맑음,교차로 - 교차로안,승용,남,36세,상해없음,승용,여,43세,상해없음
2016080500100274,2016년 8월 5일 13시,금요일,제주특별자치도 제주시 한경면,중상사고,0,1,0,0,차대차 - 추돌,안전운전불이행,건조,맑음,단일로 - 기타,승합,남,42세,상해없음,농기계,남,81세,중상
2016080500100303,2016년 8월 5일 14시,금요일,제주특별자치도 서귀포시 색달동,부상신고사고,0,0,0,1,차대차 - 추돌,안전거리미확보,건조,맑음,교차로 - 교차로안,화물,남,45세,부상신고,승용,여,36세,상해없음
2016080500100304,2016년 8월 5일 14시,금요일,제주특별자치도 제주시 한경면,경상사고,0,0,3,0,차대차 - 추돌,직진우회전진행방해,건조,맑음,교차로 - 교차로안,승용,남,20세,상해없음,승용,여,38세,경상
2016080500100345,2016년 8월 5일 15시,금요일,제주특별자치도 제주시 구좌읍,부상신고사고,0,0,0,4,차대차 - 측면직각충돌,차로위반,건조,맑음,단일로 - 기타,건설기계,남,42세,상해없음,승용,남,44세,부상신고
2016080500100457,2016년 8월 5일 18시,금요일,제주특별자치도 제주시 용담일동,경상사고,0,0,1,0,차대차 - 정면충돌,안전거리미확보,건조,맑음,단일로 - 기타,승용,남,30세,상해없음,승용,남,61세,상해없음
2016080500100556,2016년 8월 5일 21시,금요일,제주특별자치도 제주시 연동,경상사고,0,0,3,0,차대차 - 기타,직진우회전진행방해,건조,맑음,교차로 - 교차로안,승용,남,58세,상해없음,승용,여,30세,경상
2016080500100576,2016년 8월 5일 22시,금요일,제주특별자치도 서귀포시 법환동,부상신고사고,0,0,0,1,차대차 - 기타,직진우회전진행방해,습기,비,교차로 - 교차로안,승용,여,56세,상해없음,이륜,남,19세,부상신고
2016080600100018,2016년 8월 6일 00시,토요일,제주특별자치도 제주시 연동,경상사고,0,0,1,0,차대사람 - 횡단중,안전운전불이행,건조,맑음,교차로 - 교차로안,승용,남,31세,상해없음,보행자,여,60세,경상
2016080600100133,2016년 8월 6일 09시,토요일,제주특별자치도 서귀포시 성산읍,경상사고,0,0,2,0,차대차 - 측면충돌,직진우회전진행방해,건조,맑음,교차로 - 교차로안,승용,여,48세,상해없음,승용,남,28세,경상
2016080600100161,2016년 8월 6일 10시,토요일,제주특별자치도 제주시 구좌읍,경상사고,0,0,1,0,차대차 - 기타,안전운전불이행,건조,맑음,기타 - 기타,화물,남,36세,상해없음,화물,남,57세,경상
2016080600100162,2016년 8월 6일 10시,토요일,제주특별자치도 서귀포시 서귀동,경상사고,0,0,1,0,차대차 - 기타,안전운전불이행,건조,맑음,단일로 - 기타,화물,남,45세,상해없음,승용,여,61세,경상
2016080600100163,2016년 8월 6일 10시,토요일,제주특별자치도 서귀포시 법환동,경상사고,0,0,5,0,차대차 - 측면충돌,교차로운행방법위반,건조,맑음,교차로 - 교차로안,승용,여,41세,상해없음,승용,남,29세,상해없음
2016080600100164,2016년 8월 6일 10시,토요일,제주특별자치도 제주시 애월읍,경상사고,0,0,2,1,차대차 - 추돌,안전운전불이행,건조,맑음,단일로 - 기타,승용,남,57세,상해없음,화물,남,51세,부상신고
2016080600100233,2016년 8월 6일 12시,토요일,제주특별자치도 제주시 삼도이동,경상사고,0,0,1,0,차대차 - 정면충돌,교차로운행방법위반,건조,맑음,교차로 - 교차로안,승용,남,57세,상해없음,자전거,여,53세,경상
2016080600100234,2016년 8월 6일 12시,토요일,제주특별자치도 서귀포시 남원읍,중상사고,0,2,0,0,차대차 - 추돌,안전운전불이행,건조,맑음,교차로 - 교차로부근,승용,남,73세,상해없음,승용,남,36세,중상
2016080600100235,2016년 8월 6일 12시,토요일,제주특별자치도 제주시 용담이동,경상사고,0,0,1,0,차대차 - 측면충돌,교차로운행방법위반,건조,맑음,교차로 - 교차로안,승용,여,33세,상해없음,이륜,남,81세,경상
2016080600100264,2016년 8월 6일 13시,토요일,제주특별자치도 제주시 조천읍,경상사고,0,0,1,0,차대차 - 측면충돌,직진우회전진행방해,건조,맑음,교차로 - 교차로안,승용,남,44세,상해없음,이륜,여,59세,경상
2016080600100301,2016년 8월 6일 14시,토요일,제주특별자치도 제주시 우도면,경상사고,0,0,1,0,차대사람 - 기타,안전운전불이행,기타,맑음,단일로 - 기타,원동기,여,24세,상해없음,보행자,여,25세,경상
2016080600100302,2016년 8월 6일 14시,토요일,제주특별자치도 제주시 용담삼동,경상사고,0,0,1,0,차대차 - 기타,안전운전불이행,건조,맑음,단일로 - 기타,승용,여,36세,상해없음,자전거,남,23세,경상
2016080600100364,2016년 8월 6일 16시,토요일,제주특별자치도 제주시 한림읍,경상사고,0,0,1,1,차대차 - 기타,안전운전불이행,습기,비,단일로 - 기타,화물,남,57세,상해없음,승용,여,51세,경상
2016080600100416,2016년 8월 6일 18시,토요일,제주특별자치도 서귀포시 안덕면,경상사고,0,0,1,0,차대차 - 추돌,안전거리미확보,건조,맑음,단일로 - 기타,승용,여,38세,상해없음,승용,남,56세,경상
2016080600100448,2016년 8월 6일 19시,토요일,제주특별자치도 제주시 조천읍,중상사고,0,1,0,0,차대차 - 측면충돌,차로위반,건조,맑음,단일로 - 기타,승용,여,25세,상해없음,승용,남,43세,상해없음
2016080700100041,2016년 8월 7일 02시,일요일,제주특별자치도 제주시 노형동,경상사고,0,0,1,0,차대사람 - 기타,안전운전불이행,기타,맑음,교차로 - 교차로부근,화물,남,36세,상해없음,보행자,남,43세,경상
2016080700100103,2016년 8월 7일 09시,일요일,제주특별자치도 제주시 일도이동,경상사고,0,0,1,0,차대사람 - 횡단중,안전운전불이행,건조,맑음,단일로 - 기타,기타불명,기타불명,기타불명,기타불명,보행자,여,87세,경상
2016080700100236,2016년 8월 7일 15시,일요일,제주특별자치도 제주시 노형동,경상사고,0,0,1,1,차대차 - 측면충돌,신호위반,습기,흐림,교차로 - 교차로부근,승용,남,42세,상해없음,이륜,남,26세,부상신고
2016080700100258,2016년 8월 7일 16시,일요일,제주특별자치도 제주시 오라이동,경상사고,0,0,3,0,차대차 - 추돌,안전운전불이행,건조,맑음,교차로 - 교차로부근,승용,남,67세,경상,화물,남,27세,경상
2016080700100259,2016년 8월 7일 16시,일요일,제주특별자치도 서귀포시 색달동,경상사고,0,0,1,0,차대차 - 추돌,안전운전불이행,건조,맑음,교차로 - 교차로안,이륜,남,20세,경상,승용,남,32세,상해없음
2016080700100292,2016년 8월 7일 17시,일요일,제주특별자치도 제주시 도두일동,중상사고,0,1,0,0,차대차 - 기타,안전운전불이행,건조,맑음,단일로 - 기타,승용,남,76세,상해없음,자전거,남,51세,중상
2016080700100317,2016년 8월 7일 18시,일요일,제주특별자치도 제주시 한림읍,경상사고,0,0,2,0,차대차 - 측면충돌,직진우회전진행방해,습기,비,교차로 - 교차로안,승용,남,64세,상해없음,승용,남,44세,경상
2016080800100010,2016년 8월 8일 00시,월요일,제주특별자치도 제주시 이도이동,경상사고,0,0,2,0,차대차 - 추돌,안전운전불이행,건조,맑음,교차로 - 교차로부근,승용,남,49세,상해없음,승용,남,33세,경상
2016080800100070,2016년 8월 8일 07시,월요일,제주특별자치도 서귀포시 성산읍,경상사고,0,0,3,0,차대차 - 추돌,안전거리미확보,건조,맑음,단일로 - 기타,승용,여,34세,상해없음,화물,남,63세,상해없음
2016080800100223,2016년 8월 8일 11시,월요일,제주특별자치도 제주시 삼도일동,경상사고,0,0,1,0,차대차 - 측면충돌,신호위반,건조,맑음,교차로 - 교차로안,승용,여,45세,상해없음,승용,여,36세,경상
2016080800100224,2016년 8월 8일 11시,월요일,제주특별자치도 제주시 이도일동,경상사고,0,0,1,0,차대사람 - 횡단중,보행자보호의무위반,건조,맑음,단일로 - 횡단보도상,승용,남,66세,상해없음,보행자,남,72세,경상
2016080800100225,2016년 8월 8일 11시,월요일,제주특별자치도 서귀포시 성산읍,경상사고,0,0,7,0,차대차 - 추돌,안전운전불이행,건조,맑음,단일로 - 기타,화물,남,25세,상해없음,승용,남,59세,경상
2016080800100257,2016년 8월 8일 12시,월요일,제주특별자치도 제주시 외도일동,경상사고,0,0,2,0,차대차 - 측면충돌,교차로운행방법위반,건조,맑음,교차로 - 교차로부근,화물,남,47세,경상,승용,여,48세,경상
2016080800100290,2016년 8월 8일 13시,월요일,제주특별자치도 서귀포시 회수동,사망사고,1,1,0,0,차량단독 - 전도전복,안전운전불이행,건조,맑음,단일로 - 기타,화물,남,49세,사망,,,,
2016080800100322,2016년 8월 8일 14시,월요일,제주특별자치도 제주시 한림읍,경상사고,0,0,1,0,차대차 - 기타,안전운전불이행,건조,맑음,단일로 - 기타,승합,여,58세,기타불명,승용,여,34세,경상
2016080800100356,2016년 8월 8일 15시,월요일,제주특별자치도 서귀포시 성산읍,중상사고,0,1,0,1,차량단독 - 전도전복,안전운전불이행,건조,맑음,단일로 - 기타,승용,남,61세,부상신고,,,,
2016080800100357,2016년 8월 8일 15시,월요일,제주특별자치도 제주시 노형동,부상신고사고,0,0,0,2,차대차 - 측면충돌,교차로운행방법위반,건조,맑음,교차로 - 교차로안,승용,남,34세,상해없음,승용,남,24세,부상신고
2016080800100358,2016년 8월 8일 15시,월요일,제주특별자치도 제주시 노형동,중상사고,0,1,0,0,차대차 - 기타,안전운전불이행,건조,맑음,단일로 - 기타,원동기,남,65세,중상,승용,남,60세,상해없음
2016080800100406,2016년 8월 8일 16시,월요일,제주특별자치도 제주시 도남동,경상사고,0,0,1,0,차대차 - 측면직각충돌,교차로운행방법위반,건조,맑음,교차로 - 교차로안,승용,여,41세,경상,승용,남,35세,상해없음
2016080800100440,2016년 8월 8일 17시,월요일,제주특별자치도 제주시 이도이동,경상사고,0,0,1,0,차대차 - 측면직각충돌,차로위반,건조,맑음,단일로 - 기타,승용,남,33세,상해없음,화물,남,49세,경상
2016080800100479,2016년 8월 8일 18시,월요일,제주특별자치도 제주시 일도이동,경상사고,0,0,1,0,차대사람 - 횡단중,보행자보호의무위반,건조,맑음,단일로 - 횡단보도상,승용,남,55세,상해없음,보행자,남,36세,경상
2016080800100480,2016년 8월 8일 18시,월요일,제주특별자치도 제주시 한림읍,경상사고,0,0,3,5,차대차 - 정면충돌,안전운전불이행,건조,맑음,기타 - 기타,승용,남,44세,상해없음,승용,여,42세,부상신고
2016080800100481,2016년 8월 8일 18시,월요일,제주특별자치도 제주시 애월읍,경상사고,0,0,2,0,차대차 - 기타,안전운전불이행,건조,맑음,교차로 - 교차로부근,승용,남,66세,상해없음,화물,남,56세,경상
2016080800100536,2016년 8월 8일 20시,월요일,제주특별자치도 서귀포시 월평동,중상사고,0,1,0,0,차량단독 - 기타,안전운전불이행,건조,맑음,단일로 - 기타,이륜,남,45세,중상,,,,
2016080900100017,2016년 8월 9일 00시,화요일,제주특별자치도 서귀포시 동홍동,경상사고,0,0,2,0,차대차 - 측면충돌,직진우회전진행방해,건조,맑음,교차로 - 교차로안,승용,남,24세,상해없음,승용,남,33세,경상
2016080900100025,2016년 8월 9일 01시,화요일,제주특별자치도 제주시 이도이동,중상사고,0,1,0,0,차량단독 - 전도전복,안전운전불이행,건조,맑음,단일로 - 기타,승용,남,34세,중상,,,,
2016080900100132,2016년 8월 9일 08시,화요일,제주특별자치도 서귀포시 법환동,경상사고,0,0,3,0,차대차 - 측면직각충돌,교차로운행방법위반,건조,맑음,교차로 - 교차로안,승용,여,56세,상해없음,승용,여,44세,상해없음
2016080900100226,2016년 8월 9일 11시,화요일,제주특별자치도 서귀포시 표선면,중상사고,0,1,1,0,차량단독 - 전도전복,안전운전불이행,건조,맑음,단일로 - 기타,원동기,남,19세,경상,,,,
2016080900100227,2016년 8월 9일 11시,화요일,제주특별자치도 제주시 노형동,경상사고,0,0,2,0,차대차 - 측면충돌,직진우회전진행방해,건조,맑음,교차로 - 교차로안,원동기,남,68세,경상,승용,여,42세,상해없음
2016080900100284,2016년 8월 9일 13시,화요일,제주특별자치도 제주시 삼도일동,경상사고,0,0,1,0,차대차 - 기타,직진우회전진행방해,건조,맑음,교차로 - 교차로안,승용,남,38세,상해없음,승용,여,63세,경상
2016080900100285,2016년 8월 9일 13시,화요일,제주특별자치도 제주시 이도이동,중상사고,0,1,0,0,차대사람 - 횡단중,안전운전불이행,건조,맑음,교차로 - 교차로부근,승용,여,44세,상해없음,보행자,남,6세,중상
2016080900100405,2016년 8월 9일 17시,화요일,제주특별자치도 제주시 아라일동,경상사고,0,0,2,0,차대차 - 측면직각충돌,교차로운행방법위반,건조,맑음,교차로 - 교차로안,승용,남,45세,경상,승용,여,22세,경상
2016080900100406,2016년 8월 9일 17시,화요일,제주특별자치도 서귀포시 안덕면,중상사고,0,2,0,0,차대차 - 측면직각충돌,신호위반,건조,맑음,교차로 - 교차로안,승용,남,34세,중상,승용,남,37세,상해없음
2016080900100407,2016년 8월 9일 17시,화요일,제주특별자치도 서귀포시 표선면,중상사고,0,1,1,0,차대차 - 기타,중앙선침범,건조,맑음,단일로 - 기타,승용,여,60세,경상,승용,여,56세,중상
2016080900100408,2016년 8월 9일 17시,화요일,제주특별자치도 제주시 노형동,부상신고사고,0,0,0,3,차대차 - 측면충돌,직진우회전진행방해,건조,맑음,교차로 - 교차로안,승용,남,57세,기타불명,승용,남,57세,부상신고
2016080900100441,2016년 8월 9일 18시,화요일,제주특별자치도 제주시 연동,경상사고,0,0,1,0,차대사람 - 기타,보행자보호의무위반,건조,맑음,기타 - 기타,승합,남,30세,상해없음,보행자,여,8세,경상
2016080900100509,2016년 8월 9일 20시,화요일,제주특별자치도 제주시 애월읍,중상사고,0,1,2,0,차대차 - 추돌,안전운전불이행,건조,맑음,단일로 - 기타,승용,남,40세,상해없음,승용,남,48세,중상
2016080900100510,2016년 8월 9일 20시,화요일,제주특별자치도 제주시 용담이동,경상사고,0,0,1,0,차대사람 - 횡단중,안전운전불이행,기타,흐림,교차로 - 교차로부근,기타불명,기타불명,기타불명,기타불명,보행자,여,58세,경상
2016081000100016,2016년 8월 10일 00시,수요일,제주특별자치도 제주시 이도이동,중상사고,0,1,2,0,차대차 - 측면충돌,교차로운행방법위반,건조,맑음,교차로 - 교차로안,승용,남,58세,경상,승용,여,23세,경상
2016081000100139,2016년 8월 10일 08시,수요일,제주특별자치도 서귀포시 대정읍,경상사고,0,0,1,0,차대차 - 측면직각충돌,중앙선침범,건조,맑음,단일로 - 기타,특수,남,35세,상해없음,승용,남,61세,경상
2016081000100221,2016년 8월 10일 11시,수요일,제주특별자치도 제주시 오라이동,중상사고,0,1,1,0,차대차 - 정면충돌,안전거리미확보,기타,맑음,단일로 - 기타,승용,남,41세,상해없음,승용,남,47세,경상
2016081000100222,2016년 8월 10일 11시,수요일,제주특별자치도 제주시 노형동,중상사고,0,1,0,0,차대차 - 측면충돌,안전운전불이행,건조,맑음,교차로 - 교차로안,화물,남,38세,상해없음,승용,남,34세,중상
2016081000100281,2016년 8월 10일 13시,수요일,제주특별자치도 서귀포시 남원읍,중상사고,0,2,0,0,차대차 - 측면직각충돌,직진우회전진행방해,건조,맑음,교차로 - 교차로안,승용,남,20세,상해없음,승용,남,49세,중상
2016081000100318,2016년 8월 10일 14시,수요일,제주특별자치도 제주시 화북일동,경상사고,0,0,2,0,차대차 - 추돌,안전거리미확보,건조,맑음,단일로 - 기타,특수,남,42세,상해없음,승용,남,63세,경상
2016081000100394,2016년 8월 10일 16시,수요일,제주특별자치도 서귀포시 색달동,중상사고,0,3,7,0,차대차 - 측면충돌,신호위반,건조,맑음,교차로 - 교차로안,승용,남,24세,경상,승용,여,40세,경상
2016081000100478,2016년 8월 10일 18시,수요일,제주특별자치도 서귀포시 토평동,경상사고,0,0,1,0,차대차 - 기타,안전운전불이행,건조,맑음,교차로 - 교차로부근,승용,남,31세,상해없음,자전거,남,36세,경상
2016081000100479,2016년 8월 10일 18시,수요일,제주특별자치도 서귀포시 동홍동,경상사고,0,0,4,0,차대차 - 추돌,직진우회전진행방해,건조,맑음,교차로 - 교차로부근,승용,여,56세,상해없음,승용,남,50세,경상
2016081000100547,2016년 8월 10일 20시,수요일,제주특별자치도 제주시 도두이동,중상사고,0,1,0,0,차대차 - 추돌,안전거리미확보,건조,맑음,교차로 - 교차로안,승용,남,47세,상해없음,승용,남,66세,중상
2016081000100600,2016년 8월 10일 22시,수요일,제주특별자치도 서귀포시 성산읍,경상사고,0,0,1,0,차대사람 - 횡단중,안전운전불이행,건조,맑음,단일로 - 기타,승용,남,49세,상해없음,보행자,남,36세,경상
2016081000100621,2016년 8월 10일 23시,수요일,제주특별자치도 제주시 노형동,경상사고,0,0,1,1,차대차 - 추돌,안전운전불이행,건조,맑음,단일로 - 기타,승용,남,56세,상해없음,승용,남,43세,경상
2016081100100032,2016년 8월 11일 02시,목요일,제주특별자치도 제주시 도두일동,경상사고,0,0,2,0,차대차 - 추돌,안전운전불이행,건조,맑음,단일로 - 기타,승용,남,33세,상해없음,승용,남,27세,경상
2016081100100121,2016년 8월 11일 08시,목요일,제주특별자치도 제주시 오라삼동,경상사고,0,0,1,0,차량단독 - 전도전복,안전운전불이행,건조,맑음,단일로 - 기타,승합,남,45세,기타불명,,,,
2016081100100237,2016년 8월 11일 12시,목요일,제주특별자치도 제주시 삼도이동,중상사고,0,1,0,0,차대사람 - 횡단중,보행자보호의무위반,건조,맑음,단일로 - 횡단보도상,승용,남,84세,상해없음,보행자,남,25세,중상
2016081100100275,2016년 8월 11일 13시,목요일,제주특별자치도 제주시 구좌읍,경상사고,0,0,5,0,차대차 - 정면충돌,직진우회전진행방해,건조,맑음,교차로 - 교차로안,승용,여,21세,경상,승용,여,25세,경상
2016081100100329,2016년 8월 11일 15시,목요일,제주특별자치도 서귀포시 성산읍,부상신고사고,0,0,0,1,차대차 - 기타,안전운전불이행,건조,맑음,단일로 - 기타,승합,남,43세,상해없음,이륜,남,54세,부상신고
2016081100100361,2016년 8월 11일 16시,목요일,제주특별자치도 제주시 노형동,경상사고,0,0,1,0,차대차 - 추돌,안전거리미확보,건조,맑음,교차로 - 교차로부근,승용,남,43세,상해없음,승용,여,51세,경상
2016081100100409,2016년 8월 11일 17시,목요일,제주특별자치도 제주시 구좌읍,중상사고,0,2,0,0,차대차 - 정면충돌,신호위반,건조,맑음,교차로 - 교차로안,승용,남,63세,상해없음,승용,남,40세,중상
2016081100100410,2016년 8월 11일 17시,목요일,제주특별자치도 제주시 조천읍,경상사고,0,0,1,0,차대차 - 기타,안전거리미확보,건조,맑음,단일로 - 기타,기타불명,기타불명,기타불명,기타불명,승용,남,40세,경상
2016081100100411,2016년 8월 11일 17시,목요일,제주특별자치도 제주시 노형동,경상사고,0,0,1,0,차대차 - 기타,안전거리미확보,건조,맑음,단일로 - 기타,승합,남,53세,상해없음,승용,여,28세,상해없음
2016081100100509,2016년 8월 11일 20시,목요일,제주특별자치도 제주시 조천읍,경상사고,0,0,1,0,차대차 - 측면직각충돌,교차로운행방법위반,기타,맑음,교차로 - 교차로안,승용,여,58세,상해없음,승용,남,39세,경상
2016081100100581,2016년 8월 11일 23시,목요일,제주특별자치도 제주시 삼도이동,중상사고,0,1,0,0,차대사람 - 횡단중,안전운전불이행,건조,맑음,단일로 - 기타,승용,남,42세,상해없음,보행자,남,60세,중상
2016081200100015,2016년 8월 12일 00시,금요일,제주특별자치도 제주시 오라이동,경상사고,0,0,2,0,차대차 - 측면직각충돌,교차로운행방법위반,건조,맑음,교차로 - 교차로안,승용,남,40세,경상,승용,여,45세,경상
2016081200100116,2016년 8월 12일 08시,금요일,제주특별자치도 서귀포시 안덕면,중상사고,0,1,0,0,차대차 - 측면충돌,직진우회전진행방해,건조,맑음,교차로 - 교차로안,승용,남,25세,상해없음,이륜,여,72세,중상
2016081200100117,2016년 8월 12일 08시,금요일,제주특별자치도 제주시 노형동,경상사고,0,0,1,0,차대사람 - 횡단중,신호위반,건조,맑음,교차로 - 교차로안,이륜,남,40세,상해없음,보행자,여,9세,경상
2016081200100198,2016년 8월 12일 10시,금요일,제주특별자치도 제주시 한경면,중상사고,0,1,1,0,차대차 - 측면직각충돌,교차로운행방법위반,건조,맑음,교차로 - 교차로안,화물,남,53세,경상,농기계,남,66세,상해없음
2016081200100260,2016년 8월 12일 12시,금요일,제주특별자치도 제주시 연동,부상신고사고,0,0,0,1,차대차 - 측면직각충돌,기타,건조,맑음,단일로 - 기타,승용,남,56세,상해없음,이륜,남,37세,부상신고
2016081200100326,2016년 8월 12일 14시,금요일,제주특별자치도 제주시 이도일동,경상사고,0,0,1,0,차대사람 - 기타,안전운전불이행,기타,맑음,단일로 - 기타,승용,남,71세,상해없음,보행자,여,31세,경상
2016081200100388,2016년 8월 12일 16시,금요일,제주특별자치도 서귀포시 표선면,경상사고,0,0,1,0,차대차 - 기타,안전운전불이행,건조,맑음,단일로 - 기타,승용,남,54세,상해없음,승합,남,46세,상해없음
2016081200100488,2016년 8월 12일 18시,금요일,제주특별자치도 제주시 도두일동,경상사고,0,0,1,0,차대사람 - 차도통행중,안전운전불이행,건조,맑음,단일로 - 기타,화물,남,41세,상해없음,보행자,남,2세,경상
2016081200100582,2016년 8월 12일 20시,금요일,제주특별자치도 제주시 용담이동,경상사고,0,0,1,0,차대차 - 추돌,안전운전불이행,건조,맑음,단일로 - 기타,승용,여,27세,상해없음,승용,남,68세,경상
2016081200100618,2016년 8월 12일 21시,금요일,제주특별자치도 제주시 용담이동,중상사고,0,1,1,0,차대차 - 측면직각충돌,신호위반,건조,맑음,교차로 - 교차로안,승용,남,52세,상해없음,승용,남,35세,경상
2016081200100652,2016년 8월 12일 22시,금요일,제주특별자치도 제주시 일도이동,경상사고,0,0,1,0,차대사람 - 기타,안전운전불이행,건조,맑음,단일로 - 기타,승용,남,77세,상해없음,보행자,남,33세,경상
2016081200100653,2016년 8월 12일 22시,금요일,제주특별자치도 제주시 아라일동,경상사고,0,0,1,0,차대차 - 정면충돌,직진우회전진행방해,건조,맑음,교차로 - 교차로안,이륜,남,65세,경상,승용,남,35세,상해없음
2016081300100067,2016년 8월 13일 03시,토요일,제주특별자치도 제주시 애월읍,중상사고,0,1,0,0,차량단독 - 공작물충돌,안전운전불이행,건조,맑음,교차로 - 교차로안,화물,남,23세,중상,,,,
2016081300100080,2016년 8월 13일 04시,토요일,제주특별자치도 서귀포시 남원읍,사망사고,1,0,0,0,차대사람 - 횡단중,안전운전불이행,건조,맑음,교차로 - 교차로부근,화물,남,78세,상해없음,보행자,남,64세,사망
2016081300100101,2016년 8월 13일 06시,토요일,제주특별자치도 제주시 아라일동,중상사고,0,1,0,0,차대차 - 정면충돌,신호위반,기타,맑음,교차로 - 교차로안,승용,남,44세,상해없음,승용,남,56세,중상
2016081300100102,2016년 8월 13일 06시,토요일,제주특별자치도 서귀포시 상효동,중상사고,0,2,1,1,차대차 - 측면충돌,신호위반,건조,맑음,교차로 - 교차로안,승용,여,52세,부상신고,승용,남,47세,중상
2016081300100151,2016년 8월 13일 08시,토요일,제주특별자치도 제주시 일도이동,경상사고,0,0,1,0,차대차 - 정면충돌,교차로운행방법위반,건조,맑음,교차로 - 교차로안,승용,남,24세,상해없음,승용,남,31세,경상
2016081300100152,2016년 8월 13일 08시,토요일,제주특별자치도 서귀포시 대정읍,경상사고,0,0,1,0,차대차 - 측면충돌,안전운전불이행,건조,맑음,교차로 - 교차로안,승용,여,41세,상해없음,이륜,남,36세,경상
2016081300100177,2016년 8월 13일 09시,토요일,제주특별자치도 제주시 아라일동,중상사고,0,1,0,0,차대차 - 정면충돌,과속,기타,맑음,교차로 - 교차로안,승용,남,30세,상해없음,승용,여,53세,상해없음
2016081300100249,2016년 8월 13일 11시,토요일,제주특별자치도 제주시 외도이동,경상사고,0,0,2,4,차대차 - 측면충돌,안전운전불이행,건조,맑음,교차로 - 교차로안,승용,여,57세,부상신고,승용,남,45세,경상
2016081300100280,2016년 8월 13일 12시,토요일,제주특별자치도 제주시 구좌읍,중상사고,0,1,0,0,차대차 - 측면직각충돌,안전운전불이행,건조,맑음,단일로 - 기타,승용,남,23세,상해없음,원동기,여,77세,중상
2016081300100316,2016년 8월 13일 13시,토요일,제주특별자치도 제주시 용담일동,중상사고,0,2,0,0,차대차 - 측면직각충돌,차로위반,건조,맑음,단일로 - 기타,승용,남,47세,상해없음,승용,남,26세,중상
2016081300100317,2016년 8월 13일 13시,토요일,제주특별자치도 제주시 애월읍,중상사고,0,2,0,0,차대차 - 기타,직진우회전진행방해,건조,맑음,교차로 - 교차로안,승용,여,35세,상해없음,화물,여,53세,중상
2016081300100354,2016년 8월 13일 14시,토요일,제주특별자치도 서귀포시 서홍동,경상사고,0,0,1,0,차대차 - 측면충돌,신호위반,건조,맑음,교차로 - 교차로안,승용,남,28세,상해없음,이륜,남,24세,경상
2016081300100355,2016년 8월 13일 14시,토요일,제주특별자치도 제주시 애월읍,경상사고,0,0,1,1,차대차 - 측면직각충돌,직진우회전진행방해,건조,맑음,교차로 - 교차로안,승용,남,28세,상해없음,승용,남,34세,부상신고
2016081300100388,2016년 8월 13일 15시,토요일,제주특별자치도 제주시 우도면,경상사고,0,0,1,0,차량단독 - 공작물충돌,안전거리미확보,건조,맑음,단일로 - 기타,이륜,여,27세,경상,,,,
2016081300100424,2016년 8월 13일 16시,토요일,제주특별자치도 제주시 이호일동,경상사고,0,0,1,0,차대차 - 추돌,안전거리미확보,건조,맑음,단일로 - 기타,화물,남,65세,상해없음,화물,남,47세,경상
2016081300100466,2016년 8월 13일 17시,토요일,제주특별자치도 제주시 일도이동,경상사고,0,0,2,0,차대사람 - 보도통행중,보행자보호의무위반,건조,맑음,교차로 - 교차로부근,승용,남,30세,상해없음,보행자,여,17세,경상
2016081300100467,2016년 8월 13일 17시,토요일,제주특별자치도 제주시 오라이동,경상사고,0,0,2,0,차대차 - 측면충돌,안전운전불이행,건조,맑음,단일로 - 기타,승용,남,67세,상해없음,승용,남,51세,경상
2016081300100512,2016년 8월 13일 18시,토요일,제주특별자치도 제주시 애월읍,경상사고,0,0,1,0,차대차 - 정면충돌,중앙선침범,건조,맑음,단일로 - 기타,승용,남,39세,상해없음,승용,여,39세,경상
2016081300100574,2016년 8월 13일 20시,토요일,제주특별자치도 제주시 삼도일동,경상사고,0,0,3,0,차대차 - 추돌,안전거리미확보,건조,맑음,교차로 - 교차로부근,승용,남,38세,상해없음,승용,남,77세,경상