사고번호,사고일시,요일,시군구,사고내용,사망자수,중상자수,경상자수,부상신고자수,사고유형,법규위반,노면상태,기상상태,도로형태,가해운전자 차종,가해운전자 성별,가해운전자 연령,가해운전자 상해정도,피해운전자 차종,피해운전자 성별,피해운전자 연령,피해운전자 상해정도
2016090100100344,2016년 9월 1일 15시,목요일,제주특별자치도 제주시 조천읍,중상사고,0,1,0,0,차대차 - 기타,안전운전불이행,기타,맑음,단일로 - 기타,건설기계,남,47세,상해없음,농기계,남,86세,상해없음
2016090100100345,2016년 9월 1일 15시,목요일,제주특별자치도 서귀포시 안덕면,경상사고,0,0,1,0,차대차 - 정면충돌,교차로운행방법위반,건조,맑음,교차로 - 교차로안,승용,남,34세,상해없음,승용,남,32세,상해없음
2016090100100463,2016년 9월 1일 18시,목요일,제주특별자치도 제주시 일도이동,경상사고,0,0,1,0,차대차 - 측면직각충돌,안전운전불이행,건조,맑음,교차로 - 교차로부근,승용,여,28세,경상,승용,남,58세,상해없음
2016090100100567,2016년 9월 1일 21시,목요일,제주특별자치도 제주시 연동,중상사고,0,1,0,0,차대사람 - 횡단중,보행자보호의무위반,습기,비,단일로 - 횡단보도상,승용,남,47세,상해없음,보행자,여,65세,중상
2016090100100568,2016년 9월 1일 21시,목요일,제주특별자치도 제주시 노형동,경상사고,0,0,3,0,차대차 - 측면충돌,안전운전불이행,습기,비,교차로 - 교차로안,승용,남,59세,상해없음,승용,여,43세,경상
2016090200100047,2016년 9월 2일 02시,금요일,제주특별자치도 제주시 해안동,부상신고사고,0,0,0,1,차량단독 - 전도전복,안전운전불이행,건조,맑음,단일로 - 기타,승용,남,27세,부상신고,,,,
2016090200100221,2016년 9월 2일 10시,금요일,제주특별자치도 제주시 건입동,중상사고,0,2,2,0,차대차 - 측면충돌,신호위반,습기,비,교차로 - 교차로안,승용,여,24세,경상,승용,남,60세,중상
2016090200100222,2016년 9월 2일 10시,금요일,제주특별자치도 제주시 연동,경상사고,0,0,2,0,차대차 - 측면충돌,안전운전불이행,습기,비,교차로 - 교차로부근,승합,남,31세,상해없음,승용,여,53세,경상
2016090200100248,2016년 9월 2일 11시,금요일,제주특별자치도 제주시 연동,부상신고사고,0,0,0,1,차대차 - 측면충돌,직진우회전진행방해,건조,흐림,교차로 - 교차로안,승용,여,34세,상해없음,승용,남,40세,상해없음
2016090200100287,2016년 9월 2일 12시,금요일,제주특별자치도 제주시 오라일동,경상사고,0,0,1,0,차대차 - 정면충돌,안전운전불이행,건조,맑음,교차로 - 교차로안,승합,남,50세,상해없음,화물,남,54세,경상
2016090200100344,2016년 9월 2일 14시,금요일,제주특별자치도 서귀포시 대정읍,경상사고,0,0,2,0,차대차 - 정면충돌,신호위반,습기,비,교차로 - 교차로안,화물,남,24세,상해없음,화물,여,57세,경상
2016090200100404,2016년 9월 2일 16시,금요일,제주특별자치도 제주시 일도일동,경상사고,0,0,1,0,차대사람 - 횡단중,안전운전불이행,건조,맑음,교차로 - 교차로부근,승용,여,43세,상해없음,보행자,남,26세,경상
2016090200100619,2016년 9월 2일 21시,금요일,제주특별자치도 제주시 아라이동,부상신고사고,0,0,0,1,차대차 - 정면충돌,안전운전불이행,기타,흐림,단일로 - 기타,승용,남,42세,부상신고,승합,남,59세,상해없음
2016090300100201,2016년 9월 3일 09시,토요일,제주특별자치도 서귀포시 대정읍,중상사고,0,1,1,0,차대차 - 정면충돌,중앙선침범,건조,맑음,단일로 - 기타,화물,남,80세,중상,화물,남,32세,경상
2016090300100260,2016년 9월 3일 11시,토요일,제주특별자치도 제주시 이도일동,경상사고,0,0,1,0,차대차 - 측면충돌,안전거리미확보,건조,맑음,단일로 - 기타,원동기,남,64세,경상,승용,여,46세,상해없음
2016090300100261,2016년 9월 3일 11시,토요일,제주특별자치도 제주시 일도이동,경상사고,0,0,1,0,차대사람 - 기타,안전운전불이행,건조,맑음,단일로 - 기타,승용,남,74세,상해없음,보행자,여,46세,경상
2016090300100262,2016년 9월 3일 11시,토요일,제주특별자치도 제주시 노형동,경상사고,0,0,4,0,차대차 - 기타,안전운전불이행,건조,맑음,교차로 - 교차로안,승용,남,41세,상해없음,승용,남,30세,경상
2016090300100304,2016년 9월 3일 12시,토요일,제주특별자치도 제주시 이도이동,경상사고,0,0,4,0,차대차 - 추돌,안전운전불이행,건조,맑음,단일로 - 기타,승용,남,20세,상해없음,승용,남,57세,경상
2016090300100457,2016년 9월 3일 16시,토요일,제주특별자치도 제주시 노형동,중상사고,0,1,1,0,차량단독 - 전도전복,안전운전불이행,건조,맑음,교차로 - 교차로부근,원동기,남,17세,경상,,,,
2016090300100501,2016년 9월 3일 17시,토요일,제주특별자치도 제주시 한림읍,경상사고,0,0,1,1,차대차 - 측면직각충돌,교차로운행방법위반,건조,맑음,교차로 - 교차로안,화물,남,44세,부상신고,승용,남,62세,경상
2016090300100609,2016년 9월 3일 20시,토요일,제주특별자치도 제주시 해안동,중상사고,0,2,0,0,차대차 - 정면충돌,안전운전불이행,건조,맑음,기타 - 기타,승용,남,55세,상해없음,승용,여,61세,중상
2016090400100119,2016년 9월 4일 09시,일요일,제주특별자치도 서귀포시 서귀동,부상신고사고,0,0,0,1,차대차 - 측면충돌,직진우회전진행방해,건조,맑음,교차로 - 교차로안,승합,남,52세,상해없음,이륜,남,39세,부상신고
2016090400100142,2016년 9월 4일 10시,일요일,제주특별자치도 서귀포시 신효동,중상사고,0,1,3,0,차대차 - 측면직각충돌,직진우회전진행방해,건조,맑음,교차로 - 교차로안,승용,남,23세,상해없음,승용,남,48세,경상
2016090400100143,2016년 9월 4일 10시,일요일,제주특별자치도 서귀포시 성산읍,경상사고,0,0,1,0,차대사람 - 기타,안전운전불이행,기타,기타,단일로 - 기타,승용,남,33세,상해없음,보행자,남,32세,경상
2016090400100170,2016년 9월 4일 11시,일요일,제주특별자치도 제주시 노형동,경상사고,0,0,1,1,차대차 - 추돌,안전운전불이행,건조,맑음,단일로 - 기타,화물,여,43세,상해없음,승용,여,45세,경상
2016090400100258,2016년 9월 4일 14시,일요일,제주특별자치도 제주시 조천읍,경상사고,0,0,1,0,차대차 - 정면충돌,교차로운행방법위반,건조,맑음,교차로 - 교차로안,승용,여,36세,상해없음,화물,여,57세,경상
2016090400100259,2016년 9월 4일 14시,일요일,제주특별자치도 서귀포시 서호동,중상사고,0,1,0,0,차대차 - 측면직각충돌,중앙선침범,건조,맑음,교차로 - 교차로부근,승용,남,45세,상해없음,승용,여,55세,중상
2016090400100260,2016년 9월 4일 14시,일요일,제주특별자치도 서귀포시 안덕면,중상사고,0,3,0,0,차대차 - 추돌,안전운전불이행,건조,맑음,단일로 - 기타,승용,남,65세,중상,화물,남,63세,중상
2016090400100287,2016년 9월 4일 15시,일요일,제주특별자치도 제주시 연동,경상사고,0,0,1,0,차대차 - 측면충돌,신호위반,건조,맑음,교차로 - 교차로안,승합,남,40세,상해없음,자전거,남,15세,경상
2016090400100317,2016년 9월 4일 16시,일요일,제주특별자치도 서귀포시 토평동,경상사고,0,0,1,1,차대차 - 측면직각충돌,안전운전불이행,건조,맑음,단일로 - 기타,이륜,남,61세,부상신고,승용,남,56세,상해없음
2016090400100318,2016년 9월 4일 16시,일요일,제주특별자치도 제주시 애월읍,경상사고,0,0,1,0,차량단독 - 전도전복,안전운전불이행,건조,맑음,단일로 - 기타,승용,남,29세,상해없음,,,,
2016090400100483,2016년 9월 4일 22시,일요일,제주특별자치도 서귀포시 동홍동,경상사고,0,0,1,0,차량단독 - 전도전복,안전운전불이행,건조,맑음,단일로 - 기타,승용,남,43세,상해없음,,,,
2016090400100484,2016년 9월 4일 22시,일요일,제주특별자치도 제주시 애월읍,중상사고,0,1,2,0,차대차 - 기타,안전운전불이행,건조,맑음,단일로 - 기타,화물,남,59세,상해없음,승용,남,31세,경상
2016090400100494,2016년 9월 4일 23시,일요일,제주특별자치도 서귀포시 서귀동,경상사고,0,0,1,0,차대사람 - 횡단중,안전운전불이행,건조,맑음,교차로 - 교차로부근,승용,남,29세,상해없음,보행자,남,30세,경상
2016090500100116,2016년 9월 5일 08시,월요일,제주특별자치도 제주시 노형동,경상사고,0,0,1,0,차대차 - 측면충돌,안전거리미확보,건조,맑음,교차로 - 교차로부근,승용,여,29세,상해없음,승용,여,30세,경상
2016090500100270,2016년 9월 5일 13시,월요일,제주특별자치도 서귀포시 서호동,경상사고,0,0,1,0,차대사람 - 횡단중,안전운전불이행,건조,맑음,교차로 - 교차로안,승용,남,43세,상해없음,보행자,남,7세,경상
2016090500100414,2016년 9월 5일 17시,월요일,제주특별자치도 제주시 일도일동,경상사고,0,0,1,0,차대차 - 측면직각충돌,신호위반,건조,맑음,교차로 - 교차로안,승용,여,45세,상해없음,이륜,남,19세,경상
2016090500100415,2016년 9월 5일 17시,월요일,제주특별자치도 서귀포시 동홍동,경상사고,0,0,1,0,차대차 - 측면충돌,직진우회전진행방해,건조,맑음,교차로 - 교차로안,승용,여,40세,상해없음,자전거,남,14세,경상
2016090500100416,2016년 9월 5일 17시,월요일,제주특별자치도 제주시 한림읍,부상신고사고,0,0,0,1,차량단독 - 전도전복,안전운전불이행,건조,맑음,교차로 - 교차로부근,원동기,남,26세,부상신고,,,,
2016090500100496,2016년 9월 5일 19시,월요일,제주특별자치도 제주시 애월읍,중상사고,0,1,1,1,차대차 - 추돌,안전운전불이행,건조,맑음,단일로 - 기타,승용,남,61세,부상신고,승용,남,57세,경상
2016090500100568,2016년 9월 5일 21시,월요일,제주특별자치도 제주시 아라일동,중상사고,0,1,0,0,차대사람 - 횡단중,안전운전불이행,기타,맑음,단일로 - 기타,승용,여,46세,상해없음,보행자,여,53세,중상
2016090500100569,2016년 9월 5일 21시,월요일,제주특별자치도 제주시 아라일동,경상사고,0,0,2,0,차대차 - 측면충돌,교차로운행방법위반,건조,맑음,교차로 - 교차로안,승용,여,36세,경상,승용,여,67세,경상
2016090600100011,2016년 9월 6일 00시,화요일,제주특별자치도 제주시 애월읍,부상신고사고,0,0,0,1,차대차 - 측면충돌,안전운전불이행,건조,맑음,단일로 - 기타,이륜,여,20세,부상신고,승용,남,57세,상해없음
2016090600100036,2016년 9월 6일 02시,화요일,제주특별자치도 제주시 연동,경상사고,0,0,1,0,차대차 - 측면충돌,안전운전불이행,건조,맑음,단일로 - 기타,승용,남,22세,상해없음,이륜,남,38세,경상
2016090600100145,2016년 9월 6일 08시,화요일,제주특별자치도 제주시 아라일동,경상사고,0,0,1,0,차대차 - 측면직각충돌,안전거리미확보,건조,맑음,교차로 - 교차로부근,승용,남,63세,상해없음,승용,남,24세,상해없음
2016090600100168,2016년 9월 6일 09시,화요일,제주특별자치도 제주시 연동,부상신고사고,0,0,0,1,차대차 - 기타,안전운전불이행,건조,맑음,단일로 - 기타,승합,남,53세,상해없음,승합,남,36세,부상신고
2016090600100190,2016년 9월 6일 10시,화요일,제주특별자치도 제주시 노형동,경상사고,0,0,1,0,차대차 - 기타,기타,건조,맑음,단일로 - 기타,승용,남,60세,상해없음,승용,남,37세,경상
2016090600100209,2016년 9월 6일 11시,화요일,제주특별자치도 제주시 한림읍,중상사고,0,1,0,0,차대사람 - 길가장자리구역통행중,안전운전불이행,건조,맑음,단일로 - 기타,승용,여,35세,상해없음,보행자,남,58세,중상
2016090600100210,2016년 9월 6일 11시,화요일,제주특별자치도 제주시 한경면,경상사고,0,0,1,0,차대차 - 측면충돌,교차로운행방법위반,건조,맑음,교차로 - 교차로안,승용,남,69세,상해없음,승용,여,65세,경상
2016090600100331,2016년 9월 6일 15시,화요일,제주특별자치도 제주시 한림읍,부상신고사고,0,0,0,1,차대차 - 기타,직진우회전진행방해,건조,맑음,교차로 - 교차로안,이륜,남,71세,부상신고,화물,여,56세,상해없음
2016090600100493,2016년 9월 6일 20시,화요일,제주특별자치도 제주시 용담이동,경상사고,0,0,1,0,차대차 - 기타,안전거리미확보,건조,흐림,단일로 - 기타,승용,남,58세,상해없음,승용,남,57세,경상
2016090600100522,2016년 9월 6일 21시,화요일,제주특별자치도 서귀포시 성산읍,경상사고,0,0,2,0,차대차 - 측면직각충돌,안전거리미확보,건조,흐림,단일로 - 기타,승용,여,59세,상해없음,승용,여,28세,경상
2016090700100122,2016년 9월 7일 08시,수요일,제주특별자치도 제주시 연동,경상사고,0,0,1,0,차대차 - 기타,직진우회전진행방해,습기,비,교차로 - 교차로안,승용,여,31세,상해없음,승용,여,42세,상해없음
2016090700100160,2016년 9월 7일 09시,수요일,제주특별자치도 서귀포시 성산읍,경상사고,0,0,3,0,차대차 - 정면충돌,중앙선침범,건조,맑음,교차로 - 교차로부근,화물,남,50세,상해없음,승용,여,26세,경상
2016090700100240,2016년 9월 7일 12시,수요일,제주특별자치도 제주시 회천동,경상사고,0,0,1,0,차대차 - 추돌,안전운전불이행,건조,맑음,단일로 - 기타,화물,남,53세,상해없음,승용,여,40세,경상
2016090700100372,2016년 9월 7일 16시,수요일,제주특별자치도 서귀포시 신효동,중상사고,0,1,1,0,차대차 - 추돌,안전거리미확보,습기,비,교차로 - 교차로부근,화물,남,68세,상해없음,승용,남,55세,경상
2016090700100435,2016년 9월 7일 18시,수요일,제주특별자치도 제주시 화북일동,경상사고,0,0,1,0,차대차 - 정면충돌,중앙선침범,습기,비,단일로 - 기타,승용,남,32세,상해없음,원동기,남,16세,경상
2016090700100436,2016년 9월 7일 18시,수요일,제주특별자치도 제주시 조천읍,중상사고,0,2,0,0,차량단독 - 전도전복,안전운전불이행,습기,비,단일로 - 기타,이륜,남,19세,중상,,,,
2016090700100489,2016년 9월 7일 19시,수요일,제주특별자치도 제주시 구좌읍,중상사고,0,1,0,0,차대사람 - 횡단중,안전운전불이행,습기,비,교차로 - 교차로부근,승용,남,55세,상해없음,보행자,여,74세,중상
2016090700100490,2016년 9월 7일 19시,수요일,제주특별자치도 제주시 애월읍,경상사고,0,0,1,0,차대차 - 기타,안전운전불이행,건조,맑음,교차로 - 교차로부근,승용,남,58세,상해없음,승용,여,46세,경상
2016090800100032,2016년 9월 8일 02시,목요일,제주특별자치도 제주시 일도이동,부상신고사고,0,0,0,1,차량단독 - 공작물충돌,안전운전불이행,습기,비,단일로 - 기타,승용,남,24세,부상신고,,,,
2016090800100062,2016년 9월 8일 05시,목요일,제주특별자치도 제주시 용담이동,경상사고,0,0,1,0,차대차 - 기타,직진우회전진행방해,건조,맑음,교차로 - 교차로안,승용,남,59세,상해없음,화물,남,63세,경상
2016090800100110,2016년 9월 8일 07시,목요일,제주특별자치도 제주시 애월읍,중상사고,0,1,1,0,차대차 - 측면충돌,신호위반,건조,맑음,교차로 - 교차로안,승용,남,20세,상해없음,승용,여,56세,중상
2016090800100262,2016년 9월 8일 11시,목요일,제주특별자치도 제주시 아라이동,경상사고,0,0,1,0,차대차 - 측면충돌,차로위반,기타,맑음,단일로 - 기타,승용,남,48세,상해없음,이륜,남,46세,경상
2016090800100341,2016년 9월 8일 13시,목요일,제주특별자치도 서귀포시 색달동,중상사고,0,1,0,0,차대차 - 측면직각충돌,안전운전불이행,건조,맑음,교차로 - 교차로안,승용,남,52세,상해없음,원동기,남,20세,중상
2016090800100445,2016년 9월 8일 16시,목요일,제주특별자치도 제주시 구좌읍,경상사고,0,0,3,0,차대차 - 추돌,안전거리미확보,건조,맑음,교차로 - 교차로부근,화물,남,56세,상해없음,승용,여,26세,경상
2016090800100484,2016년 9월 8일 17시,목요일,제주특별자치도 제주시 용담삼동,경상사고,0,0,1,0,차대차 - 측면직각충돌,안전운전불이행,건조,맑음,교차로 - 교차로부근,승용,여,58세,상해없음,자전거,남,14세,경상
2016090800100724,2016년 9월 8일 23시,목요일,제주특별자치도 제주시 연동,경상사고,0,0,1,1,차대차 - 측면충돌,안전운전불이행,건조,맑음,교차로 - 교차로안,승용,여,65세,상해없음,승용,남,43세,경상
2016090900100146,2016년 9월 9일 08시,금요일,제주특별자치도 제주시 오라이동,중상사고,0,1,1,0,차대차 - 정면충돌,안전운전불이행,건조,맑음,단일로 - 기타,승용,남,45세,경상,이륜,남,25세,중상
2016090900100176,2016년 9월 9일 09시,금요일,제주특별자치도 서귀포시 토평동,중상사고,0,1,0,0,차대차 - 측면충돌,안전거리미확보,건조,맑음,교차로 - 교차로부근,화물,남,70세,상해없음,이륜,여,73세,중상
2016090900100339,2016년 9월 9일 14시,금요일,제주특별자치도 제주시 오라이동,경상사고,0,0,2,0,차대차 - 정면충돌,안전운전불이행,건조,맑음,교차로 - 교차로부근,화물,남,27세,상해없음,승용,남,30세,경상
2016090900100340,2016년 9월 9일 14시,금요일,제주특별자치도 서귀포시 남원읍,중상사고,0,1,0,0,차대차 - 측면충돌,교차로운행방법위반,건조,맑음,교차로 - 교차로안,원동기,여,82세,중상,승용,남,61세,상해없음
2016090900100384,2016년 9월 9일 15시,금요일,제주특별자치도 서귀포시 성산읍,중상사고,0,1,0,0,차대차 - 측면직각충돌,신호위반,건조,맑음,교차로 - 교차로안,이륜,남,42세,중상,화물,남,29세,상해없음
2016090900100430,2016년 9월 9일 16시,금요일,제주특별자치도 제주시 조천읍,경상사고,0,0,1,0,차대차 - 정면충돌,차로위반,건조,맑음,교차로 - 교차로부근,자전거,남,41세,경상,승용,남,30세,상해없음
2016090900100431,2016년 9월 9일 16시,금요일,제주특별자치도 서귀포시 서귀동,경상사고,0,0,1,0,차량단독 - 전도전복,안전운전불이행,건조,맑음,단일로 - 기타,승용,여,45세,경상,,,,
2016090900100481,2016년 9월 9일 17시,금요일,제주특별자치도 서귀포시 동홍동,중상사고,0,1,0,0,차량단독 - 전도전복,안전운전불이행,건조,맑음,단일로 - 기타,화물,남,49세,중상,,,,
2016090900100530,2016년 9월 9일 18시,금요일,제주특별자치도 제주시 연동,경상사고,0,0,1,0,차대사람 - 횡단중,보행자보호의무위반,건조,맑음,단일로 - 횡단보도상,화물,남,57세,상해없음,보행자,여,27세,경상
2016090900100531,2016년 9월 9일 18시,금요일,제주특별자치도 제주시 노형동,경상사고,0,0,1,0,차대사람 - 길가장자리구역통행중,안전운전불이행,건조,맑음,교차로 - 교차로부근,승용,여,39세,상해없음,보행자,여,19세,경상
2016090900100532,2016년 9월 9일 18시,금요일,제주특별자치도 제주시 노형동,경상사고,0,0,1,0,차대차 - 측면직각충돌,교차로운행방법위반,건조,맑음,교차로 - 교차로안,화물,여,58세,경상,승용,남,67세,상해없음
2016090900100592,2016년 9월 9일 19시,금요일,제주특별자치도 서귀포시 동홍동,경상사고,0,0,1,0,차대차 - 추돌,안전운전불이행,건조,맑음,교차로 - 교차로부근,화물,남,34세,상해없음,승용,여,32세,상해없음
2016090900100593,2016년 9월 9일 19시,금요일,제주특별자치도 제주시 한림읍,부상신고사고,0,0,0,1,차대사람 - 횡단중,안전운전불이행,건조,맑음,단일로 - 기타,승용,남,53세,상해없음,보행자,여,9세,부상신고
2016090900100594,2016년 9월 9일 19시,금요일,제주특별자치도 제주시 연동,경상사고,0,0,1,0,차대차 - 정면충돌,신호위반,기타,맑음,교차로 - 교차로안,승용,여,63세,상해없음,자전거,남,14세,경상
2016090900100639,2016년 9월 9일 20시,금요일,제주특별자치도 제주시 삼도이동,경상사고,0,0,1,0,차대차 - 정면충돌,안전운전불이행,건조,맑음,교차로 - 교차로부근,이륜,남,58세,경상,승용,남,35세,상해없음
2016090900100640,2016년 9월 9일 20시,금요일,제주특별자치도 서귀포시 대정읍,중상사고,0,1,0,0,차대사람 - 횡단중,보행자보호의무위반,건조,맑음,교차로 - 교차로부근,승용,여,43세,상해없음,보행자,남,41세,중상
2016091000100017,2016년 9월 10일 00시,토요일,제주특별자치도 제주시 오라일동,경상사고,0,0,2,0,차대차 - 정면충돌,안전운전불이행,기타,맑음,교차로 - 교차로부근,승용,남,52세,상해없음,승용,남,49세,경상
2016091000100097,2016년 9월 10일 05시,토요일,제주특별자치도 서귀포시 남원읍,경상사고,0,0,1,0,차대차 - 측면충돌,신호위반,건조,맑음,교차로 - 교차로안,승용,남,26세,상해없음,이륜,남,82세,경상
2016091000100111,2016년 9월 10일 06시,토요일,제주특별자치도 서귀포시 상예동,경상사고,0,0,1,0,차량단독 - 전도전복,안전운전불이행,건조,맑음,단일로 - 기타,승용,남,49세,경상,,,,
2016091000100204,2016년 9월 10일 10시,토요일,제주특별자치도 제주시 조천읍,중상사고,0,1,0,0,차량단독 - 전도전복,안전운전불이행,건조,맑음,단일로 - 기타,승용,여,27세,상해없음,,,,
2016091000100238,2016년 9월 10일 11시,토요일,제주특별자치도 제주시 일도이동,중상사고,0,1,0,0,차대사람 - 길가장자리구역통행중,안전운전불이행,건조,맑음,단일로 - 기타,승용,남,23세,상해없음,보행자,남,48세,중상
2016091000100239,2016년 9월 10일 11시,토요일,제주특별자치도 제주시 노형동,경상사고,0,0,2,0,차대사람 - 횡단중,안전운전불이행,건조,맑음,단일로 - 기타,승용,남,61세,상해없음,보행자,여,37세,경상
2016091000100278,2016년 9월 10일 12시,토요일,제주특별자치도 서귀포시 동홍동,경상사고,0,0,1,0,차대차 - 측면충돌,교차로운행방법위반,건조,맑음,교차로 - 교차로안,화물,남,34세,상해없음,승용,남,74세,상해없음
2016091000100279,2016년 9월 10일 12시,토요일,제주특별자치도 서귀포시 남원읍,중상사고,0,1,1,0,차대사람 - 기타,신호위반,건조,맑음,교차로 - 교차로안,화물,남,72세,상해없음,보행자,여,34세,경상
2016091000100312,2016년 9월 10일 13시,토요일,제주특별자치도 제주시 건입동,경상사고,0,0,1,0,차대차 - 측면충돌,신호위반,건조,맑음,교차로 - 교차로안,이륜,남,52세,경상,화물,남,72세,상해없음
2016091000100384,2016년 9월 10일 15시,토요일,제주특별자치도 서귀포시 남원읍위미출장,중상사고,0,2,9,0,차량단독 - 전도전복,과속,건조,맑음,단일로 - 기타,승합,남,45세,중상,,,,
2016091000100425,2016년 9월 10일 16시,토요일,제주특별자치도 제주시 화북일동,중상사고,0,1,0,0,차대사람 - 횡단중,교차로운행방법위반,건조,맑음,교차로 - 교차로안,승용,여,53세,상해없음,보행자,여,70세,중상
2016091000100426,2016년 9월 10일 16시,토요일,제주특별자치도 서귀포시 대정읍,중상사고,0,1,0,0,차대차 - 정면충돌,안전운전불이행,건조,맑음,교차로 - 교차로안,원동기,여,69세,중상,화물,남,45세,상해없음
2016091000100469,2016년 9월 10일 17시,토요일,제주특별자치도 제주시 애월읍,경상사고,0,0,1,0,차대사람 - 기타,안전운전불이행,건조,맑음,기타 - 기타,승용,여,40세,상해없음,보행자,남,31세,경상
2016091000100497,2016년 9월 10일 18시,토요일,제주특별자치도 제주시 애월읍,경상사고,0,0,3,0,차대차 - 추돌,안전운전불이행,건조,맑음,교차로 - 교차로부근,승용,남,37세,상해없음,승용,남,26세,경상
2016091000100498,2016년 9월 10일 18시,토요일,제주특별자치도 제주시 연동,부상신고사고,0,0,0,1,차대사람 - 기타,안전운전불이행,건조,맑음,교차로 - 교차로부근,승용,남,49세,상해없음,보행자,남,50세,부상신고
2016091000100543,2016년 9월 10일 19시,토요일,제주특별자치도 서귀포시 서귀동,경상사고,0,0,1,0,차대차 - 측면충돌,교차로운행방법위반,건조,맑음,교차로 - 교차로안,이륜,남,58세,경상,승용,남,48세,상해없음
2016091100100182,2016년 9월 11일 11시,일요일,제주특별자치도 제주시 노형동,경상사고,0,0,2,0,차대차 - 추돌,직진우회전진행방해,기타,흐림,교차로 - 교차로부근,승용,남,48세,상해없음,승합,남,52세,상해없음
2016091100100233,2016년 9월 11일 13시,일요일,제주특별자치도 제주시 건입동,경상사고,0,0,1,0,차대사람 - 기타,안전운전불이행,건조,맑음,단일로 - 기타,승용,남,36세,상해없음,보행자,여,53세,경상
2016091100100311,2016년 9월 11일 16시,일요일,제주특별자치도 제주시 애월읍,경상사고,0,0,1,3,차대차 - 정면충돌,직진우회전진행방해,건조,흐림,교차로 - 교차로안,승용,여,41세,부상신고,승용,여,29세,부상신고
2016091100100336,2016년 9월 11일 17시,일요일,제주특별자치도 제주시 한림읍,경상사고,0,0,1,0,차대차 - 측면직각충돌,안전거리미확보,기타,맑음,교차로 - 교차로안,승합,남,66세,상해없음,승용,남,38세,경상
2016091100100393,2016년 9월 11일 19시,일요일,제주특별자치도 제주시 노형동,경상사고,0,0,1,0,차대사람 - 기타,안전운전불이행,건조,맑음,기타 - 기타,화물,남,48세,상해없음,보행자,여,49세,경상
2016091100100473,2016년 9월 11일 22시,일요일,제주특별자치도 제주시 연동,중상사고,0,1,0,0,차대사람 - 기타,안전운전불이행,건조,맑음,기타 - 기타,승용,남,39세,상해없음,보행자,남,51세,중상
2016091200100133,2016년 9월 12일 08시,월요일,제주특별자치도 제주시 도두일동,중상사고,0,1,0,0,차대차 - 측면충돌,신호위반,습기,비,교차로 - 교차로안,승용,남,31세,상해없음,승용,여,56세,중상
2016091200100259,2016년 9월 12일 11시,월요일,제주특별자치도 서귀포시 남원읍,중상사고,0,1,0,0,차대차 - 추돌,안전거리미확보,습기,비,교차로 - 교차로안,화물,여,49세,상해없음,이륜,남,71세,중상
2016091200100292,2016년 9월 12일 12시,월요일,제주특별자치도 제주시 삼도일동,경상사고,0,0,1,0,차대사람 - 횡단중,안전운전불이행,건조,맑음,교차로 - 교차로안,승용,남,58세,상해없음,보행자,남,68세,경상
2016091200100293,2016년 9월 12일 12시,월요일,제주특별자치도 제주시 이도일동,경상사고,0,0,1,0,차대사람 - 보도통행중,기타,건조,맑음,단일로 - 기타,화물,남,55세,상해없음,보행자,여,23세,경상
2016091200100322,2016년 9월 12일 13시,월요일,제주특별자치도 제주시 용강동,중상사고,0,1,1,0,차대차 - 정면충돌,중앙선침범,습기,비,단일로 - 기타,승용,여,34세,경상,승용,남,59세,중상
2016091200100323,2016년 9월 12일 13시,월요일,제주특별자치도 제주시 조천읍,중상사고,0,1,0,0,차대차 - 추돌,안전운전불이행,건조,맑음,교차로 - 교차로부근,승용,여,28세,중상,건설기계,남,35세,상해없음
2016091200100324,2016년 9월 12일 13시,월요일,제주특별자치도 서귀포시 성산읍,경상사고,0,0,1,0,차대차 - 추돌,안전운전불이행,건조,맑음,교차로 - 교차로부근,승용,남,28세,상해없음,승용,여,46세,경상
2016091200100415,2016년 9월 12일 15시,월요일,제주특별자치도 제주시 일도이동,경상사고,0,0,1,0,차대사람 - 횡단중,안전운전불이행,건조,맑음,단일로 - 기타,승합,여,51세,상해없음,보행자,남,9세,경상
2016091200100451,2016년 9월 12일 16시,월요일,제주특별자치도 서귀포시 서귀동,경상사고,0,0,1,0,차대차 - 측면직각충돌,안전운전불이행,건조,맑음,교차로 - 교차로안,승용,남,63세,상해없음,화물,남,55세,경상
2016091200100496,2016년 9월 12일 17시,월요일,제주특별자치도 제주시 구좌읍,경상사고,0,0,2,0,차대차 - 정면충돌,교차로운행방법위반,건조,맑음,교차로 - 교차로안,승용,여,33세,상해없음,승용,남,70세,경상
2016091200100542,2016년 9월 12일 18시,월요일,제주특별자치도 서귀포시 상예동,중상사고,0,1,2,0,차대차 - 추돌,안전거리미확보,건조,맑음,단일로 - 기타,승합,남,42세,상해없음,승용,남,64세,경상
2016091200100586,2016년 9월 12일 19시,월요일,제주특별자치도 제주시 노형동,부상신고사고,0,0,0,2,차대차 - 측면충돌,직진우회전진행방해,건조,맑음,교차로 - 교차로안,승용,남,23세,상해없음,승용,여,40세,부상신고
2016091200100630,2016년 9월 12일 20시,월요일,제주특별자치도 서귀포시 서귀동,경상사고,0,0,1,0,차대차 - 추돌,기타,건조,맑음,단일로 - 기타,승용,남,47세,상해없음,화물,남,33세,경상
2016091300100027,2016년 9월 13일 01시,화요일,제주특별자치도 제주시 구좌읍,중상사고,0,1,0,0,차량단독 - 전도전복,안전운전불이행,건조,맑음,단일로 - 기타,승용,남,33세,중상,,,,