사고번호,사고일시,요일,시군구,사고내용,사망자수,중상자수,경상자수,부상신고자수,사고유형,법규위반,노면상태,기상상태,도로형태,가해운전자 차종,가해운전자 성별,가해운전자 연령,가해운전자 상해정도,피해운전자 차종,피해운전자 성별,피해운전자 연령,피해운전자 상해정도
2016102200100031,2016년 10월 22일 01시,토요일,제주특별자치도 서귀포시 성산읍,경상사고,0,0,1,0,차량단독 - 전도전복,안전운전불이행,습기,비,단일로 - 기타,이륜,남,20세,경상,,,,
2016102200100032,2016년 10월 22일 01시,토요일,제주특별자치도 제주시 노형동,경상사고,0,0,1,0,차대사람 - 횡단중,안전운전불이행,습기,비,교차로 - 교차로안,승용,남,50세,상해없음,보행자,남,29세,경상
2016102200100182,2016년 10월 22일 10시,토요일,제주특별자치도 서귀포시 성산읍,경상사고,0,0,2,0,차대차 - 기타,안전거리미확보,습기,비,교차로 - 교차로부근,승합,남,33세,기타불명,승용,남,28세,경상
2016102200100183,2016년 10월 22일 10시,토요일,제주특별자치도 제주시 한림읍,중상사고,0,1,2,0,차대차 - 측면충돌,교차로운행방법위반,습기,비,교차로 - 교차로안,승용,남,31세,경상,화물,남,49세,상해없음
2016102200100210,2016년 10월 22일 11시,토요일,제주특별자치도 제주시 한경면,중상사고,0,1,0,0,차대차 - 기타,직진우회전진행방해,건조,맑음,교차로 - 교차로안,승합,여,51세,상해없음,승용,여,67세,중상
2016102200100290,2016년 10월 22일 13시,토요일,제주특별자치도 제주시 일도이동,경상사고,0,0,2,0,차대차 - 정면충돌,신호위반,습기,비,교차로 - 교차로안,승용,남,67세,경상,승용,남,24세,경상
2016102200100291,2016년 10월 22일 13시,토요일,제주특별자치도 제주시 아라일동,경상사고,0,0,1,0,차대차 - 기타,교차로운행방법위반,기타,맑음,교차로 - 교차로안,승용,여,37세,상해없음,승용,여,46세,경상
2016102200100321,2016년 10월 22일 14시,토요일,제주특별자치도 제주시 오라일동,부상신고사고,0,0,0,1,차대차 - 정면충돌,안전운전불이행,습기,비,단일로 - 기타,이륜,남,16세,부상신고,승용,남,45세,상해없음
2016102200100322,2016년 10월 22일 14시,토요일,제주특별자치도 제주시 애월읍,부상신고사고,0,0,0,9,차대차 - 추돌,안전거리미확보,건조,맑음,단일로 - 기타,화물,남,46세,상해없음,승합,남,38세,부상신고
2016102200100397,2016년 10월 22일 16시,토요일,제주특별자치도 제주시 삼도이동,경상사고,0,0,2,0,차대사람 - 횡단중,보행자보호의무위반,습기,비,교차로 - 교차로안,이륜,남,20세,경상,보행자,여,34세,경상
2016102200100398,2016년 10월 22일 16시,토요일,제주특별자치도 제주시 조천읍,중상사고,0,1,1,0,차대차 - 정면충돌,중앙선침범,습기,비,단일로 - 기타,승용,남,71세,경상,승용,여,56세,중상
2016102200100431,2016년 10월 22일 17시,토요일,제주특별자치도 제주시 연동,경상사고,0,0,2,1,차대차 - 측면충돌,중앙선침범,습기,흐림,단일로 - 기타,승용,남,52세,상해없음,승용,여,49세,경상
2016102200100488,2016년 10월 22일 18시,토요일,제주특별자치도 제주시 애월읍,경상사고,0,0,2,0,차대차 - 기타,안전거리미확보,건조,맑음,단일로 - 기타,승용,남,56세,상해없음,승용,여,34세,경상
2016102200100586,2016년 10월 22일 21시,토요일,제주특별자치도 서귀포시 법환동,경상사고,0,0,1,0,차대차 - 측면충돌,직진우회전진행방해,건조,맑음,교차로 - 교차로안,승용,남,29세,상해없음,승용,여,49세,상해없음
2016102200100620,2016년 10월 22일 22시,토요일,제주특별자치도 제주시 아라일동,경상사고,0,0,8,0,차대차 - 기타,안전거리미확보,습기,비,단일로 - 기타,승용,남,50세,상해없음,승합,여,36세,경상
2016102200100637,2016년 10월 22일 23시,토요일,제주특별자치도 제주시 화북이동,경상사고,0,0,1,0,차대차 - 기타,안전운전불이행,건조,맑음,단일로 - 기타,승용,남,37세,상해없음,승용,남,56세,경상
2016102200100638,2016년 10월 22일 23시,토요일,제주특별자치도 제주시 아라이동,중상사고,0,1,0,0,차대차 - 정면충돌,안전운전불이행,건조,맑음,교차로 - 교차로부근,이륜,남,16세,상해없음,승용,여,41세,상해없음
2016102200100639,2016년 10월 22일 23시,토요일,제주특별자치도 서귀포시 성산읍,부상신고사고,0,0,0,1,차량단독 - 전도전복,안전거리미확보,건조,맑음,교차로 - 교차로부근,승용,남,53세,부상신고,,,,
2016102300100087,2016년 10월 23일 06시,일요일,제주특별자치도 서귀포시 안덕면,사망사고,1,0,0,0,차대차 - 측면충돌,직진우회전진행방해,습기,비,교차로 - 교차로안,화물,남,62세,상해없음,이륜,남,73세,사망
2016102300100105,2016년 10월 23일 07시,일요일,제주특별자치도 제주시 애월읍,경상사고,0,0,4,0,차대차 - 추돌,안전운전불이행,건조,맑음,단일로 - 기타,승용,남,24세,경상,승용,여,70세,상해없음
2016102300100106,2016년 10월 23일 07시,일요일,제주특별자치도 제주시 연동,경상사고,0,0,1,0,차대차 - 측면충돌,교차로운행방법위반,건조,맑음,교차로 - 교차로안,승용,남,38세,상해없음,승용,여,50세,경상
2016102300100120,2016년 10월 23일 08시,일요일,제주특별자치도 제주시 노형동,경상사고,0,0,1,0,차대차 - 기타,안전운전불이행,건조,맑음,교차로 - 교차로안,승합,여,52세,상해없음,승용,남,44세,경상
2016102300100141,2016년 10월 23일 09시,일요일,제주특별자치도 서귀포시 안덕면,경상사고,0,0,1,0,차대차 - 측면직각충돌,안전운전불이행,건조,맑음,단일로 - 기타,승용,남,28세,경상,화물,남,71세,상해없음
2016102300100166,2016년 10월 23일 10시,일요일,제주특별자치도 서귀포시 안덕면,중상사고,0,1,1,1,차대차 - 측면충돌,교차로운행방법위반,건조,맑음,교차로 - 교차로안,승용,남,45세,상해없음,원동기,남,51세,경상
2016102300100222,2016년 10월 23일 13시,일요일,제주특별자치도 제주시 용담이동,중상사고,0,1,0,0,차대차 - 측면충돌,안전운전불이행,건조,맑음,교차로 - 교차로부근,승용,남,54세,상해없음,승용,남,61세,기타불명
2016102300100250,2016년 10월 23일 14시,일요일,제주특별자치도 제주시 연동,경상사고,0,0,1,0,차대차 - 측면충돌,안전운전불이행,습기,흐림,단일로 - 기타,화물,남,31세,상해없음,자전거,남,14세,경상
2016102300100278,2016년 10월 23일 15시,일요일,제주특별자치도 서귀포시 남원읍,경상사고,0,0,2,0,차대차 - 정면충돌,중앙선침범,습기,비,단일로 - 기타,승용,남,31세,상해없음,승용,남,69세,경상
2016102300100315,2016년 10월 23일 16시,일요일,제주특별자치도 제주시 애월읍,경상사고,0,0,4,0,차대차 - 추돌,안전운전불이행,건조,맑음,교차로 - 교차로부근,화물,남,46세,상해없음,승용,여,36세,경상
2016102300100316,2016년 10월 23일 16시,일요일,제주특별자치도 제주시 연동,경상사고,0,0,4,0,차대차 - 측면충돌,안전운전불이행,건조,흐림,기타 - 기타,승용,남,52세,경상,승용,여,40세,경상
2016102300100412,2016년 10월 23일 18시,일요일,제주특별자치도 제주시 조천읍,경상사고,0,0,1,0,차대차 - 추돌,안전운전불이행,건조,맑음,교차로 - 교차로부근,승용,남,24세,경상,승용,남,72세,상해없음
2016102400100058,2016년 10월 24일 06시,월요일,제주특별자치도 제주시 삼양이동,사망사고,1,0,0,0,차대차 - 정면충돌,신호위반,건조,맑음,교차로 - 교차로안,승용,남,70세,상해없음,이륜,남,19세,사망
2016102400100059,2016년 10월 24일 06시,월요일,제주특별자치도 제주시 이도일동,경상사고,0,0,1,0,차대사람 - 횡단중,보행자보호의무위반,기타,맑음,단일로 - 횡단보도상,화물,남,29세,상해없음,보행자,여,84세,경상
2016102400100060,2016년 10월 24일 06시,월요일,제주특별자치도 서귀포시 동홍동,중상사고,0,1,0,0,차대사람 - 횡단중,보행자보호의무위반,건조,맑음,단일로 - 기타,승용,남,56세,상해없음,보행자,남,52세,중상
2016102400100089,2016년 10월 24일 07시,월요일,제주특별자치도 제주시 노형동,경상사고,0,0,3,0,차대차 - 추돌,안전거리미확보,건조,맑음,단일로 - 기타,승용,여,37세,상해없음,승용,남,40세,경상
2016102400100186,2016년 10월 24일 09시,월요일,제주특별자치도 제주시 삼도이동,경상사고,0,0,1,0,차대차 - 정면충돌,안전운전불이행,건조,맑음,교차로 - 교차로부근,승용,여,33세,상해없음,자전거,남,63세,경상
2016102400100219,2016년 10월 24일 10시,월요일,제주특별자치도 제주시 한림읍,경상사고,0,0,2,1,차대차 - 추돌,안전거리미확보,건조,맑음,단일로 - 기타,화물,남,36세,상해없음,승용,남,40세,부상신고
2016102400100444,2016년 10월 24일 16시,월요일,제주특별자치도 서귀포시 동홍동,중상사고,0,1,0,0,차대사람 - 기타,안전운전불이행,건조,맑음,단일로 - 기타,화물,남,70세,상해없음,보행자,여,59세,중상
2016102400100495,2016년 10월 24일 17시,월요일,제주특별자치도 제주시 용담일동,경상사고,0,0,6,0,차대차 - 정면충돌,안전운전불이행,건조,맑음,단일로 - 기타,승용,남,76세,상해없음,승용,남,46세,상해없음
2016102400100496,2016년 10월 24일 17시,월요일,제주특별자치도 제주시 삼도일동,경상사고,0,0,1,0,차대사람 - 횡단중,보행자보호의무위반,건조,맑음,단일로 - 횡단보도상,기타불명,기타불명,기타불명,기타불명,보행자,여,8세,경상
2016102400100659,2016년 10월 24일 21시,월요일,제주특별자치도 제주시 연동,경상사고,0,0,1,3,차대차 - 추돌,안전거리미확보,건조,맑음,단일로 - 기타,승합,남,39세,상해없음,승용,여,28세,경상
2016102500100060,2016년 10월 25일 03시,화요일,제주특별자치도 제주시 외도이동,중상사고,0,1,0,0,차대사람 - 기타,안전운전불이행,건조,맑음,단일로 - 기타,승용,남,59세,상해없음,보행자,남,26세,중상
2016102500100137,2016년 10월 25일 07시,화요일,제주특별자치도 제주시 애월읍,경상사고,0,0,1,0,차대차 - 추돌,안전거리미확보,건조,맑음,단일로 - 기타,승합,남,59세,상해없음,농기계,남,59세,경상
2016102500100181,2016년 10월 25일 08시,화요일,제주특별자치도 제주시 화북일동,중상사고,0,1,0,0,차대차 - 정면충돌,기타,건조,맑음,교차로 - 교차로안,이륜,남,59세,중상,건설기계,남,40세,상해없음
2016102500100182,2016년 10월 25일 08시,화요일,제주특별자치도 제주시 도두이동,경상사고,0,0,1,0,차대차 - 측면충돌,차로위반,건조,맑음,단일로 - 기타,승용,남,61세,상해없음,승용,여,53세,경상
2016102500100227,2016년 10월 25일 09시,화요일,제주특별자치도 제주시 노형동,경상사고,0,0,1,0,차대차 - 측면충돌,직진우회전진행방해,건조,맑음,교차로 - 교차로안,승용,남,47세,상해없음,화물,남,42세,경상
2016102500100291,2016년 10월 25일 11시,화요일,제주특별자치도 제주시 건입동,경상사고,0,0,1,0,차대사람 - 횡단중,신호위반,건조,기타,교차로 - 교차로부근,승용,남,70세,상해없음,보행자,남,82세,경상
2016102500100292,2016년 10월 25일 11시,화요일,제주특별자치도 제주시 구좌읍,경상사고,0,0,2,0,차대차 - 측면직각충돌,교차로운행방법위반,습기,비,교차로 - 교차로안,화물,남,78세,경상,화물,남,49세,경상
2016102500100353,2016년 10월 25일 13시,화요일,제주특별자치도 서귀포시 성산읍,경상사고,0,0,1,0,차대차 - 추돌,안전운전불이행,습기,흐림,단일로 - 기타,승용,여,36세,상해없음,승용,여,42세,경상
2016102500100381,2016년 10월 25일 14시,화요일,제주특별자치도 제주시 애월읍,부상신고사고,0,0,0,1,차량단독 - 전도전복,안전운전불이행,습기,비,단일로 - 기타,원동기,여,61세,상해없음,,,,
2016102500100443,2016년 10월 25일 16시,화요일,제주특별자치도 제주시 조천읍,경상사고,0,0,1,0,차대차 - 정면충돌,차로위반,건조,맑음,단일로 - 기타,화물,남,44세,상해없음,승용,여,47세,경상
2016102500100444,2016년 10월 25일 16시,화요일,제주특별자치도 제주시 일도이동,경상사고,0,0,2,0,차대차 - 정면충돌,안전운전불이행,기타,맑음,단일로 - 기타,승용,여,37세,상해없음,승용,남,26세,경상
2016102500100445,2016년 10월 25일 16시,화요일,제주특별자치도 서귀포시 남원읍,부상신고사고,0,0,0,1,차대차 - 측면직각충돌,불법유턴,건조,맑음,단일로 - 기타,화물,남,27세,상해없음,승용,여,48세,부상신고
2016102500100493,2016년 10월 25일 17시,화요일,제주특별자치도 제주시 구좌읍,경상사고,0,0,1,0,차대차 - 정면충돌,교차로운행방법위반,기타,맑음,교차로 - 교차로안,승용,남,34세,상해없음,농기계,남,79세,경상
2016102500100494,2016년 10월 25일 17시,화요일,제주특별자치도 제주시 연동,경상사고,0,0,1,0,차대사람 - 횡단중,안전운전불이행,건조,맑음,단일로 - 기타,화물,남,27세,기타불명,보행자,남,9세,경상
2016102500100558,2016년 10월 25일 18시,화요일,제주특별자치도 제주시 용담일동,경상사고,0,0,1,0,차대차 - 정면충돌,안전운전불이행,건조,맑음,단일로 - 기타,승용,남,38세,상해없음,자전거,남,56세,경상
2016102500100559,2016년 10월 25일 18시,화요일,제주특별자치도 서귀포시 성산읍,사망사고,1,0,0,0,차대사람 - 횡단중,보행자보호의무위반,건조,맑음,교차로 - 교차로안,승용,남,56세,상해없음,보행자,남,79세,사망
2016102600100033,2016년 10월 26일 01시,수요일,제주특별자치도 제주시 일도이동,경상사고,0,0,1,0,차대사람 - 길가장자리구역통행중,기타,건조,맑음,단일로 - 기타,승용,남,64세,상해없음,보행자,남,28세,경상
2016102600100049,2016년 10월 26일 02시,수요일,제주특별자치도 제주시 노형동,중상사고,0,1,0,0,차대차 - 측면충돌,신호위반,건조,맑음,교차로 - 교차로안,승용,남,56세,상해없음,승용,여,52세,중상
2016102600100061,2016년 10월 26일 03시,수요일,제주특별자치도 서귀포시 서귀동,경상사고,0,0,1,0,차대차 - 추돌,안전운전불이행,건조,맑음,교차로 - 교차로부근,승용,남,30세,상해없음,승용,남,43세,경상
2016102600100072,2016년 10월 26일 04시,수요일,제주특별자치도 서귀포시 남원읍,중상사고,0,1,0,1,차대차 - 정면충돌,안전운전불이행,건조,맑음,단일로 - 기타,원동기,남,18세,상해없음,원동기,남,18세,중상
2016102600100212,2016년 10월 26일 09시,수요일,제주특별자치도 서귀포시 동홍동,경상사고,0,0,1,0,차량단독 - 주/정차차량 충돌,안전운전불이행,건조,맑음,단일로 - 기타,승용,여,50세,경상,,,,
2016102600100301,2016년 10월 26일 12시,수요일,제주특별자치도 제주시 한림읍,부상신고사고,0,0,0,3,차량단독 - 공작물충돌,안전운전불이행,건조,맑음,단일로 - 기타,승용,남,34세,부상신고,,,,
2016102600100333,2016년 10월 26일 13시,수요일,제주특별자치도 제주시 이도이동,경상사고,0,0,1,0,차대차 - 정면충돌,안전거리미확보,건조,맑음,단일로 - 기타,승용,남,32세,상해없음,승용,여,41세,경상
2016102600100359,2016년 10월 26일 14시,수요일,제주특별자치도 서귀포시 대정읍,경상사고,0,0,1,0,차대차 - 기타,기타,습기,비,교차로 - 교차로안,승용,여,39세,상해없음,원동기,남,26세,경상
2016102600100394,2016년 10월 26일 15시,수요일,제주특별자치도 제주시 아라일동,중상사고,0,1,0,1,차대차 - 정면충돌,직진우회전진행방해,습기,비,교차로 - 교차로안,승용,여,42세,부상신고,승용,여,53세,상해없음
2016102600100429,2016년 10월 26일 16시,수요일,제주특별자치도 제주시 오라이동,경상사고,0,0,1,0,차대사람 - 횡단중,보행자보호의무위반,습기,비,단일로 - 횡단보도상,승용,여,40세,상해없음,보행자,여,41세,경상
2016102600100474,2016년 10월 26일 17시,수요일,제주특별자치도 제주시 조천읍,중상사고,0,1,0,0,차량단독 - 전도전복,안전운전불이행,습기,비,단일로 - 기타,승용,남,57세,상해없음,,,,
2016102600100475,2016년 10월 26일 17시,수요일,제주특별자치도 제주시 화북일동,중상사고,0,1,0,0,차대사람 - 횡단중,보행자보호의무위반,습기,비,단일로 - 횡단보도상,승용,남,52세,상해없음,보행자,여,56세,중상
2016102600100476,2016년 10월 26일 17시,수요일,제주특별자치도 제주시 노형동,경상사고,0,0,2,0,차대차 - 정면충돌,안전운전불이행,건조,맑음,교차로 - 교차로안,승용,남,27세,상해없음,승용,남,40세,경상
2016102600100533,2016년 10월 26일 18시,수요일,제주특별자치도 제주시 삼도이동,중상사고,0,2,0,0,차대사람 - 횡단중,보행자보호의무위반,습기,비,단일로 - 기타,승용,남,26세,상해없음,보행자,여,56세,중상
2016102600100583,2016년 10월 26일 19시,수요일,제주특별자치도 서귀포시 도순동,부상신고사고,0,0,0,1,차량단독 - 전도전복,안전운전불이행,건조,맑음,단일로 - 기타,화물,남,54세,부상신고,,,,
2016102600100628,2016년 10월 26일 20시,수요일,제주특별자치도 서귀포시 중문동,중상사고,0,1,0,0,차대차 - 기타,안전운전불이행,습기,비,단일로 - 기타,승용,남,44세,상해없음,승용,남,41세,상해없음
2016102600100678,2016년 10월 26일 22시,수요일,제주특별자치도 제주시 연동,경상사고,0,0,3,0,차대차 - 기타,안전운전불이행,건조,맑음,단일로 - 기타,승용,여,48세,상해없음,승용,여,24세,경상
2016102700100060,2016년 10월 27일 05시,목요일,제주특별자치도 제주시 연동,경상사고,0,0,1,0,차대차 - 추돌,안전운전불이행,기타,맑음,교차로 - 교차로부근,승용,남,33세,상해없음,승용,여,40세,경상
2016102700100098,2016년 10월 27일 07시,목요일,제주특별자치도 제주시 노형동,경상사고,0,0,1,0,차대차 - 측면충돌,안전거리미확보,건조,맑음,단일로 - 기타,승용,남,37세,상해없음,화물,남,59세,경상
2016102700100230,2016년 10월 27일 12시,목요일,제주특별자치도 제주시 오라일동,경상사고,0,0,1,0,차대차 - 정면충돌,안전운전불이행,건조,맑음,단일로 - 기타,화물,남,55세,상해없음,자전거,남,85세,경상
2016102700100315,2016년 10월 27일 15시,목요일,제주특별자치도 제주시 노형동,사망사고,1,0,1,0,차대차 - 추돌,안전운전불이행,건조,흐림,단일로 - 기타,화물,남,44세,사망,승용,여,51세,경상
2016102700100380,2016년 10월 27일 17시,목요일,제주특별자치도 제주시 화북일동,중상사고,0,1,0,0,차대사람 - 횡단중,보행자보호의무위반,건조,맑음,교차로 - 교차로부근,화물,남,49세,상해없음,보행자,남,11세,중상
2016102700100381,2016년 10월 27일 17시,목요일,제주특별자치도 제주시 영평동,경상사고,0,0,1,0,차대차 - 정면충돌,안전거리미확보,기타,맑음,교차로 - 교차로부근,승합,남,68세,상해없음,승용,남,61세,경상
2016102700100436,2016년 10월 27일 18시,목요일,제주특별자치도 제주시 조천읍,중상사고,0,3,1,0,차대차 - 정면충돌,신호위반,건조,맑음,교차로 - 교차로안,승용,여,58세,중상,승합,남,66세,경상
2016102700100437,2016년 10월 27일 18시,목요일,제주특별자치도 제주시 용담일동,경상사고,0,0,1,0,차대사람 - 기타,안전운전불이행,건조,흐림,단일로 - 기타,기타불명,기타불명,기타불명,기타불명,보행자,남,9세,경상
2016102700100438,2016년 10월 27일 18시,목요일,제주특별자치도 서귀포시 남원읍,사망사고,1,0,0,0,차대사람 - 횡단중,안전운전불이행,건조,맑음,단일로 - 기타,승용,남,38세,상해없음,보행자,여,74세,사망
2016102700100549,2016년 10월 27일 21시,목요일,제주특별자치도 서귀포시 대정읍,경상사고,0,0,1,1,차대차 - 측면충돌,직진우회전진행방해,건조,맑음,교차로 - 교차로안,승용,여,51세,부상신고,승용,남,47세,경상
2016102700100583,2016년 10월 27일 22시,목요일,제주특별자치도 제주시 일도이동,경상사고,0,0,1,0,차대사람 - 횡단중,안전운전불이행,건조,흐림,교차로 - 교차로부근,승용,남,44세,상해없음,보행자,남,25세,경상
2016102700100609,2016년 10월 27일 23시,목요일,제주특별자치도 제주시 애월읍,경상사고,0,0,1,0,차대차 - 기타,안전운전불이행,건조,맑음,단일로 - 기타,승용,남,55세,상해없음,승용,여,45세,경상
2016102800100032,2016년 10월 28일 01시,금요일,제주특별자치도 서귀포시 서홍동,경상사고,0,0,2,0,차대차 - 측면충돌,안전운전불이행,습기,비,교차로 - 교차로안,승용,남,57세,상해없음,승용,남,24세,경상
2016102800100054,2016년 10월 28일 03시,금요일,제주특별자치도 서귀포시 대정읍,중상사고,0,1,1,0,차량단독 - 기타,안전운전불이행,습기,비,교차로 - 교차로안,승용,남,34세,경상,,,,
2016102800100055,2016년 10월 28일 03시,금요일,제주특별자치도 서귀포시 대정읍,경상사고,0,0,1,0,차량단독 - 공작물충돌,안전운전불이행,습기,비,단일로 - 기타,승용,남,36세,경상,,,,
2016102800100240,2016년 10월 28일 11시,금요일,제주특별자치도 서귀포시 대정읍,경상사고,0,0,1,0,차량단독 - 공작물충돌,안전운전불이행,건조,흐림,단일로 - 기타,승용,여,38세,경상,,,,
2016102800100241,2016년 10월 28일 11시,금요일,제주특별자치도 서귀포시 강정동,경상사고,0,0,2,1,차대차 - 추돌,안전운전불이행,습기,흐림,교차로 - 교차로부근,승용,남,40세,상해없음,승용,남,25세,부상신고
2016102800100264,2016년 10월 28일 12시,금요일,제주특별자치도 제주시 노형동,경상사고,0,0,1,0,차대차 - 측면직각충돌,교차로운행방법위반,건조,맑음,교차로 - 교차로안,승용,여,37세,경상,승용,남,42세,상해없음
2016102800100358,2016년 10월 28일 15시,금요일,제주특별자치도 제주시 노형동,경상사고,0,0,2,1,차대차 - 측면직각충돌,직진우회전진행방해,건조,맑음,교차로 - 교차로안,승용,여,54세,상해없음,승용,남,37세,경상
2016102800100520,2016년 10월 28일 19시,금요일,제주특별자치도 제주시 연동,경상사고,0,0,1,0,차대사람 - 횡단중,안전운전불이행,건조,맑음,단일로 - 기타,기타불명,여,16세,상해없음,보행자,여,56세,경상
2016102800100521,2016년 10월 28일 19시,금요일,제주특별자치도 제주시 연동,부상신고사고,0,0,0,3,차대차 - 측면직각충돌,교차로운행방법위반,건조,맑음,교차로 - 교차로안,승용,여,43세,기타불명,승용,남,42세,부상신고
2016102800100605,2016년 10월 28일 21시,금요일,제주특별자치도 제주시 애월읍,경상사고,0,0,1,0,차량단독 - 전도전복,안전운전불이행,건조,맑음,기타 - 기타,이륜,남,17세,경상,,,,
2016102800100639,2016년 10월 28일 22시,금요일,제주특별자치도 제주시 노형동,경상사고,0,0,1,0,차대사람 - 기타,안전운전불이행,습기,흐림,단일로 - 기타,승용,남,34세,상해없음,보행자,여,54세,경상
2016102800100666,2016년 10월 28일 23시,금요일,제주특별자치도 서귀포시 서귀동,경상사고,0,0,1,0,차대사람 - 횡단중,보행자보호의무위반,건조,맑음,교차로 - 교차로부근,승용,여,60세,상해없음,보행자,남,36세,경상
2016102900100015,2016년 10월 29일 00시,토요일,제주특별자치도 제주시 삼도일동,경상사고,0,0,1,0,차대차 - 정면충돌,안전운전불이행,건조,맑음,교차로 - 교차로부근,승용,남,51세,상해없음,승용,여,31세,경상
2016102900100045,2016년 10월 29일 02시,토요일,제주특별자치도 제주시 외도일동,부상신고사고,0,0,0,1,차대차 - 측면충돌,안전운전불이행,건조,맑음,단일로 - 기타,승용,남,30세,부상신고,승용,여,45세,상해없음
2016102900100058,2016년 10월 29일 03시,토요일,제주특별자치도 제주시 연동,경상사고,0,0,1,0,차대차 - 추돌,안전운전불이행,기타,흐림,교차로 - 교차로안,승용,남,23세,상해없음,승용,남,58세,경상
2016102900100242,2016년 10월 29일 12시,토요일,제주특별자치도 제주시 구좌읍,사망사고,1,0,0,0,차대차 - 정면충돌,과속,건조,맑음,교차로 - 교차로안,승용,남,39세,상해없음,원동기,여,71세,사망
2016102900100320,2016년 10월 29일 14시,토요일,제주특별자치도 제주시 한림읍,경상사고,0,0,1,0,차대차 - 측면충돌,안전운전불이행,건조,맑음,교차로 - 교차로부근,농기계,남,81세,경상,화물,남,43세,상해없음
2016102900100321,2016년 10월 29일 14시,토요일,제주특별자치도 제주시 연동,중상사고,0,1,0,0,차대차 - 측면충돌,안전거리미확보,건조,맑음,교차로 - 교차로부근,승용,남,58세,상해없음,이륜,남,37세,중상
2016102900100352,2016년 10월 29일 15시,토요일,제주특별자치도 제주시 애월읍,경상사고,0,0,4,0,차대차 - 추돌,안전거리미확보,건조,맑음,단일로 - 기타,승용,남,55세,상해없음,승용,남,37세,경상
2016102900100394,2016년 10월 29일 16시,토요일,제주특별자치도 서귀포시 보목동,경상사고,0,0,1,0,차대차 - 측면충돌,직진우회전진행방해,건조,맑음,교차로 - 교차로안,화물,남,48세,상해없음,승용,남,63세,경상
2016102900100395,2016년 10월 29일 16시,토요일,제주특별자치도 서귀포시 월평동,중상사고,0,1,3,0,차대차 - 정면충돌,교차로운행방법위반,건조,맑음,교차로 - 교차로안,승용,여,20세,중상,승합,남,45세,상해없음
2016102900100421,2016년 10월 29일 17시,토요일,제주특별자치도 서귀포시 서귀동,중상사고,0,1,0,0,차대사람 - 횡단중,안전운전불이행,건조,맑음,단일로 - 기타,승용,여,25세,상해없음,보행자,여,37세,중상
2016102900100422,2016년 10월 29일 17시,토요일,제주특별자치도 서귀포시 하예동,부상신고사고,0,0,0,1,차대차 - 측면충돌,안전운전불이행,건조,맑음,단일로 - 기타,승용,남,71세,상해없음,승용,여,27세,상해없음
2016102900100482,2016년 10월 29일 18시,토요일,제주특별자치도 제주시 연동,경상사고,0,0,1,0,차대사람 - 횡단중,안전운전불이행,기타,맑음,기타 - 기타,승용,여,55세,상해없음,보행자,여,8세,경상
2016102900100520,2016년 10월 29일 19시,토요일,제주특별자치도 서귀포시 표선면,경상사고,0,0,1,0,차대차 - 측면직각충돌,직진우회전진행방해,건조,맑음,교차로 - 교차로안,승용,여,41세,상해없음,승용,여,43세,상해없음
2016102900100521,2016년 10월 29일 19시,토요일,제주특별자치도 제주시 노형동,부상신고사고,0,0,0,1,차대사람 - 횡단중,안전운전불이행,건조,맑음,교차로 - 교차로안,승용,남,24세,상해없음,보행자,남,10세,부상신고
2016103000100012,2016년 10월 30일 00시,일요일,제주특별자치도 제주시 애월읍,경상사고,0,0,1,1,차대차 - 기타,안전운전불이행,건조,맑음,단일로 - 기타,화물,남,43세,부상신고,승용,남,25세,경상
2016103000100254,2016년 10월 30일 13시,일요일,제주특별자치도 제주시 이도일동,경상사고,0,0,1,0,차대차 - 기타,안전운전불이행,건조,맑음,단일로 - 기타,승용,남,67세,상해없음,승용,남,65세,경상
2016103000100324,2016년 10월 30일 15시,일요일,제주특별자치도 제주시 이도이동,경상사고,0,0,1,0,차대차 - 정면충돌,안전운전불이행,건조,맑음,단일로 - 기타,기타불명,기타불명,기타불명,기타불명,자전거,남,14세,경상
2016103000100325,2016년 10월 30일 15시,일요일,제주특별자치도 서귀포시 동홍동,중상사고,0,1,0,0,차대차 - 측면충돌,안전거리미확보,건조,맑음,단일로 - 기타,승용,남,57세,상해없음,승용,여,50세,중상
2016103000100352,2016년 10월 30일 16시,일요일,제주특별자치도 제주시 도두일동,경상사고,0,0,3,0,차대차 - 추돌,안전거리미확보,건조,맑음,단일로 - 기타,승용,여,55세,경상,승용,여,36세,경상
2016103000100381,2016년 10월 30일 17시,일요일,제주특별자치도 서귀포시 호근동,경상사고,0,0,1,0,차대차 - 추돌,안전거리미확보,건조,맑음,단일로 - 기타,승용,여,63세,경상,승용,남,39세,상해없음
2016103000100454,2016년 10월 30일 19시,일요일,제주특별자치도 제주시 용담일동,경상사고,0,0,2,0,차대차 - 정면충돌,신호위반,건조,맑음,교차로 - 교차로안,승용,남,24세,경상,승용,남,22세,경상
2016103000100491,2016년 10월 30일 20시,일요일,제주특별자치도 서귀포시 안덕면,경상사고,0,0,1,0,차량단독 - 전도전복,안전운전불이행,건조,맑음,단일로 - 기타,승합,남,50세,경상,,,,