사고번호,사고일시,요일,시군구,사고내용,사망자수,중상자수,경상자수,부상신고자수,사고유형,법규위반,노면상태,기상상태,도로형태,가해운전자 차종,가해운전자 성별,가해운전자 연령,가해운전자 상해정도,피해운전자 차종,피해운전자 성별,피해운전자 연령,피해운전자 상해정도
2016103000100520,2016년 10월 30일 21시,일요일,제주특별자치도 제주시 이도이동,경상사고,0,0,1,0,차대사람 - 횡단중,안전운전불이행,건조,맑음,단일로 - 기타,기타불명,기타불명,기타불명,기타불명,보행자,여,12세,경상
2016103100100014,2016년 10월 31일 01시,월요일,제주특별자치도 제주시 삼도이동,경상사고,0,0,1,0,차대차 - 추돌,안전거리미확보,건조,맑음,교차로 - 교차로부근,승용,남,39세,상해없음,승용,남,27세,상해없음
2016103100100022,2016년 10월 31일 02시,월요일,제주특별자치도 제주시 애월읍,경상사고,0,0,1,0,차대차 - 기타,안전운전불이행,건조,맑음,단일로 - 기타,승용,남,23세,경상,승용,남,31세,상해없음
2016103100100128,2016년 10월 31일 08시,월요일,제주특별자치도 제주시 이도이동,부상신고사고,0,0,0,1,차대차 - 정면충돌,안전운전불이행,건조,흐림,교차로 - 교차로안,기타불명,기타불명,기타불명,기타불명,자전거,남,13세,부상신고
2016103100100129,2016년 10월 31일 08시,월요일,제주특별자치도 제주시 화북일동,경상사고,0,0,1,0,차대사람 - 횡단중,신호위반,건조,맑음,교차로 - 교차로부근,승용,남,70세,상해없음,보행자,여,8세,경상
2016103100100130,2016년 10월 31일 08시,월요일,제주특별자치도 제주시 노형동,부상신고사고,0,0,0,1,차대사람 - 횡단중,중앙선침범,건조,맑음,단일로 - 기타,자전거,남,12세,기타불명,보행자,여,55세,부상신고
2016103100100216,2016년 10월 31일 11시,월요일,제주특별자치도 제주시 이도이동,부상신고사고,0,0,0,1,차대차 - 측면직각충돌,교차로운행방법위반,건조,흐림,교차로 - 교차로안,원동기,남,77세,부상신고,화물,남,51세,상해없음
2016103100100263,2016년 10월 31일 13시,월요일,제주특별자치도 서귀포시 안덕면,경상사고,0,0,2,0,차대차 - 추돌,안전운전불이행,건조,맑음,교차로 - 교차로부근,승용,남,49세,상해없음,승용,남,35세,경상
2016103100100293,2016년 10월 31일 14시,월요일,제주특별자치도 제주시 이도이동,경상사고,0,0,1,0,차대차 - 정면충돌,교차로운행방법위반,습기,비,교차로 - 교차로안,승용,남,69세,경상,승용,여,47세,상해없음
2016103100100294,2016년 10월 31일 14시,월요일,제주특별자치도 서귀포시 서귀동,경상사고,0,0,1,0,차대사람 - 기타,안전운전불이행,기타,맑음,단일로 - 기타,승용,남,46세,기타불명,보행자,남,23세,경상
2016103100100359,2016년 10월 31일 16시,월요일,제주특별자치도 제주시 삼양일동,경상사고,0,0,1,0,차대차 - 정면충돌,안전거리미확보,건조,맑음,단일로 - 기타,화물,남,39세,상해없음,승용,여,45세,경상
2016103100100360,2016년 10월 31일 16시,월요일,제주특별자치도 제주시 삼도이동,경상사고,0,0,2,0,차대사람 - 기타,안전운전불이행,건조,맑음,단일로 - 기타,승합,남,67세,상해없음,보행자,여,8세,경상
2016103100100512,2016년 10월 31일 19시,월요일,제주특별자치도 서귀포시 토평동,경상사고,0,0,1,0,차대차 - 기타,중앙선침범,건조,맑음,단일로 - 기타,승용,여,44세,상해없음,승용,남,36세,경상
2016103100100513,2016년 10월 31일 19시,월요일,제주특별자치도 제주시 연동,중상사고,0,1,0,0,차대차 - 기타,안전운전불이행,건조,맑음,교차로 - 교차로부근,승용,여,49세,상해없음,이륜,남,35세,중상
2016110100100310,2016년 11월 1일 13시,화요일,제주특별자치도 제주시 연동,경상사고,0,0,2,0,차대차 - 기타,직진우회전진행방해,건조,맑음,교차로 - 교차로안,승용,여,52세,경상,화물,남,44세,경상
2016110100100340,2016년 11월 1일 14시,화요일,제주특별자치도 제주시 이도일동,경상사고,0,0,2,0,차대차 - 정면충돌,안전거리미확보,건조,맑음,단일로 - 기타,승용,남,59세,상해없음,승용,남,64세,상해없음
2016110100100412,2016년 11월 1일 16시,화요일,제주특별자치도 제주시 도남동,경상사고,0,0,1,0,차대사람 - 횡단중,안전운전불이행,건조,맑음,교차로 - 교차로부근,기타불명,기타불명,기타불명,기타불명,보행자,여,7세,경상
2016110100100413,2016년 11월 1일 16시,화요일,제주특별자치도 서귀포시 서귀동,경상사고,0,0,1,0,차대사람 - 횡단중,안전운전불이행,건조,맑음,단일로 - 기타,승용,여,67세,상해없음,보행자,남,7세,경상
2016110100100452,2016년 11월 1일 17시,화요일,제주특별자치도 제주시 조천읍,경상사고,0,0,1,0,차량단독 - 기타,안전운전불이행,건조,흐림,교차로 - 교차로안,승합,남,55세,상해없음,,,,
2016110100100453,2016년 11월 1일 17시,화요일,제주특별자치도 서귀포시 안덕면,중상사고,0,1,3,0,차대차 - 정면충돌,직진우회전진행방해,건조,맑음,교차로 - 교차로안,승용,남,24세,상해없음,승합,남,57세,경상
2016110100100454,2016년 11월 1일 17시,화요일,제주특별자치도 제주시 연동,경상사고,0,0,2,0,차대차 - 기타,교차로운행방법위반,건조,맑음,교차로 - 교차로안,승용,남,31세,경상,화물,남,53세,경상
2016110100100511,2016년 11월 1일 18시,화요일,제주특별자치도 제주시 삼도일동,경상사고,0,0,1,0,차대차 - 추돌,안전운전불이행,건조,맑음,단일로 - 기타,원동기,남,25세,경상,승합,남,53세,상해없음
2016110100100576,2016년 11월 1일 20시,화요일,제주특별자치도 제주시 노형동,경상사고,0,0,1,0,차대차 - 측면충돌,안전운전불이행,건조,맑음,교차로 - 교차로부근,승용,남,46세,상해없음,이륜,남,19세,경상
2016110200100105,2016년 11월 2일 07시,수요일,제주특별자치도 제주시 삼양삼동,경상사고,0,0,1,0,차대사람 - 횡단중,안전운전불이행,건조,맑음,단일로 - 기타,승용,남,45세,상해없음,보행자,남,17세,경상
2016110200100106,2016년 11월 2일 07시,수요일,제주특별자치도 제주시 이도이동,경상사고,0,0,1,1,차대차 - 측면직각충돌,직진우회전진행방해,건조,맑음,교차로 - 교차로안,승용,여,45세,부상신고,화물,남,49세,경상
2016110200100154,2016년 11월 2일 08시,수요일,제주특별자치도 서귀포시 서귀동,중상사고,0,1,1,0,차대차 - 측면직각충돌,직진우회전진행방해,건조,맑음,교차로 - 교차로안,승용,남,22세,상해없음,원동기,남,62세,중상
2016110200100201,2016년 11월 2일 09시,수요일,제주특별자치도 제주시 조천읍,경상사고,0,0,1,0,차대차 - 추돌,안전운전불이행,기타,맑음,단일로 - 기타,이륜,남,84세,경상,승용,남,38세,상해없음
2016110200100202,2016년 11월 2일 09시,수요일,제주특별자치도 제주시 노형동,경상사고,0,0,1,0,차대사람 - 길가장자리구역통행중,안전운전불이행,건조,맑음,단일로 - 기타,화물,남,40세,상해없음,보행자,여,46세,경상
2016110200100203,2016년 11월 2일 09시,수요일,제주특별자치도 제주시 노형동,중상사고,0,1,0,0,차대차 - 측면충돌,직진우회전진행방해,습기,맑음,교차로 - 교차로안,승용,여,45세,상해없음,승용,남,58세,중상
2016110200100293,2016년 11월 2일 12시,수요일,제주특별자치도 서귀포시 동홍동,경상사고,0,0,3,0,차대차 - 추돌,안전운전불이행,건조,흐림,교차로 - 교차로부근,화물,남,42세,경상,승용,남,42세,경상
2016110200100294,2016년 11월 2일 12시,수요일,제주특별자치도 제주시 연동,부상신고사고,0,0,0,1,차대차 - 정면충돌,안전운전불이행,습기,비,단일로 - 기타,원동기,남,24세,부상신고,승용,여,22세,상해없음
2016110200100349,2016년 11월 2일 14시,수요일,제주특별자치도 제주시 노형동,경상사고,0,0,2,0,차대차 - 기타,안전운전불이행,건조,맑음,교차로 - 교차로안,승합,남,62세,상해없음,승용,여,35세,경상
2016110200100444,2016년 11월 2일 17시,수요일,제주특별자치도 제주시 조천읍,경상사고,0,0,4,1,차대차 - 정면충돌,안전운전불이행,건조,기타,단일로 - 기타,승용,남,28세,부상신고,승합,남,45세,경상
2016110200100488,2016년 11월 2일 18시,수요일,제주특별자치도 제주시 삼도일동,경상사고,0,0,1,0,차대차 - 추돌,안전운전불이행,건조,맑음,단일로 - 기타,승용,남,26세,상해없음,승용,남,41세,경상
2016110200100489,2016년 11월 2일 18시,수요일,제주특별자치도 서귀포시 토평동,경상사고,0,0,1,0,차대차 - 측면충돌,안전운전불이행,건조,맑음,단일로 - 기타,승용,남,76세,상해없음,자전거,남,22세,경상
2016110200100623,2016년 11월 2일 22시,수요일,제주특별자치도 제주시 이도일동,경상사고,0,0,1,0,차대차 - 추돌,안전운전불이행,건조,맑음,단일로 - 기타,기타불명,기타불명,기타불명,기타불명,기타불명,남,16세,기타불명
2016110200100624,2016년 11월 2일 22시,수요일,제주특별자치도 제주시 연동,경상사고,0,0,1,1,차대사람 - 횡단중,보행자보호의무위반,건조,흐림,교차로 - 교차로부근,이륜,남,25세,부상신고,보행자,여,26세,경상
2016110200100625,2016년 11월 2일 22시,수요일,제주특별자치도 제주시 연동,경상사고,0,0,1,0,차대사람 - 길가장자리구역통행중,안전운전불이행,건조,맑음,단일로 - 기타,승용,남,54세,기타불명,보행자,남,34세,경상
2016110300100045,2016년 11월 3일 02시,목요일,제주특별자치도 제주시 연동,경상사고,0,0,2,0,차대차 - 측면충돌,교차로운행방법위반,건조,맑음,교차로 - 교차로안,승용,남,17세,경상,승용,남,54세,경상
2016110300100048,2016년 11월 3일 03시,목요일,제주특별자치도 서귀포시 토평동,사망사고,1,0,0,0,차대차 - 추돌,안전운전불이행,건조,맑음,단일로 - 기타,승용,남,34세,사망,승용,여,42세,기타불명
2016110300100049,2016년 11월 3일 03시,목요일,제주특별자치도 서귀포시 성산읍,경상사고,0,0,1,0,차량단독 - 공작물충돌,안전운전불이행,건조,맑음,교차로 - 교차로부근,승용,여,21세,경상,,,,
2016110300100072,2016년 11월 3일 05시,목요일,제주특별자치도 서귀포시 남원읍,사망사고,1,0,0,0,차대사람 - 횡단중,안전운전불이행,건조,맑음,교차로 - 교차로부근,승용,남,30세,상해없음,보행자,여,81세,사망
2016110300100095,2016년 11월 3일 06시,목요일,제주특별자치도 서귀포시 대정읍,중상사고,0,1,0,0,차대차 - 추돌,안전운전불이행,건조,맑음,단일로 - 기타,승용,여,50세,중상,농기계,남,50세,기타불명
2016110300100117,2016년 11월 3일 07시,목요일,제주특별자치도 제주시 구좌읍,경상사고,0,0,1,0,차대차 - 추돌,중앙선침범,건조,맑음,단일로 - 기타,승합,남,54세,기타불명,승용,남,23세,경상
2016110300100152,2016년 11월 3일 08시,목요일,제주특별자치도 제주시 외도일동,경상사고,0,0,1,0,차대차 - 측면충돌,안전운전불이행,건조,맑음,교차로 - 교차로부근,승용,여,36세,상해없음,승용,여,62세,경상
2016110300100182,2016년 11월 3일 09시,목요일,제주특별자치도 제주시 화북일동,경상사고,0,0,1,0,차대차 - 정면충돌,교차로운행방법위반,기타,맑음,교차로 - 교차로부근,화물,남,51세,상해없음,승용,여,47세,경상
2016110300100240,2016년 11월 3일 11시,목요일,제주특별자치도 제주시 일도이동,경상사고,0,0,1,0,차대차 - 측면직각충돌,차로위반,건조,맑음,단일로 - 기타,승용,여,33세,상해없음,이륜,남,46세,경상
2016110300100241,2016년 11월 3일 11시,목요일,제주특별자치도 서귀포시 하원동,중상사고,0,1,0,0,차대차 - 측면직각충돌,신호위반,건조,맑음,교차로 - 교차로안,화물,남,43세,상해없음,특수,남,29세,중상
2016110300100242,2016년 11월 3일 11시,목요일,제주특별자치도 서귀포시 안덕면,경상사고,0,0,2,0,차대차 - 추돌,안전운전불이행,건조,맑음,교차로 - 교차로부근,승용,여,34세,경상,승용,남,45세,상해없음
2016110300100440,2016년 11월 3일 17시,목요일,제주특별자치도 제주시 구좌읍,중상사고,0,2,1,0,차대차 - 정면충돌,안전운전불이행,기타,맑음,단일로 - 기타,승용,남,46세,상해없음,승용,남,37세,중상
2016110300100441,2016년 11월 3일 17시,목요일,제주특별자치도 제주시 연동,부상신고사고,0,0,0,1,차대차 - 측면충돌,안전운전불이행,건조,맑음,교차로 - 교차로부근,승합,남,48세,상해없음,승용,남,35세,부상신고
2016110300100541,2016년 11월 3일 19시,목요일,제주특별자치도 제주시 구좌읍,경상사고,0,0,1,0,차대차 - 정면충돌,중앙선침범,건조,맑음,교차로 - 교차로부근,화물,남,66세,상해없음,화물,남,40세,경상
2016110400100034,2016년 11월 4일 02시,금요일,제주특별자치도 서귀포시 성산읍,경상사고,0,0,1,0,차량단독 - 전도전복,안전운전불이행,건조,맑음,단일로 - 기타,이륜,남,25세,경상,,,,
2016110400100077,2016년 11월 4일 06시,금요일,제주특별자치도 제주시 용담이동,경상사고,0,0,1,0,차대차 - 측면충돌,안전거리미확보,건조,맑음,교차로 - 교차로부근,승용,남,23세,상해없음,승용,남,36세,상해없음
2016110400100094,2016년 11월 4일 07시,금요일,제주특별자치도 제주시 조천읍,경상사고,0,0,1,0,차대차 - 정면충돌,신호위반,건조,맑음,교차로 - 교차로안,승용,남,44세,상해없음,화물,남,45세,상해없음
2016110400100095,2016년 11월 4일 07시,금요일,제주특별자치도 제주시 이도이동,중상사고,0,1,0,0,차대차 - 기타,신호위반,건조,맑음,교차로 - 교차로안,승용,남,46세,상해없음,승합,남,53세,중상
2016110400100314,2016년 11월 4일 14시,금요일,제주특별자치도 제주시 애월읍,중상사고,0,1,1,0,차대차 - 측면직각충돌,안전운전불이행,건조,맑음,단일로 - 기타,승용,남,56세,상해없음,화물,남,38세,경상
2016110400100364,2016년 11월 4일 15시,금요일,제주특별자치도 서귀포시 성산읍,중상사고,0,1,2,0,차대차 - 추돌,안전거리미확보,건조,맑음,단일로 - 기타,승용,여,52세,상해없음,승용,여,40세,경상
2016110400100365,2016년 11월 4일 15시,금요일,제주특별자치도 제주시 연동,경상사고,0,0,1,0,차대사람 - 기타,안전운전불이행,건조,맑음,단일로 - 기타,승용,남,57세,상해없음,보행자,여,55세,경상
2016110400100445,2016년 11월 4일 17시,금요일,제주특별자치도 서귀포시 색달동,경상사고,0,0,1,0,차대차 - 측면직각충돌,교차로운행방법위반,건조,맑음,교차로 - 교차로안,승용,여,56세,상해없음,승용,남,52세,상해없음
2016110400100581,2016년 11월 4일 20시,금요일,제주특별자치도 제주시 연동,경상사고,0,0,1,0,차대차 - 기타,기타,건조,맑음,교차로 - 교차로부근,승용,남,41세,상해없음,이륜,남,51세,경상
2016110400100609,2016년 11월 4일 21시,금요일,제주특별자치도 서귀포시 서호동,중상사고,0,2,0,0,차대차 - 측면충돌,신호위반,건조,맑음,교차로 - 교차로부근,승용,남,52세,상해없음,승용,남,27세,중상
2016110500100012,2016년 11월 5일 00시,토요일,제주특별자치도 제주시 애월읍,경상사고,0,0,1,0,차량단독 - 전도전복,안전운전불이행,건조,맑음,단일로 - 기타,승용,남,45세,경상,,,,
2016110500100063,2016년 11월 5일 03시,토요일,제주특별자치도 제주시 노형동,경상사고,0,0,1,0,차대사람 - 길가장자리구역통행중,안전운전불이행,건조,맑음,단일로 - 기타,승용,남,23세,상해없음,보행자,남,28세,경상
2016110500100189,2016년 11월 5일 09시,토요일,제주특별자치도 제주시 연동,경상사고,0,0,2,3,차대차 - 추돌,안전거리미확보,건조,맑음,단일로 - 기타,승합,남,58세,상해없음,승용,남,31세,부상신고
2016110500100313,2016년 11월 5일 13시,토요일,제주특별자치도 서귀포시 남원읍,경상사고,0,0,2,0,차대차 - 측면직각충돌,직진우회전진행방해,건조,맑음,교차로 - 교차로안,승용,남,42세,경상,화물,남,74세,상해없음
2016110500100355,2016년 11월 5일 14시,토요일,제주특별자치도 제주시 용담이동,경상사고,0,0,2,0,차대차 - 기타,직진우회전진행방해,건조,맑음,교차로 - 교차로안,승용,남,72세,경상,승용,남,25세,경상
2016110500100390,2016년 11월 5일 15시,토요일,제주특별자치도 제주시 아라이동,경상사고,0,0,1,0,차대사람 - 횡단중,보행자보호의무위반,건조,맑음,단일로 - 횡단보도상,승용,여,24세,상해없음,보행자,남,16세,경상
2016110500100446,2016년 11월 5일 17시,토요일,제주특별자치도 제주시 삼도일동,경상사고,0,0,1,0,차대차 - 측면직각충돌,교차로운행방법위반,건조,맑음,교차로 - 교차로안,승용,남,61세,상해없음,승용,남,58세,상해없음
2016110500100447,2016년 11월 5일 17시,토요일,제주특별자치도 서귀포시 대정읍,중상사고,0,1,0,0,차대차 - 측면직각충돌,안전운전불이행,건조,맑음,단일로 - 횡단보도상,화물,남,56세,상해없음,자전거,남,83세,중상
2016110500100491,2016년 11월 5일 18시,토요일,제주특별자치도 제주시 도남동,경상사고,0,0,3,1,차대차 - 정면충돌,안전운전불이행,건조,맑음,단일로 - 기타,승용,남,27세,상해없음,승합,남,55세,상해없음
2016110500100523,2016년 11월 5일 19시,토요일,제주특별자치도 제주시 이도이동,경상사고,0,0,1,0,차대차 - 정면충돌,안전운전불이행,건조,맑음,단일로 - 횡단보도상,승용,여,46세,상해없음,자전거,남,17세,경상
2016110500100524,2016년 11월 5일 19시,토요일,제주특별자치도 제주시 화북일동,중상사고,0,1,0,0,차대차 - 기타,신호위반,건조,기타,교차로 - 교차로안,이륜,남,16세,상해없음,이륜,남,50세,중상
2016110500100525,2016년 11월 5일 19시,토요일,제주특별자치도 제주시 노형동,경상사고,0,0,1,0,차대사람 - 횡단중,보행자보호의무위반,건조,맑음,단일로 - 횡단보도상,승용,남,20세,상해없음,보행자,남,49세,경상
2016110500100622,2016년 11월 5일 22시,토요일,제주특별자치도 제주시 도련일동,경상사고,0,0,1,0,차대차 - 정면충돌,신호위반,건조,맑음,교차로 - 교차로안,승합,남,47세,상해없음,승용,여,24세,경상
2016110500100653,2016년 11월 5일 23시,토요일,제주특별자치도 제주시 화북일동,경상사고,0,0,2,0,차대차 - 정면충돌,안전거리미확보,건조,맑음,단일로 - 기타,승용,남,53세,기타불명,승용,여,45세,경상
2016110600100115,2016년 11월 6일 08시,일요일,제주특별자치도 제주시 연동,부상신고사고,0,0,0,1,차대차 - 측면충돌,불법유턴,건조,맑음,교차로 - 교차로안,이륜,남,21세,부상신고,승용,남,43세,상해없음
2016110600100221,2016년 11월 6일 13시,일요일,제주특별자치도 제주시 아라일동,경상사고,0,0,1,0,차대차 - 측면직각충돌,기타,건조,맑음,단일로 - 기타,승용,여,40세,상해없음,원동기,남,72세,경상
2016110700100070,2016년 11월 7일 06시,월요일,제주특별자치도 제주시 일도이동,경상사고,0,0,1,0,차대차 - 측면직각충돌,안전거리미확보,건조,맑음,단일로 - 기타,승용,남,78세,상해없음,승용,남,65세,경상
2016110700100128,2016년 11월 7일 08시,월요일,제주특별자치도 제주시 일도이동,중상사고,0,1,0,0,차대차 - 정면충돌,안전운전불이행,건조,맑음,교차로 - 교차로안,승용,여,54세,상해없음,자전거,남,9세,중상
2016110700100129,2016년 11월 7일 08시,월요일,제주특별자치도 제주시 조천읍,경상사고,0,0,1,0,차대차 - 추돌,안전거리미확보,기타,맑음,단일로 - 기타,승용,남,50세,상해없음,승용,여,35세,경상
2016110700100160,2016년 11월 7일 09시,월요일,제주특별자치도 서귀포시 상예동,경상사고,0,0,1,0,차대차 - 측면직각충돌,안전거리미확보,건조,맑음,단일로 - 교량,화물,남,51세,상해없음,승용,남,23세,경상
2016110700100229,2016년 11월 7일 11시,월요일,제주특별자치도 제주시 오라일동,경상사고,0,0,1,0,차대사람 - 길가장자리구역통행중,안전운전불이행,건조,맑음,단일로 - 기타,화물,남,33세,상해없음,보행자,여,53세,경상
2016110700100230,2016년 11월 7일 11시,월요일,제주특별자치도 제주시 아라일동,중상사고,0,1,0,0,차대사람 - 횡단중,안전운전불이행,건조,맑음,교차로 - 교차로안,승용,남,34세,상해없음,보행자,여,23세,중상
2016110700100231,2016년 11월 7일 11시,월요일,제주특별자치도 제주시 일도일동,경상사고,0,0,1,0,차대사람 - 횡단중,보행자보호의무위반,건조,맑음,단일로 - 횡단보도상,승용,여,29세,상해없음,보행자,여,59세,경상
2016110700100253,2016년 11월 7일 12시,월요일,제주특별자치도 서귀포시 서귀동,경상사고,0,0,2,0,차대차 - 기타,안전거리미확보,건조,맑음,단일로 - 기타,승용,남,73세,기타불명,승용,남,36세,경상
2016110700100254,2016년 11월 7일 12시,월요일,제주특별자치도 제주시 용담이동,경상사고,0,0,1,0,차대사람 - 횡단중,안전운전불이행,건조,맑음,단일로 - 기타,승용,남,65세,상해없음,보행자,남,43세,경상
2016110700100255,2016년 11월 7일 12시,월요일,제주특별자치도 제주시 용담이동,경상사고,0,0,1,0,차대사람 - 횡단중,보행자보호의무위반,건조,맑음,교차로 - 교차로부근,승용,남,55세,상해없음,보행자,여,80세,경상
2016110700100280,2016년 11월 7일 13시,월요일,제주특별자치도 제주시 이도이동,경상사고,0,0,1,0,차대차 - 정면충돌,안전거리미확보,건조,맑음,단일로 - 기타,원동기,남,59세,경상,승용,남,42세,상해없음
2016110700100281,2016년 11월 7일 13시,월요일,제주특별자치도 제주시 일도이동,경상사고,0,0,1,0,차대사람 - 기타,안전운전불이행,건조,맑음,단일로 - 기타,농기계,남,44세,상해없음,보행자,여,56세,경상
2016110700100316,2016년 11월 7일 14시,월요일,제주특별자치도 제주시 조천읍,중상사고,0,2,4,0,차대차 - 정면충돌,안전거리미확보,건조,맑음,단일로 - 기타,승용,남,60세,상해없음,화물,남,47세,중상
2016110700100374,2016년 11월 7일 16시,월요일,제주특별자치도 제주시 조천읍,경상사고,0,0,1,0,차대차 - 정면충돌,직진우회전진행방해,건조,맑음,교차로 - 교차로안,화물,남,63세,상해없음,승용,여,41세,경상
2016110700100497,2016년 11월 7일 18시,월요일,제주특별자치도 제주시 삼도일동,경상사고,0,0,1,0,차대차 - 정면충돌,안전운전불이행,건조,맑음,단일로 - 기타,승용,남,24세,상해없음,이륜,남,31세,경상
2016110700100555,2016년 11월 7일 19시,월요일,제주특별자치도 제주시 용담이동,경상사고,0,0,1,0,차대차 - 기타,교차로운행방법위반,건조,맑음,교차로 - 교차로부근,승용,여,62세,상해없음,승합,남,53세,상해없음
2016110700100587,2016년 11월 7일 20시,월요일,제주특별자치도 제주시 연동,중상사고,0,1,0,0,차대차 - 측면충돌,직진우회전진행방해,건조,맑음,교차로 - 교차로안,승용,여,48세,상해없음,이륜,남,31세,중상
2016110700100624,2016년 11월 7일 21시,월요일,제주특별자치도 서귀포시 서홍동,경상사고,0,0,1,0,차대차 - 측면직각충돌,신호위반,건조,맑음,교차로 - 교차로안,자전거,남,13세,경상,승용,여,36세,상해없음
2016110800100074,2016년 11월 8일 06시,화요일,제주특별자치도 제주시 도두일동,경상사고,0,0,1,0,차대차 - 기타,안전거리미확보,습기,비,교차로 - 교차로안,화물,남,65세,상해없음,승용,여,52세,경상
2016110800100121,2016년 11월 8일 08시,화요일,제주특별자치도 제주시 아라일동,중상사고,0,1,0,0,차대사람 - 길가장자리구역통행중,안전운전불이행,건조,흐림,교차로 - 교차로부근,승용,여,25세,상해없음,보행자,여,69세,중상
2016110800100160,2016년 11월 8일 09시,화요일,제주특별자치도 서귀포시 남원읍,경상사고,0,0,1,0,차대차 - 정면충돌,중앙선침범,습기,흐림,단일로 - 기타,승용,여,54세,상해없음,화물,남,49세,경상
2016110800100161,2016년 11월 8일 09시,화요일,제주특별자치도 제주시 오라이동,경상사고,0,0,1,0,차대차 - 추돌,안전운전불이행,습기,비,단일로 - 기타,승용,남,40세,상해없음,승용,남,47세,상해없음
2016110800100234,2016년 11월 8일 12시,화요일,제주특별자치도 제주시 삼양이동,경상사고,0,0,1,0,차대차 - 정면충돌,차로위반,건조,맑음,교차로 - 교차로부근,화물,남,39세,상해없음,승용,여,35세,경상
2016110800100269,2016년 11월 8일 13시,화요일,제주특별자치도 제주시 도남동,경상사고,0,0,1,0,차대사람 - 횡단중,안전운전불이행,건조,맑음,교차로 - 교차로부근,승합,남,52세,상해없음,보행자,여,48세,경상
2016110800100270,2016년 11월 8일 13시,화요일,제주특별자치도 제주시 애월읍,중상사고,0,1,0,0,차대차 - 기타,신호위반,건조,맑음,교차로 - 교차로안,화물,남,52세,상해없음,승용,여,73세,중상
2016110800100295,2016년 11월 8일 14시,화요일,제주특별자치도 제주시 도남동,중상사고,0,1,0,0,차대차 - 정면충돌,안전거리미확보,건조,맑음,단일로 - 기타,이륜,남,23세,중상,승합,남,52세,상해없음
2016110800100333,2016년 11월 8일 15시,화요일,제주특별자치도 제주시 연동,경상사고,0,0,1,0,차대차 - 측면직각충돌,직진우회전진행방해,건조,맑음,교차로 - 교차로안,화물,남,27세,상해없음,승용,남,31세,경상
2016110800100411,2016년 11월 8일 17시,화요일,제주특별자치도 제주시 일도일동,중상사고,0,1,0,0,차대사람 - 횡단중,보행자보호의무위반,건조,맑음,단일로 - 기타,화물,여,75세,상해없음,보행자,여,74세,중상
2016110800100412,2016년 11월 8일 17시,화요일,제주특별자치도 제주시 일도이동,경상사고,0,0,1,0,차대사람 - 길가장자리구역통행중,안전운전불이행,건조,맑음,단일로 - 기타,화물,남,70세,상해없음,보행자,여,16세,경상
2016110800100413,2016년 11월 8일 17시,화요일,제주특별자치도 서귀포시 호근동,경상사고,0,0,1,0,차대차 - 추돌,안전거리미확보,건조,맑음,단일로 - 기타,화물,남,61세,상해없음,승용,남,36세,경상
2016110800100472,2016년 11월 8일 18시,화요일,제주특별자치도 서귀포시 호근동,중상사고,0,1,0,0,차대차 - 추돌,안전거리미확보,건조,맑음,단일로 - 기타,화물,남,37세,상해없음,승용,남,37세,중상
2016110800100516,2016년 11월 8일 19시,화요일,제주특별자치도 서귀포시 성산읍,경상사고,0,0,2,0,차량단독 - 도로외이탈 - 기타,안전운전불이행,기타,맑음,기타 - 기타,승용,여,32세,상해없음,,,,
2016110800100517,2016년 11월 8일 19시,화요일,제주특별자치도 서귀포시 안덕면,경상사고,0,0,2,0,차대차 - 측면충돌,직진우회전진행방해,건조,맑음,교차로 - 교차로안,승용,남,22세,상해없음,승용,남,45세,경상
2016110800100579,2016년 11월 8일 21시,화요일,제주특별자치도 제주시 노형동,경상사고,0,0,1,0,차대차 - 추돌,안전운전불이행,건조,맑음,기타 - 기타,승용,남,45세,상해없음,승용,여,55세,경상
2016110900100072,2016년 11월 9일 06시,수요일,제주특별자치도 제주시 삼도일동,경상사고,0,0,1,0,차대차 - 추돌,안전운전불이행,습기,흐림,단일로 - 기타,화물,남,59세,상해없음,승용,여,32세,경상
2016110900100073,2016년 11월 9일 06시,수요일,제주특별자치도 서귀포시 안덕면,경상사고,0,0,2,0,차대차 - 측면충돌,신호위반,건조,맑음,교차로 - 교차로안,승합,남,55세,상해없음,승용,여,61세,경상
2016110900100139,2016년 11월 9일 08시,수요일,제주특별자치도 제주시 일도이동,경상사고,0,0,1,0,차대차 - 측면충돌,안전거리미확보,건조,맑음,단일로 - 기타,승용,남,64세,상해없음,승용,여,36세,경상
2016110900100222,2016년 11월 9일 10시,수요일,제주특별자치도 제주시 연동,경상사고,0,0,1,0,차대차 - 기타,안전운전불이행,건조,맑음,단일로 - 기타,원동기,남,33세,경상,승용,남,61세,상해없음
2016110900100300,2016년 11월 9일 12시,수요일,제주특별자치도 제주시 애월읍,경상사고,0,0,3,0,차대차 - 추돌,안전운전불이행,건조,맑음,교차로 - 교차로부근,화물,남,55세,기타불명,승합,남,73세,경상
2016110900100337,2016년 11월 9일 13시,수요일,제주특별자치도 제주시 일도일동,경상사고,0,0,1,0,차대차 - 측면충돌,안전거리미확보,건조,맑음,단일로 - 기타,승용,남,34세,경상,화물,남,66세,상해없음
2016110900100398,2016년 11월 9일 15시,수요일,제주특별자치도 서귀포시 강정동,경상사고,0,0,1,0,차대차 - 측면직각충돌,직진우회전진행방해,건조,맑음,교차로 - 교차로안,원동기,여,81세,경상,화물,남,56세,상해없음