사고번호,사고일시,요일,시군구,사고내용,사망자수,중상자수,경상자수,부상신고자수,사고유형,법규위반,노면상태,기상상태,도로형태,가해운전자 차종,가해운전자 성별,가해운전자 연령,가해운전자 상해정도,피해운전자 차종,피해운전자 성별,피해운전자 연령,피해운전자 상해정도
2016110900100399,2016년 11월 9일 15시,수요일,제주특별자치도 서귀포시 대정읍,부상신고사고,0,0,0,1,차대차 - 측면직각충돌,직진우회전진행방해,건조,맑음,교차로 - 교차로안,원동기,남,72세,부상신고,승용,여,50세,상해없음
2016110900100400,2016년 11월 9일 15시,수요일,제주특별자치도 서귀포시 호근동,경상사고,0,0,1,0,차대차 - 측면충돌,직진우회전진행방해,건조,맑음,교차로 - 교차로안,화물,남,70세,상해없음,승합,여,41세,경상
2016110900100425,2016년 11월 9일 16시,수요일,제주특별자치도 제주시 연동,부상신고사고,0,0,0,2,차대차 - 기타,교차로운행방법위반,건조,맑음,교차로 - 교차로안,승용,여,63세,상해없음,승합,남,45세,부상신고
2016110900100453,2016년 11월 9일 17시,수요일,제주특별자치도 서귀포시 신효동,중상사고,0,1,0,1,차대차 - 측면직각충돌,직진우회전진행방해,건조,맑음,교차로 - 교차로안,승용,여,57세,부상신고,승용,여,36세,중상
2016110900100454,2016년 11월 9일 17시,수요일,제주특별자치도 서귀포시 남원읍,경상사고,0,0,1,1,차대차 - 추돌,안전운전불이행,건조,맑음,단일로 - 기타,승용,남,34세,상해없음,화물,남,45세,부상신고
2016110900100455,2016년 11월 9일 17시,수요일,제주특별자치도 제주시 연동,경상사고,0,0,1,0,차대차 - 추돌,안전거리미확보,건조,맑음,단일로 - 기타,승용,남,51세,기타불명,승용,여,46세,경상
2016110900100552,2016년 11월 9일 19시,수요일,제주특별자치도 서귀포시 회수동,경상사고,0,0,1,0,차대차 - 측면충돌,교차로운행방법위반,건조,맑음,교차로 - 교차로안,승용,남,61세,상해없음,승용,여,34세,경상
2016110900100553,2016년 11월 9일 19시,수요일,제주특별자치도 제주시 내도동,중상사고,0,1,0,0,차대차 - 기타,안전운전불이행,건조,맑음,단일로 - 기타,승합,남,51세,상해없음,원동기,남,18세,중상
2016110900100591,2016년 11월 9일 20시,수요일,제주특별자치도 서귀포시 서귀동,경상사고,0,0,2,0,차대사람 - 기타,안전운전불이행,건조,맑음,단일로 - 기타,승합,남,44세,상해없음,보행자,여,56세,상해없음
2016110900100664,2016년 11월 9일 23시,수요일,제주특별자치도 제주시 삼양이동,중상사고,0,1,1,0,차대차 - 측면직각충돌,신호위반,건조,맑음,교차로 - 교차로안,승용,여,24세,경상,원동기,남,17세,중상
2016110900100665,2016년 11월 9일 23시,수요일,제주특별자치도 서귀포시 중문동,중상사고,0,1,0,0,차대사람 - 횡단중,안전운전불이행,건조,기타,단일로 - 기타,승용,남,30세,상해없음,보행자,남,43세,중상
2016111000100030,2016년 11월 10일 02시,목요일,제주특별자치도 제주시 화북일동,경상사고,0,0,1,0,차대사람 - 보도통행중,안전운전불이행,건조,맑음,단일로 - 기타,기타불명,기타불명,기타불명,기타불명,보행자,남,45세,경상
2016111000100031,2016년 11월 10일 02시,목요일,제주특별자치도 제주시 일도이동,중상사고,0,1,0,0,차대사람 - 길가장자리구역통행중,안전운전불이행,건조,맑음,교차로 - 교차로안,승용,남,22세,상해없음,보행자,남,60세,중상
2016111000100185,2016년 11월 10일 10시,목요일,제주특별자치도 제주시 일도일동,경상사고,0,0,1,0,차대사람 - 횡단중,안전운전불이행,습기,비,단일로 - 횡단보도상,승용,남,35세,상해없음,보행자,남,42세,경상
2016111000100279,2016년 11월 10일 14시,목요일,제주특별자치도 제주시 오등동,경상사고,0,0,3,0,차대차 - 정면충돌,직진우회전진행방해,습기,비,교차로 - 교차로안,화물,남,51세,경상,승용,남,56세,경상
2016111000100280,2016년 11월 10일 14시,목요일,제주특별자치도 제주시 연동,경상사고,0,0,1,0,차대사람 - 횡단중,신호위반,습기,흐림,단일로 - 횡단보도상,화물,여,58세,상해없음,보행자,남,9세,경상
2016111000100391,2016년 11월 10일 17시,목요일,제주특별자치도 서귀포시 서홍동,경상사고,0,0,1,0,차대사람 - 길가장자리구역통행중,안전운전불이행,건조,맑음,단일로 - 기타,승용,여,61세,상해없음,보행자,여,32세,경상
2016111000100392,2016년 11월 10일 17시,목요일,제주특별자치도 서귀포시 서홍동,경상사고,0,0,1,0,차대차 - 기타,안전거리미확보,건조,맑음,단일로 - 기타,승용,남,71세,상해없음,원동기,남,27세,경상
2016111000100456,2016년 11월 10일 18시,목요일,제주특별자치도 제주시 삼도일동,경상사고,0,0,1,0,차대사람 - 기타,안전운전불이행,기타,맑음,단일로 - 기타,승용,남,29세,상해없음,보행자,남,59세,경상
2016111000100457,2016년 11월 10일 18시,목요일,제주특별자치도 제주시 삼도이동,중상사고,0,1,0,0,차대사람 - 횡단중,보행자보호의무위반,습기,비,단일로 - 기타,승용,여,25세,상해없음,보행자,여,35세,중상
2016111000100458,2016년 11월 10일 18시,목요일,제주특별자치도 서귀포시 대포동,중상사고,0,1,1,0,차대차 - 정면충돌,중앙선침범,습기,흐림,단일로 - 기타,승용,여,33세,경상,승용,여,42세,중상
2016111000100459,2016년 11월 10일 18시,목요일,제주특별자치도 제주시 한림읍,경상사고,0,0,2,0,차대차 - 측면충돌,중앙선침범,습기,흐림,단일로 - 기타,승용,남,28세,경상,승용,남,54세,경상
2016111000100460,2016년 11월 10일 18시,목요일,제주특별자치도 제주시 연동,경상사고,0,0,1,0,차대차 - 측면충돌,교차로운행방법위반,습기,비,교차로 - 교차로안,승용,남,46세,상해없음,승용,여,36세,경상
2016111000100556,2016년 11월 10일 20시,목요일,제주특별자치도 제주시 노형동,경상사고,0,0,1,1,차대차 - 정면충돌,중앙선침범,습기,흐림,교차로 - 교차로부근,승용,남,52세,부상신고,승용,여,47세,상해없음
2016111000100591,2016년 11월 10일 21시,목요일,제주특별자치도 제주시 연동,경상사고,0,0,1,0,차대차 - 정면충돌,안전운전불이행,건조,맑음,단일로 - 기타,승합,남,27세,상해없음,승용,여,28세,경상
2016111100100119,2016년 11월 11일 06시,금요일,제주특별자치도 제주시 봉개동,경상사고,0,0,1,0,차대사람 - 횡단중,신호위반,건조,맑음,단일로 - 횡단보도상,기타불명,기타불명,기타불명,기타불명,보행자,남,60세,경상
2016111100100142,2016년 11월 11일 07시,금요일,제주특별자치도 서귀포시 남원읍,부상신고사고,0,0,0,1,차량단독 - 전도전복,안전운전불이행,건조,맑음,교차로 - 교차로부근,승용,남,21세,부상신고,,,,
2016111100100143,2016년 11월 11일 07시,금요일,제주특별자치도 서귀포시 표선면,중상사고,0,1,0,0,차대차 - 측면직각충돌,신호위반,건조,맑음,교차로 - 교차로안,승용,여,60세,중상,승용,남,66세,상해없음
2016111100100186,2016년 11월 11일 08시,금요일,제주특별자치도 제주시 도평동,중상사고,0,1,0,0,차대사람 - 횡단중,보행자보호의무위반,건조,맑음,교차로 - 교차로부근,승용,여,32세,상해없음,보행자,남,9세,중상
2016111100100409,2016년 11월 11일 14시,금요일,제주특별자치도 서귀포시 색달동,중상사고,0,1,0,0,차대차 - 측면충돌,교차로운행방법위반,건조,맑음,교차로 - 교차로안,승용,남,47세,상해없음,이륜,남,47세,중상
2016111100100484,2016년 11월 11일 16시,금요일,제주특별자치도 제주시 이도이동,중상사고,0,1,1,0,차대차 - 측면직각충돌,신호위반,건조,맑음,교차로 - 교차로안,승용,남,55세,상해없음,승용,남,72세,중상
2016111100100524,2016년 11월 11일 17시,금요일,제주특별자치도 제주시 건입동,경상사고,0,0,1,0,차대차 - 정면충돌,신호위반,건조,맑음,교차로 - 교차로안,이륜,남,65세,경상,승용,남,33세,상해없음
2016111100100525,2016년 11월 11일 17시,금요일,제주특별자치도 제주시 연동,중상사고,0,1,0,1,차대차 - 추돌,안전거리미확보,건조,맑음,단일로 - 기타,화물,남,30세,상해없음,화물,남,54세,중상
2016111100100601,2016년 11월 11일 18시,금요일,제주특별자치도 제주시 아라이동,중상사고,0,1,0,0,차대차 - 추돌,안전운전불이행,건조,맑음,교차로 - 교차로부근,승용,남,50세,상해없음,승용,여,39세,중상
2016111100100602,2016년 11월 11일 18시,금요일,제주특별자치도 서귀포시 남원읍,중상사고,0,1,3,0,차대차 - 추돌,안전운전불이행,건조,맑음,단일로 - 기타,승용,남,52세,상해없음,승용,여,49세,경상
2016111200100317,2016년 11월 12일 13시,토요일,제주특별자치도 제주시 도남동,경상사고,0,0,1,0,차대차 - 추돌,안전거리미확보,건조,맑음,교차로 - 교차로부근,승용,남,64세,상해없음,승용,여,54세,경상
2016111200100318,2016년 11월 12일 13시,토요일,제주특별자치도 서귀포시 남원읍,중상사고,0,1,1,0,차대차 - 기타,직진우회전진행방해,건조,맑음,교차로 - 교차로안,원동기,남,23세,중상,승용,여,36세,상해없음
2016111200100430,2016년 11월 12일 16시,토요일,제주특별자치도 제주시 회천동,중상사고,0,2,3,0,차대차 - 측면직각충돌,안전거리미확보,건조,맑음,단일로 - 기타,승용,남,54세,경상,승용,남,32세,중상
2016111200100431,2016년 11월 12일 16시,토요일,제주특별자치도 제주시 삼도일동,경상사고,0,0,1,0,차대사람 - 기타,보행자보호의무위반,기타,맑음,교차로 - 교차로부근,승용,여,62세,상해없음,보행자,여,5세,경상
2016111200100470,2016년 11월 12일 17시,토요일,제주특별자치도 제주시 구좌읍,경상사고,0,0,1,0,차대차 - 정면충돌,안전운전불이행,건조,맑음,단일로 - 기타,승용,남,28세,상해없음,건설기계,남,49세,상해없음
2016111200100471,2016년 11월 12일 17시,토요일,제주특별자치도 제주시 연동,중상사고,0,1,1,0,차대차 - 측면직각충돌,교차로운행방법위반,건조,맑음,교차로 - 교차로안,승용,남,50세,상해없음,이륜,남,23세,중상
2016111200100510,2016년 11월 12일 18시,토요일,제주특별자치도 서귀포시 서귀동,경상사고,0,0,1,0,차대사람 - 기타,안전운전불이행,건조,맑음,단일로 - 기타,원동기,남,41세,상해없음,보행자,여,51세,경상
2016111200100511,2016년 11월 12일 18시,토요일,제주특별자치도 제주시 연동,경상사고,0,0,1,0,차대차 - 기타,안전운전불이행,기타,맑음,교차로 - 교차로안,기타불명,기타불명,기타불명,기타불명,승용,여,25세,경상
2016111200100548,2016년 11월 12일 19시,토요일,제주특별자치도 제주시 삼양이동,중상사고,0,1,0,0,차대차 - 정면충돌,중앙선침범,건조,맑음,단일로 - 기타,이륜,남,29세,상해없음,원동기,남,18세,중상
2016111200100549,2016년 11월 12일 19시,토요일,제주특별자치도 제주시 이도이동,경상사고,0,0,1,0,차대차 - 정면충돌,직진우회전진행방해,건조,맑음,교차로 - 교차로안,승용,남,53세,상해없음,원동기,남,34세,경상
2016111200100574,2016년 11월 12일 20시,토요일,제주특별자치도 제주시 조천읍,경상사고,0,0,3,0,차대차 - 정면충돌,안전거리미확보,건조,맑음,단일로 - 기타,화물,남,52세,상해없음,승용,남,27세,경상
2016111200100575,2016년 11월 12일 20시,토요일,제주특별자치도 서귀포시 표선면,중상사고,0,1,1,0,차대차 - 추돌,안전운전불이행,건조,맑음,교차로 - 교차로안,승용,남,37세,상해없음,승용,남,48세,경상
2016111200100628,2016년 11월 12일 22시,토요일,제주특별자치도 서귀포시 표선면,경상사고,0,0,3,0,차대차 - 추돌,안전거리미확보,건조,맑음,단일로 - 기타,승용,남,30세,상해없음,승용,남,25세,경상
2016111300100086,2016년 11월 13일 06시,일요일,제주특별자치도 제주시 연동,경상사고,0,0,1,0,차대차 - 추돌,안전거리미확보,건조,맑음,단일로 - 기타,승용,남,32세,상해없음,승용,여,48세,경상
2016111300100101,2016년 11월 13일 07시,일요일,제주특별자치도 제주시 한림읍,경상사고,0,0,1,0,차대차 - 측면충돌,신호위반,건조,맑음,교차로 - 교차로안,승용,남,55세,상해없음,승용,여,48세,경상
2016111300100135,2016년 11월 13일 09시,일요일,제주특별자치도 제주시 아라일동,경상사고,0,0,2,0,차대차 - 정면충돌,안전거리미확보,건조,흐림,단일로 - 기타,승용,남,47세,상해없음,승용,여,42세,상해없음
2016111300100166,2016년 11월 13일 10시,일요일,제주특별자치도 제주시 화북일동,중상사고,0,1,0,0,차대사람 - 기타,기타,건조,맑음,단일로 - 기타,승용,여,43세,상해없음,보행자,여,81세,중상
2016111300100192,2016년 11월 13일 11시,일요일,제주특별자치도 제주시 애월읍,경상사고,0,0,1,0,차대차 - 기타,안전운전불이행,건조,맑음,단일로 - 기타,승용,남,61세,상해없음,자전거,남,39세,경상
2016111300100193,2016년 11월 13일 11시,일요일,제주특별자치도 제주시 용담이동,경상사고,0,0,1,0,차대차 - 기타,안전운전불이행,건조,맑음,교차로 - 교차로부근,승용,여,28세,상해없음,원동기,여,36세,경상
2016111300100215,2016년 11월 13일 12시,일요일,제주특별자치도 제주시 이도이동,중상사고,0,1,0,0,차대사람 - 횡단중,안전운전불이행,건조,맑음,교차로 - 교차로부근,승용,남,63세,상해없음,보행자,여,6세,중상
2016111300100234,2016년 11월 13일 13시,일요일,제주특별자치도 서귀포시 서호동,중상사고,0,1,3,0,차대차 - 측면직각충돌,직진우회전진행방해,건조,맑음,교차로 - 교차로안,승합,여,47세,경상,승용,남,34세,경상
2016111300100311,2016년 11월 13일 16시,일요일,제주특별자치도 서귀포시 서귀동,중상사고,0,1,0,0,차대사람 - 기타,안전운전불이행,습기,비,기타 - 기타,승용,여,24세,상해없음,보행자,남,50세,중상
2016111300100349,2016년 11월 13일 17시,일요일,제주특별자치도 제주시 노형동,경상사고,0,0,1,0,차대차 - 측면직각충돌,교차로운행방법위반,습기,비,교차로 - 교차로안,승용,남,30세,상해없음,이륜,남,34세,경상
2016111300100402,2016년 11월 13일 18시,일요일,제주특별자치도 제주시 조천읍,경상사고,0,0,1,0,차량단독 - 전도전복,안전운전불이행,습기,비,단일로 - 기타,승용,남,18세,상해없음,,,,
2016111300100403,2016년 11월 13일 18시,일요일,제주특별자치도 서귀포시 성산읍,경상사고,0,0,2,0,차대차 - 추돌,안전운전불이행,건조,맑음,단일로 - 기타,승용,여,34세,상해없음,승용,여,39세,경상
2016111300100436,2016년 11월 13일 19시,일요일,제주특별자치도 제주시 조천읍,경상사고,0,0,1,0,차대차 - 정면충돌,신호위반,건조,흐림,교차로 - 교차로안,화물,남,41세,상해없음,승용,남,56세,경상
2016111300100437,2016년 11월 13일 19시,일요일,제주특별자치도 제주시 한림읍,중상사고,0,1,2,0,차대차 - 추돌,안전운전불이행,습기,비,단일로 - 기타,화물,남,63세,중상,화물,남,66세,경상
2016111300100502,2016년 11월 13일 21시,일요일,제주특별자치도 제주시 봉개동,사망사고,1,0,0,0,차대사람 - 횡단중,과속,습기,비,단일로 - 기타,승용,남,39세,상해없음,보행자,여,48세,사망
2016111300100503,2016년 11월 13일 21시,일요일,제주특별자치도 서귀포시 강정동,경상사고,0,0,1,0,차대차 - 측면직각충돌,안전운전불이행,습기,비,교차로 - 교차로안,승용,남,40세,상해없음,승용,여,50세,경상
2016111300100504,2016년 11월 13일 21시,일요일,제주특별자치도 제주시 연동,경상사고,0,0,1,0,차대차 - 기타,안전거리미확보,건조,맑음,교차로 - 교차로부근,승용,남,56세,상해없음,이륜,남,41세,경상
2016111300100526,2016년 11월 13일 22시,일요일,제주특별자치도 서귀포시 동홍동,중상사고,0,1,0,0,차대사람 - 기타,안전운전불이행,습기,비,단일로 - 기타,이륜,남,47세,상해없음,보행자,여,48세,중상
2016111300100547,2016년 11월 13일 23시,일요일,제주특별자치도 서귀포시 성산읍,경상사고,0,0,1,0,차대차 - 정면충돌,안전운전불이행,습기,비,단일로 - 기타,승용,남,26세,상해없음,승용,남,19세,경상
2016111400100040,2016년 11월 14일 05시,월요일,제주특별자치도 서귀포시 표선면,경상사고,0,0,2,0,차대차 - 측면직각충돌,안전운전불이행,습기,비,교차로 - 교차로안,승용,남,53세,경상,승용,남,75세,경상
2016111400100215,2016년 11월 14일 10시,월요일,제주특별자치도 제주시 연동,경상사고,0,0,1,0,차대차 - 추돌,안전운전불이행,건조,맑음,단일로 - 기타,승용,남,28세,기타불명,승용,여,60세,경상
2016111400100280,2016년 11월 14일 12시,월요일,제주특별자치도 서귀포시 남원읍,경상사고,0,0,4,0,차대차 - 측면충돌,중앙선침범,습기,흐림,단일로 - 기타,화물,남,46세,상해없음,승용,남,49세,경상
2016111400100309,2016년 11월 14일 13시,월요일,제주특별자치도 서귀포시 성산읍,중상사고,0,1,0,0,차량단독 - 전도전복,안전운전불이행,건조,맑음,단일로 - 기타,승용,남,44세,중상,,,,
2016111400100339,2016년 11월 14일 14시,월요일,제주특별자치도 서귀포시 중문동,경상사고,0,0,1,0,차대차 - 측면직각충돌,신호위반,건조,맑음,교차로 - 교차로안,화물,여,54세,상해없음,화물,남,56세,경상
2016111400100457,2016년 11월 14일 17시,월요일,제주특별자치도 서귀포시 안덕면,부상신고사고,0,0,0,1,차대차 - 측면직각충돌,직진우회전진행방해,건조,맑음,교차로 - 교차로안,승용,여,44세,상해없음,승용,여,73세,부상신고
2016111400100458,2016년 11월 14일 17시,월요일,제주특별자치도 서귀포시 남원읍,경상사고,0,0,2,2,차대차 - 추돌,안전거리미확보,습기,비,단일로 - 기타,승용,남,39세,상해없음,승용,남,43세,경상
2016111400100459,2016년 11월 14일 17시,월요일,제주특별자치도 제주시 연동,부상신고사고,0,0,0,1,차대차 - 측면충돌,직진우회전진행방해,건조,맑음,교차로 - 교차로안,승용,남,25세,상해없음,승용,남,27세,부상신고
2016111400100513,2016년 11월 14일 18시,월요일,제주특별자치도 제주시 조천읍,경상사고,0,0,1,0,차대차 - 추돌,안전운전불이행,기타,맑음,단일로 - 기타,화물,남,59세,상해없음,승용,남,38세,경상
2016111400100514,2016년 11월 14일 18시,월요일,제주특별자치도 제주시 조천읍,경상사고,0,0,1,0,차대차 - 정면충돌,안전거리미확보,습기,안개,단일로 - 기타,화물,남,32세,상해없음,승용,여,52세,경상
2016111400100515,2016년 11월 14일 18시,월요일,제주특별자치도 제주시 도남동,중상사고,0,1,0,0,차대사람 - 횡단중,보행자보호의무위반,건조,맑음,단일로 - 기타,승용,남,45세,상해없음,보행자,여,62세,중상
2016111400100516,2016년 11월 14일 18시,월요일,제주특별자치도 서귀포시 중문동,경상사고,0,0,1,0,차대사람 - 기타,안전운전불이행,기타,맑음,단일로 - 기타,기타불명,기타불명,기타불명,기타불명,보행자,남,55세,경상
2016111400100562,2016년 11월 14일 19시,월요일,제주특별자치도 제주시 이도이동,경상사고,0,0,1,0,차대차 - 기타,신호위반,건조,맑음,단일로 - 횡단보도부근,승용,남,44세,상해없음,자전거,남,30세,경상
2016111400100563,2016년 11월 14일 19시,월요일,제주특별자치도 서귀포시 성산읍,경상사고,0,0,1,0,차량단독 - 전도전복,안전운전불이행,건조,맑음,단일로 - 기타,승용,남,24세,경상,,,,
2016111400100670,2016년 11월 14일 23시,월요일,제주특별자치도 제주시 이도일동,중상사고,0,1,0,0,차대사람 - 기타,안전운전불이행,기타,흐림,단일로 - 기타,승용,남,37세,상해없음,보행자,여,34세,중상
2016111500100170,2016년 11월 15일 09시,화요일,제주특별자치도 제주시 아라이동,경상사고,0,0,2,0,차대차 - 정면충돌,안전거리미확보,건조,맑음,교차로 - 교차로부근,승합,남,44세,상해없음,화물,여,27세,경상
2016111500100312,2016년 11월 15일 13시,화요일,제주특별자치도 제주시 오라일동,경상사고,0,0,1,0,차대차 - 정면충돌,직진우회전진행방해,건조,맑음,교차로 - 교차로안,승용,남,35세,상해없음,승용,여,49세,경상
2016111500100313,2016년 11월 15일 13시,화요일,제주특별자치도 서귀포시 성산읍,경상사고,0,0,1,0,차대차 - 정면충돌,안전거리미확보,건조,맑음,단일로 - 기타,이륜,남,78세,경상,승합,남,49세,상해없음
2016111500100391,2016년 11월 15일 15시,화요일,제주특별자치도 제주시 한림읍,중상사고,0,1,0,0,차대차 - 측면직각충돌,안전운전불이행,건조,맑음,단일로 - 기타,승용,남,49세,상해없음,이륜,남,23세,중상
2016111500100437,2016년 11월 15일 16시,화요일,제주특별자치도 제주시 용담삼동,경상사고,0,0,1,0,차대차 - 측면충돌,교차로운행방법위반,건조,맑음,교차로 - 교차로안,화물,남,58세,상해없음,승용,여,65세,경상
2016111500100482,2016년 11월 15일 17시,화요일,제주특별자치도 제주시 조천읍,경상사고,0,0,1,0,차대차 - 측면직각충돌,신호위반,건조,맑음,교차로 - 교차로안,화물,여,70세,상해없음,승용,남,60세,경상
2016111600100026,2016년 11월 16일 01시,수요일,제주특별자치도 제주시 연동,경상사고,0,0,1,0,차대사람 - 횡단중,안전운전불이행,건조,맑음,교차로 - 교차로부근,승용,남,48세,기타불명,보행자,남,57세,경상
2016111600100046,2016년 11월 16일 04시,수요일,제주특별자치도 서귀포시 강정동,경상사고,0,0,2,0,차대차 - 측면충돌,직진우회전진행방해,건조,맑음,교차로 - 교차로안,화물,남,70세,경상,승용,여,30세,경상
2016111600100077,2016년 11월 16일 06시,수요일,제주특별자치도 제주시 삼도일동,중상사고,0,1,0,0,차대사람 - 횡단중,안전운전불이행,기타,맑음,단일로 - 횡단보도부근,화물,여,58세,상해없음,보행자,여,74세,중상
2016111600100078,2016년 11월 16일 06시,수요일,제주특별자치도 서귀포시 서홍동,경상사고,0,0,1,0,차대차 - 측면충돌,직진우회전진행방해,건조,맑음,교차로 - 교차로안,승용,남,52세,상해없음,화물,남,28세,경상
2016111600100109,2016년 11월 16일 07시,수요일,제주특별자치도 제주시 영평동,경상사고,0,0,2,0,차대차 - 정면충돌,중앙선침범,건조,맑음,단일로 - 기타,화물,남,77세,상해없음,승합,남,70세,경상
2016111600100110,2016년 11월 16일 07시,수요일,제주특별자치도 제주시 이도일동,경상사고,0,0,1,0,차대차 - 기타,안전거리미확보,건조,흐림,교차로 - 교차로부근,승용,남,61세,상해없음,승합,남,44세,상해없음
2016111600100111,2016년 11월 16일 07시,수요일,제주특별자치도 제주시 애월읍,경상사고,0,0,1,0,차대차 - 측면직각충돌,안전운전불이행,건조,맑음,교차로 - 교차로안,승용,남,61세,경상,건설기계,남,30세,상해없음
2016111600100157,2016년 11월 16일 08시,수요일,제주특별자치도 제주시 아라이동,경상사고,0,0,1,0,차대차 - 정면충돌,교차로운행방법위반,건조,맑음,교차로 - 교차로안,승용,여,57세,상해없음,승용,남,61세,경상
2016111600100200,2016년 11월 16일 09시,수요일,제주특별자치도 제주시 노형동,경상사고,0,0,1,2,차대차 - 기타,안전운전불이행,건조,맑음,교차로 - 교차로부근,화물,남,33세,상해없음,승용,여,42세,경상
2016111600100234,2016년 11월 16일 10시,수요일,제주특별자치도 서귀포시 호근동,중상사고,0,1,3,0,차대차 - 추돌,안전운전불이행,건조,맑음,교차로 - 교차로부근,화물,남,46세,경상,승용,남,53세,경상
2016111600100372,2016년 11월 16일 14시,수요일,제주특별자치도 제주시 아라일동,경상사고,0,0,1,0,차대사람 - 횡단중,안전운전불이행,건조,맑음,교차로 - 교차로안,승용,여,37세,상해없음,보행자,남,43세,경상
2016111600100442,2016년 11월 16일 16시,수요일,제주특별자치도 제주시 한림읍,경상사고,0,0,1,0,차대차 - 측면충돌,안전운전불이행,건조,맑음,교차로 - 교차로안,이륜,남,81세,경상,승용,여,49세,상해없음
2016111700100082,2016년 11월 17일 06시,목요일,제주특별자치도 제주시 삼도이동,중상사고,0,1,0,0,차대사람 - 횡단중,보행자보호의무위반,건조,맑음,단일로 - 횡단보도상,승용,여,60세,상해없음,보행자,여,69세,중상
2016111700100083,2016년 11월 17일 06시,목요일,제주특별자치도 서귀포시 성산읍,중상사고,0,1,0,0,차대차 - 측면충돌,안전거리미확보,건조,맑음,단일로 - 기타,원동기,여,69세,중상,승용,남,68세,상해없음
2016111700100105,2016년 11월 17일 07시,목요일,제주특별자치도 서귀포시 서귀동,경상사고,0,0,2,0,차대차 - 측면충돌,교차로운행방법위반,건조,맑음,교차로 - 교차로안,승용,남,61세,상해없음,승용,남,47세,경상
2016111700100223,2016년 11월 17일 11시,목요일,제주특별자치도 제주시 화북일동,경상사고,0,0,1,0,차대차 - 추돌,안전거리미확보,건조,맑음,교차로 - 교차로부근,승용,남,47세,상해없음,승용,여,35세,경상
2016111700100252,2016년 11월 17일 12시,목요일,제주특별자치도 제주시 회천동,부상신고사고,0,0,0,1,차량단독 - 도로외이탈 - 기타,안전운전불이행,건조,맑음,단일로 - 기타,화물,여,49세,부상신고,,,,
2016111700100287,2016년 11월 17일 13시,목요일,제주특별자치도 서귀포시 성산읍,경상사고,0,0,1,0,차대차 - 기타,직진우회전진행방해,건조,맑음,교차로 - 교차로안,승합,남,59세,상해없음,승용,여,43세,상해없음
2016111700100288,2016년 11월 17일 13시,목요일,제주특별자치도 서귀포시 서귀동,경상사고,0,0,2,0,차대차 - 측면직각충돌,안전운전불이행,건조,맑음,교차로 - 교차로안,특수,남,44세,상해없음,승용,남,35세,경상
2016111700100325,2016년 11월 17일 14시,목요일,제주특별자치도 서귀포시 대정읍,경상사고,0,0,1,0,차대차 - 추돌,안전운전불이행,건조,맑음,단일로 - 기타,농기계,남,42세,경상,화물,남,36세,기타불명
2016111700100401,2016년 11월 17일 16시,목요일,제주특별자치도 제주시 일도이동,중상사고,0,1,0,0,차대차 - 추돌,교차로운행방법위반,건조,맑음,교차로 - 교차로안,승용,여,67세,상해없음,승용,여,37세,중상
2016111700100446,2016년 11월 17일 17시,목요일,제주특별자치도 서귀포시 성산읍,중상사고,0,1,0,0,차대사람 - 횡단중,보행자보호의무위반,건조,맑음,교차로 - 교차로안,승용,여,44세,상해없음,보행자,여,62세,중상
2016111700100497,2016년 11월 17일 18시,목요일,제주특별자치도 제주시 오라일동,경상사고,0,0,1,0,차대차 - 추돌,안전거리미확보,건조,맑음,교차로 - 교차로부근,승용,남,50세,상해없음,화물,남,46세,경상
2016111700100498,2016년 11월 17일 18시,목요일,제주특별자치도 서귀포시 색달동,중상사고,0,1,0,0,차대사람 - 횡단중,안전운전불이행,건조,맑음,기타 - 기타,화물,남,27세,상해없음,보행자,남,28세,중상
2016111700100499,2016년 11월 17일 18시,목요일,제주특별자치도 제주시 연동,중상사고,0,1,0,0,차대사람 - 기타,안전운전불이행,건조,맑음,교차로 - 교차로부근,승용,남,44세,상해없음,보행자,남,35세,중상
2016111700100500,2016년 11월 17일 18시,목요일,제주특별자치도 제주시 노형동,경상사고,0,0,1,0,차대사람 - 횡단중,안전운전불이행,건조,맑음,교차로 - 교차로안,승용,여,28세,상해없음,보행자,남,19세,경상
2016111700100501,2016년 11월 17일 18시,목요일,제주특별자치도 제주시 연동,경상사고,0,0,1,0,차대차 - 기타,교차로운행방법위반,건조,맑음,교차로 - 교차로부근,승합,남,61세,상해없음,승용,남,58세,상해없음
2016111700100620,2016년 11월 17일 21시,목요일,제주특별자치도 제주시 이도일동,경상사고,0,0,1,0,차대사람 - 기타,안전운전불이행,건조,맑음,단일로 - 기타,승용,남,27세,상해없음,보행자,남,61세,경상
2016111700100650,2016년 11월 17일 22시,목요일,제주특별자치도 제주시 연동,경상사고,0,0,1,0,차대사람 - 횡단중,안전운전불이행,기타,맑음,기타 - 기타,승용,여,40세,상해없음,보행자,남,31세,경상
2016111800100103,2016년 11월 18일 07시,금요일,제주특별자치도 제주시 일도이동,중상사고,0,1,0,0,차대사람 - 횡단중,보행자보호의무위반,건조,맑음,단일로 - 횡단보도상,승용,남,56세,상해없음,보행자,여,15세,중상
2016111800100197,2016년 11월 18일 10시,금요일,제주특별자치도 제주시 도평동,중상사고,0,1,1,0,차대차 - 측면직각충돌,교차로운행방법위반,건조,맑음,교차로 - 교차로안,승용,여,24세,경상,승용,남,24세,중상