사고번호,사고일시,요일,시군구,사고내용,사망자수,중상자수,경상자수,부상신고자수,사고유형,법규위반,노면상태,기상상태,도로형태,가해운전자 차종,가해운전자 성별,가해운전자 연령,가해운전자 상해정도,피해운전자 차종,피해운전자 성별,피해운전자 연령,피해운전자 상해정도
2016111800100198,2016년 11월 18일 10시,금요일,제주특별자치도 제주시 연동,부상신고사고,0,0,0,1,차대사람 - 길가장자리구역통행중,안전운전불이행,건조,맑음,단일로 - 기타,승용,여,61세,상해없음,보행자,남,47세,부상신고
2016111800100220,2016년 11월 18일 11시,금요일,제주특별자치도 제주시 우도면,중상사고,0,1,0,0,차대차 - 측면충돌,안전운전불이행,건조,맑음,단일로 - 기타,이륜,남,67세,중상,건설기계,남,56세,상해없음
2016111800100221,2016년 11월 18일 11시,금요일,제주특별자치도 서귀포시 서홍동,중상사고,0,1,0,0,차대사람 - 횡단중,안전운전불이행,습기,비,단일로 - 기타,승용,남,44세,상해없음,보행자,남,64세,중상
2016111800100266,2016년 11월 18일 12시,금요일,제주특별자치도 서귀포시 서호동,경상사고,0,0,1,0,차대차 - 정면충돌,중앙선침범,건조,맑음,단일로 - 기타,승용,여,50세,경상,승용,남,55세,상해없음
2016111800100302,2016년 11월 18일 13시,금요일,제주특별자치도 제주시 용담삼동,경상사고,0,0,1,0,차대차 - 정면충돌,안전운전불이행,건조,맑음,기타 - 기타,승합,남,54세,상해없음,승합,남,35세,상해없음
2016111800100331,2016년 11월 18일 14시,금요일,제주특별자치도 서귀포시 안덕면,중상사고,0,3,1,0,차대차 - 측면충돌,신호위반,건조,맑음,교차로 - 교차로안,승용,여,59세,경상,승용,여,46세,중상
2016111800100404,2016년 11월 18일 16시,금요일,제주특별자치도 제주시 일도일동,중상사고,0,1,0,0,차대사람 - 횡단중,안전운전불이행,건조,맑음,단일로 - 기타,화물,남,46세,상해없음,보행자,여,68세,중상
2016111800100405,2016년 11월 18일 16시,금요일,제주특별자치도 서귀포시 대정읍,경상사고,0,0,1,0,차대차 - 측면직각충돌,기타,건조,맑음,교차로 - 교차로안,승용,여,38세,경상,화물,남,50세,상해없음
2016111800100465,2016년 11월 18일 17시,금요일,제주특별자치도 제주시 연동,경상사고,0,0,1,0,차대차 - 측면충돌,안전운전불이행,건조,맑음,단일로 - 기타,승용,여,63세,상해없음,원동기,남,28세,경상
2016111800100541,2016년 11월 18일 18시,금요일,제주특별자치도 제주시 이도이동,경상사고,0,0,1,0,차대차 - 정면충돌,차로위반,건조,맑음,교차로 - 교차로부근,화물,남,42세,상해없음,승용,여,28세,경상
2016111800100542,2016년 11월 18일 18시,금요일,제주특별자치도 서귀포시 남원읍,중상사고,0,1,3,1,차대차 - 추돌,안전운전불이행,건조,맑음,단일로 - 기타,승용,남,27세,부상신고,승합,남,25세,경상
2016111800100764,2016년 11월 18일 22시,금요일,제주특별자치도 서귀포시 대정읍,중상사고,0,1,0,0,차대사람 - 횡단중,보행자보호의무위반,습기,비,교차로 - 교차로부근,승용,남,50세,상해없음,보행자,여,40세,중상
2016111900100051,2016년 11월 19일 01시,토요일,제주특별자치도 서귀포시 성산읍,부상신고사고,0,0,0,1,차량단독 - 전도전복,안전운전불이행,건조,맑음,단일로 - 기타,화물,남,33세,부상신고,,,,
2016111900100103,2016년 11월 19일 05시,토요일,제주특별자치도 제주시 노형동,경상사고,0,0,1,0,차대차 - 추돌,안전운전불이행,기타,맑음,교차로 - 교차로부근,승용,남,32세,상해없음,승용,남,57세,경상
2016111900100182,2016년 11월 19일 09시,토요일,제주특별자치도 제주시 오라이동,경상사고,0,0,1,2,차대차 - 정면충돌,직진우회전진행방해,건조,맑음,교차로 - 교차로안,승용,여,45세,경상,화물,남,45세,부상신고
2016111900100290,2016년 11월 19일 12시,토요일,제주특별자치도 서귀포시 서귀동,경상사고,0,0,1,0,차대차 - 추돌,교차로운행방법위반,건조,맑음,교차로 - 교차로안,승용,남,52세,상해없음,이륜,남,19세,경상
2016111900100336,2016년 11월 19일 13시,토요일,제주특별자치도 제주시 이호일동,중상사고,0,1,0,0,차대사람 - 기타,안전운전불이행,건조,맑음,교차로 - 교차로부근,건설기계,남,35세,상해없음,보행자,남,33세,중상
2016111900100450,2016년 11월 19일 16시,토요일,제주특별자치도 제주시 용담이동,부상신고사고,0,0,0,1,차대차 - 측면직각충돌,교차로운행방법위반,건조,맑음,교차로 - 교차로안,승용,여,34세,상해없음,승용,남,39세,상해없음
2016111900100493,2016년 11월 19일 17시,토요일,제주특별자치도 제주시 연동,경상사고,0,0,1,0,차대사람 - 횡단중,보행자보호의무위반,건조,맑음,단일로 - 횡단보도상,화물,남,56세,상해없음,보행자,남,59세,경상
2016111900100543,2016년 11월 19일 18시,토요일,제주특별자치도 제주시 일도이동,중상사고,0,1,0,0,차량단독 - 기타,안전운전불이행,건조,맑음,교차로 - 교차로부근,승합,남,44세,상해없음,,,,
2016111900100544,2016년 11월 19일 18시,토요일,제주특별자치도 서귀포시 성산읍,경상사고,0,0,2,0,차대차 - 측면직각충돌,신호위반,건조,맑음,교차로 - 교차로안,이륜,여,60세,경상,승용,여,28세,경상
2016111900100546,2016년 11월 19일 18시,토요일,제주특별자치도 제주시 애월읍,경상사고,0,0,1,0,차대차 - 추돌,안전운전불이행,건조,맑음,단일로 - 기타,승합,남,57세,경상,승합,남,48세,상해없음
2016111900100547,2016년 11월 19일 18시,토요일,제주특별자치도 제주시 한경면,경상사고,0,0,2,0,차대차 - 기타,안전거리미확보,기타,맑음,기타 - 기타,승용,남,24세,상해없음,승용,여,30세,경상
2016111900100653,2016년 11월 19일 20시,토요일,제주특별자치도 서귀포시 법환동,경상사고,0,0,1,0,차대사람 - 횡단중,보행자보호의무위반,건조,맑음,교차로 - 교차로안,승합,여,59세,상해없음,보행자,남,29세,경상
2016111900100735,2016년 11월 19일 23시,토요일,제주특별자치도 제주시 노형동,중상사고,0,1,0,0,차대차 - 기타,안전운전불이행,건조,맑음,교차로 - 교차로안,승용,남,21세,상해없음,승용,남,57세,상해없음
2016111900100736,2016년 11월 19일 23시,토요일,제주특별자치도 제주시 연동,중상사고,0,1,1,0,차대차 - 기타,안전운전불이행,건조,맑음,교차로 - 교차로부근,승용,남,43세,상해없음,승용,남,59세,중상
2016112000100011,2016년 11월 20일 00시,일요일,제주특별자치도 제주시 이도이동,중상사고,0,1,0,0,차대사람 - 기타,안전운전불이행,건조,맑음,단일로 - 기타,승용,남,45세,기타불명,보행자,남,23세,중상
2016112000100012,2016년 11월 20일 00시,일요일,제주특별자치도 제주시 노형동,중상사고,0,2,1,0,차대차 - 기타,직진우회전진행방해,건조,맑음,교차로 - 교차로안,승용,여,21세,중상,승용,남,51세,경상
2016112000100059,2016년 11월 20일 03시,일요일,제주특별자치도 제주시 애월읍,중상사고,0,1,0,0,차대사람 - 횡단중,안전운전불이행,습기,안개,단일로 - 기타,승용,남,63세,상해없음,보행자,남,26세,중상
2016112000100099,2016년 11월 20일 06시,일요일,제주특별자치도 제주시 구좌읍,중상사고,0,1,0,0,차대사람 - 횡단중,과속,건조,맑음,교차로 - 교차로안,승용,남,51세,상해없음,보행자,여,82세,중상
2016112000100100,2016년 11월 20일 06시,일요일,제주특별자치도 제주시 연동,경상사고,0,0,1,0,차대사람 - 횡단중,안전운전불이행,건조,맑음,교차로 - 교차로안,승합,남,48세,상해없음,보행자,남,31세,경상
2016112000100250,2016년 11월 20일 13시,일요일,제주특별자치도 제주시 이도이동,중상사고,0,1,0,0,차대차 - 정면충돌,신호위반,건조,맑음,교차로 - 교차로안,승용,여,63세,상해없음,승용,여,49세,중상
2016112000100251,2016년 11월 20일 13시,일요일,제주특별자치도 제주시 한림읍,경상사고,0,0,1,0,차량단독 - 전도전복,안전운전불이행,건조,맑음,단일로 - 기타,승용,여,24세,경상,,,,
2016112000100279,2016년 11월 20일 14시,일요일,제주특별자치도 서귀포시 대정읍,경상사고,0,0,1,0,차대차 - 기타,안전운전불이행,건조,맑음,단일로 - 기타,원동기,남,39세,경상,승용,남,23세,상해없음
2016112000100280,2016년 11월 20일 14시,일요일,제주특별자치도 제주시 애월읍,중상사고,0,2,0,0,차대차 - 기타,안전운전불이행,건조,맑음,교차로 - 교차로부근,승용,남,68세,상해없음,승용,남,36세,중상
2016112000100346,2016년 11월 20일 16시,일요일,제주특별자치도 제주시 이도이동,경상사고,0,0,1,0,차대차 - 정면충돌,교차로운행방법위반,건조,맑음,교차로 - 교차로안,승용,남,58세,상해없음,승용,여,47세,경상
2016112000100385,2016년 11월 20일 17시,일요일,제주특별자치도 제주시 이도이동,경상사고,0,0,1,0,차대사람 - 기타,안전운전불이행,건조,맑음,단일로 - 기타,승용,남,58세,상해없음,보행자,여,74세,경상
2016112000100422,2016년 11월 20일 18시,일요일,제주특별자치도 제주시 구좌읍,중상사고,0,1,2,0,차대차 - 정면충돌,신호위반,건조,맑음,교차로 - 교차로안,승용,여,46세,상해없음,승용,여,23세,경상
2016112000100423,2016년 11월 20일 18시,일요일,제주특별자치도 제주시 애월읍,중상사고,0,1,0,0,차대사람 - 횡단중,신호위반,건조,맑음,단일로 - 횡단보도부근,승용,남,66세,상해없음,보행자,여,62세,중상
2016112000100448,2016년 11월 20일 19시,일요일,제주특별자치도 제주시 이도이동,경상사고,0,0,1,0,차대차 - 측면직각충돌,기타,건조,맑음,교차로 - 교차로부근,원동기,남,26세,경상,승용,남,32세,상해없음
2016112000100449,2016년 11월 20일 19시,일요일,제주특별자치도 서귀포시 서호동,경상사고,0,0,3,0,차대차 - 측면충돌,직진우회전진행방해,건조,맑음,교차로 - 교차로안,승합,여,53세,경상,승합,여,36세,경상
2016112000100498,2016년 11월 20일 21시,일요일,제주특별자치도 제주시 건입동,경상사고,0,0,1,0,차대사람 - 길가장자리구역통행중,안전운전불이행,습기,흐림,단일로 - 기타,승용,남,28세,상해없음,보행자,남,59세,경상
2016112000100499,2016년 11월 20일 21시,일요일,제주특별자치도 제주시 연동,경상사고,0,0,2,0,차대사람 - 기타,안전운전불이행,건조,흐림,교차로 - 교차로부근,승용,여,38세,상해없음,보행자,남,62세,경상
2016112000100520,2016년 11월 20일 22시,일요일,제주특별자치도 제주시 오라일동,경상사고,0,0,2,0,차대차 - 정면충돌,안전운전불이행,건조,기타,교차로 - 교차로부근,승용,남,34세,상해없음,승용,남,22세,경상
2016112000100546,2016년 11월 20일 23시,일요일,제주특별자치도 서귀포시 표선면,사망사고,1,0,0,0,차량단독 - 공작물충돌,중앙선침범,건조,맑음,단일로 - 기타,승용,남,24세,사망,,,,
2016112100100029,2016년 11월 21일 04시,월요일,제주특별자치도 제주시 애월읍,중상사고,0,1,1,0,차량단독 - 전도전복,안전운전불이행,건조,맑음,교차로 - 교차로안,승용,남,57세,경상,,,,
2016112100100114,2016년 11월 21일 08시,월요일,제주특별자치도 서귀포시 중문동,경상사고,0,0,1,0,차대사람 - 횡단중,보행자보호의무위반,습기,비,교차로 - 교차로안,승용,남,66세,기타불명,보행자,남,21세,경상
2016112100100156,2016년 11월 21일 09시,월요일,제주특별자치도 서귀포시 남원읍,중상사고,0,1,0,0,차대사람 - 기타,안전운전불이행,건조,맑음,단일로 - 기타,승합,남,57세,상해없음,보행자,여,80세,중상
2016112100100157,2016년 11월 21일 09시,월요일,제주특별자치도 제주시 내도동,경상사고,0,0,1,0,차대차 - 추돌,기타,습기,흐림,단일로 - 기타,승용,남,56세,상해없음,승용,남,31세,경상
2016112100100198,2016년 11월 21일 10시,월요일,제주특별자치도 서귀포시 표선면,중상사고,0,2,0,0,차대차 - 추돌,안전운전불이행,습기,비,교차로 - 교차로부근,화물,남,50세,상해없음,승용,남,33세,중상
2016112100100256,2016년 11월 21일 12시,월요일,제주특별자치도 제주시 이도일동,경상사고,0,0,1,0,차대사람 - 보도통행중,기타,습기,비,단일로 - 기타,화물,남,44세,상해없음,보행자,여,76세,경상
2016112100100282,2016년 11월 21일 13시,월요일,제주특별자치도 서귀포시 동홍동,경상사고,0,0,2,0,차대차 - 추돌,안전운전불이행,기타,비,단일로 - 기타,승용,남,53세,상해없음,승용,남,26세,경상
2016112100100283,2016년 11월 21일 13시,월요일,제주특별자치도 제주시 용담이동,경상사고,0,0,1,0,차대차 - 기타,안전거리미확보,기타,비,기타 - 기타,승용,남,64세,상해없음,이륜,남,20세,경상
2016112100100495,2016년 11월 21일 18시,월요일,제주특별자치도 제주시 노형동,부상신고사고,0,0,0,1,차대차 - 측면직각충돌,안전운전불이행,건조,흐림,단일로 - 기타,이륜,남,61세,상해없음,승용,남,64세,상해없음
2016112100100613,2016년 11월 21일 22시,월요일,제주특별자치도 제주시 애월읍,중상사고,0,2,0,0,차대사람 - 기타,안전운전불이행,건조,맑음,단일로 - 기타,승용,남,26세,상해없음,보행자,남,38세,중상
2016112200100112,2016년 11월 22일 08시,화요일,제주특별자치도 제주시 구좌읍,경상사고,0,0,1,0,차대차 - 측면직각충돌,신호위반,건조,맑음,교차로 - 교차로안,화물,남,64세,상해없음,승용,남,44세,경상
2016112200100113,2016년 11월 22일 08시,화요일,제주특별자치도 서귀포시 남원읍,부상신고사고,0,0,0,1,차대차 - 측면충돌,교차로운행방법위반,건조,맑음,교차로 - 교차로안,승합,남,71세,부상신고,승용,남,25세,상해없음
2016112200100114,2016년 11월 22일 08시,화요일,제주특별자치도 서귀포시 서호동,중상사고,0,1,1,0,차대차 - 측면직각충돌,직진우회전진행방해,건조,맑음,교차로 - 교차로안,승용,여,53세,경상,승용,여,59세,중상
2016112200100115,2016년 11월 22일 08시,화요일,제주특별자치도 서귀포시 강정동,중상사고,0,1,0,0,차대사람 - 횡단중,보행자보호의무위반,건조,맑음,교차로 - 교차로안,승합,남,44세,상해없음,보행자,남,50세,중상
2016112200100216,2016년 11월 22일 12시,화요일,제주특별자치도 제주시 구좌읍,중상사고,0,2,1,0,차대차 - 정면충돌,교차로운행방법위반,건조,맑음,교차로 - 교차로안,승용,남,32세,중상,승용,남,40세,경상
2016112200100217,2016년 11월 22일 12시,화요일,제주특별자치도 제주시 애월읍,경상사고,0,0,2,0,차대차 - 기타,교차로운행방법위반,건조,흐림,교차로 - 교차로안,승합,남,58세,상해없음,승용,여,33세,경상
2016112200100326,2016년 11월 22일 16시,화요일,제주특별자치도 서귀포시 동홍동,중상사고,0,1,0,0,차대사람 - 횡단중,안전운전불이행,건조,맑음,단일로 - 기타,승용,여,44세,상해없음,보행자,여,5세,중상
2016112200100369,2016년 11월 22일 17시,화요일,제주특별자치도 서귀포시 강정동,중상사고,0,1,0,0,차량단독 - 기타,안전운전불이행,건조,맑음,단일로 - 기타,승용,남,39세,상해없음,,,,
2016112200100370,2016년 11월 22일 17시,화요일,제주특별자치도 서귀포시 서귀동,경상사고,0,0,1,0,차대차 - 기타,안전운전불이행,기타,맑음,단일로 - 횡단보도상,승용,남,36세,상해없음,자전거,남,9세,경상
2016112200100371,2016년 11월 22일 17시,화요일,제주특별자치도 제주시 도두일동,경상사고,0,0,2,0,차대차 - 추돌,안전운전불이행,건조,맑음,교차로 - 교차로부근,승용,여,31세,상해없음,승용,남,27세,경상
2016112200100423,2016년 11월 22일 18시,화요일,제주특별자치도 서귀포시 중문동,경상사고,0,0,1,0,차대사람 - 차도통행중,안전운전불이행,건조,맑음,단일로 - 기타,승용,여,55세,상해없음,보행자,남,30세,경상
2016112200100504,2016년 11월 22일 20시,화요일,제주특별자치도 제주시 오라이동,경상사고,0,0,1,0,차대차 - 추돌,안전운전불이행,건조,맑음,교차로 - 교차로부근,승용,남,51세,상해없음,승용,남,27세,경상
2016112200100533,2016년 11월 22일 21시,화요일,제주특별자치도 제주시 삼도이동,경상사고,0,0,1,0,차대사람 - 횡단중,안전운전불이행,건조,맑음,단일로 - 기타,승용,남,30세,상해없음,보행자,남,42세,경상
2016112200100534,2016년 11월 22일 21시,화요일,제주특별자치도 서귀포시 법환동,경상사고,0,0,1,0,차대사람 - 횡단중,안전운전불이행,건조,맑음,단일로 - 기타,승용,여,71세,상해없음,보행자,남,33세,경상
2016112300100051,2016년 11월 23일 04시,수요일,제주특별자치도 서귀포시 안덕면,부상신고사고,0,0,0,1,차량단독 - 전도전복,안전운전불이행,건조,맑음,단일로 - 기타,승용,남,21세,부상신고,,,,
2016112300100081,2016년 11월 23일 06시,수요일,제주특별자치도 서귀포시 성산읍,사망사고,2,0,1,0,차대차 - 추돌,안전거리미확보,건조,맑음,단일로 - 기타,승용,남,62세,경상,농기계,남,75세,사망
2016112300100102,2016년 11월 23일 07시,수요일,제주특별자치도 서귀포시 표선면,경상사고,0,0,1,0,차대차 - 기타,안전운전불이행,건조,맑음,교차로 - 교차로안,화물,남,64세,상해없음,화물,남,59세,경상
2016112300100177,2016년 11월 23일 09시,수요일,제주특별자치도 제주시 도두일동,경상사고,0,0,1,0,차대차 - 측면충돌,신호위반,건조,맑음,교차로 - 교차로안,화물,남,49세,상해없음,승용,남,67세,경상
2016112300100292,2016년 11월 23일 13시,수요일,제주특별자치도 제주시 아라일동,중상사고,0,1,0,0,차대차 - 정면충돌,중앙선침범,건조,맑음,단일로 - 기타,승용,남,61세,상해없음,이륜,남,37세,중상
2016112300100315,2016년 11월 23일 14시,수요일,제주특별자치도 제주시 연동,경상사고,0,0,1,0,차대사람 - 횡단중,보행자보호의무위반,건조,흐림,교차로 - 교차로부근,화물,남,21세,상해없음,보행자,남,8세,경상
2016112300100316,2016년 11월 23일 14시,수요일,제주특별자치도 제주시 애월읍,경상사고,0,0,1,0,차대사람 - 기타,안전운전불이행,건조,맑음,단일로 - 기타,승용,여,29세,상해없음,보행자,남,61세,경상
2016112300100475,2016년 11월 23일 18시,수요일,제주특별자치도 제주시 일도이동,경상사고,0,0,1,0,차대차 - 측면직각충돌,신호위반,건조,맑음,교차로 - 교차로안,승용,남,43세,상해없음,승용,여,37세,경상
2016112300100476,2016년 11월 23일 18시,수요일,제주특별자치도 서귀포시 남원읍,중상사고,0,1,0,0,차대차 - 측면충돌,안전운전불이행,건조,맑음,교차로 - 교차로안,원동기,여,76세,중상,승용,여,68세,상해없음
2016112300100518,2016년 11월 23일 19시,수요일,제주특별자치도 제주시 이도이동,경상사고,0,0,2,0,차대차 - 정면충돌,차로위반,건조,기타,단일로 - 기타,이륜,남,44세,경상,승용,남,38세,경상
2016112300100545,2016년 11월 23일 20시,수요일,제주특별자치도 제주시 이도이동,경상사고,0,0,1,0,차대차 - 기타,교차로운행방법위반,건조,맑음,교차로 - 교차로안,특수,남,65세,상해없음,승용,남,42세,경상
2016112300100546,2016년 11월 23일 20시,수요일,제주특별자치도 서귀포시 색달동,경상사고,0,0,4,0,차대차 - 추돌,안전운전불이행,건조,맑음,교차로 - 교차로부근,승용,남,29세,상해없음,승용,여,43세,경상
2016112400100017,2016년 11월 24일 00시,목요일,제주특별자치도 제주시 연동,경상사고,0,0,1,0,차대사람 - 기타,안전운전불이행,건조,맑음,교차로 - 교차로안,기타불명,기타불명,기타불명,기타불명,보행자,남,35세,경상
2016112400100035,2016년 11월 24일 03시,목요일,제주특별자치도 제주시 연동,중상사고,0,1,0,0,차대사람 - 길가장자리구역통행중,안전운전불이행,건조,맑음,교차로 - 교차로안,화물,남,52세,상해없음,보행자,남,53세,중상
2016112400100049,2016년 11월 24일 05시,목요일,제주특별자치도 제주시 노형동,경상사고,0,0,1,1,차대차 - 기타,안전운전불이행,건조,맑음,기타 - 기타,승용,남,23세,부상신고,기타불명,남,52세,상해없음
2016112400100096,2016년 11월 24일 07시,목요일,제주특별자치도 제주시 노형동,경상사고,0,0,1,0,차대차 - 기타,안전운전불이행,건조,맑음,교차로 - 교차로안,화물,남,47세,상해없음,승용,여,52세,경상
2016112400100184,2016년 11월 24일 09시,목요일,제주특별자치도 제주시 용담이동,부상신고사고,0,0,0,1,차대차 - 정면충돌,직진우회전진행방해,건조,맑음,교차로 - 교차로안,승용,남,46세,상해없음,승용,남,30세,부상신고
2016112400100185,2016년 11월 24일 09시,목요일,제주특별자치도 제주시 노형동,경상사고,0,0,1,5,차대차 - 측면직각충돌,교차로운행방법위반,건조,맑음,교차로 - 교차로안,승용,남,62세,부상신고,승용,남,58세,부상신고
2016112400100257,2016년 11월 24일 11시,목요일,제주특별자치도 제주시 애월읍,경상사고,0,0,3,0,차대차 - 측면충돌,안전운전불이행,건조,맑음,교차로 - 교차로부근,화물,남,26세,경상,화물,남,72세,경상
2016112400100312,2016년 11월 24일 13시,목요일,제주특별자치도 제주시 노형동,경상사고,0,0,1,0,차대차 - 정면충돌,안전운전불이행,건조,흐림,기타 - 기타,승용,남,32세,상해없음,이륜,여,56세,경상
2016112400100350,2016년 11월 24일 14시,목요일,제주특별자치도 제주시 노형동,경상사고,0,0,1,0,차대차 - 측면직각충돌,직진우회전진행방해,건조,맑음,교차로 - 교차로안,이륜,남,28세,상해없음,승용,여,36세,경상
2016112400100413,2016년 11월 24일 16시,목요일,제주특별자치도 제주시 연동,경상사고,0,0,1,3,차대차 - 기타,안전거리미확보,건조,맑음,기타 - 기타,승용,남,57세,경상,승용,남,31세,부상신고
2016112400100465,2016년 11월 24일 17시,목요일,제주특별자치도 제주시 한림읍,부상신고사고,0,0,0,1,차대차 - 추돌,안전운전불이행,건조,맑음,단일로 - 기타,승용,남,25세,상해없음,승용,여,45세,부상신고
2016112400100518,2016년 11월 24일 18시,목요일,제주특별자치도 제주시 구좌읍,중상사고,0,1,0,0,차대차 - 측면충돌,안전운전불이행,건조,맑음,단일로 - 기타,승용,남,61세,상해없음,자전거,여,64세,중상
2016112400100553,2016년 11월 24일 19시,목요일,제주특별자치도 제주시 조천읍,중상사고,0,1,0,0,차대차 - 정면충돌,안전거리미확보,건조,맑음,단일로 - 기타,승용,여,23세,상해없음,승용,여,67세,중상
2016112400100554,2016년 11월 24일 19시,목요일,제주특별자치도 제주시 용담이동,경상사고,0,0,3,1,차대차 - 추돌,보행자보호의무위반,건조,맑음,교차로 - 교차로안,승용,남,39세,상해없음,승합,남,57세,경상
2016112400100592,2016년 11월 24일 20시,목요일,제주특별자치도 제주시 일도일동,중상사고,0,1,0,0,차대사람 - 횡단중,안전운전불이행,건조,맑음,단일로 - 기타,승용,남,32세,상해없음,보행자,여,74세,중상
2016112400100593,2016년 11월 24일 20시,목요일,제주특별자치도 제주시 노형동,중상사고,0,1,0,0,차대사람 - 횡단중,안전운전불이행,건조,맑음,교차로 - 교차로안,승용,남,50세,상해없음,보행자,여,53세,중상
2016112400100674,2016년 11월 24일 23시,목요일,제주특별자치도 제주시 아라이동,경상사고,0,0,5,1,차대차 - 추돌,안전운전불이행,건조,맑음,교차로 - 교차로부근,승용,남,37세,부상신고,승용,여,45세,경상
2016112500100075,2016년 11월 25일 06시,금요일,제주특별자치도 제주시 용담이동,경상사고,0,0,1,0,차대차 - 측면직각충돌,신호위반,건조,맑음,교차로 - 교차로안,승용,남,19세,상해없음,승용,여,63세,경상
2016112500100183,2016년 11월 25일 10시,금요일,제주특별자치도 제주시 한림읍,경상사고,0,0,1,0,차대차 - 측면직각충돌,안전거리미확보,건조,맑음,단일로 - 기타,이륜,남,23세,경상,화물,남,77세,상해없음
2016112500100209,2016년 11월 25일 11시,금요일,제주특별자치도 제주시 구좌읍,중상사고,0,1,0,0,차대차 - 기타,안전거리미확보,건조,맑음,단일로 - 기타,원동기,남,69세,중상,승용,여,56세,상해없음
2016112500100275,2016년 11월 25일 13시,금요일,제주특별자치도 서귀포시 안덕면,경상사고,0,0,1,0,차대차 - 추돌,안전거리미확보,건조,맑음,교차로 - 교차로부근,화물,남,49세,상해없음,승용,남,53세,상해없음
2016112500100386,2016년 11월 25일 16시,금요일,제주특별자치도 서귀포시 동홍동,중상사고,0,1,0,0,차대차 - 정면충돌,안전운전불이행,건조,맑음,단일로 - 기타,이륜,남,72세,중상,승용,여,49세,상해없음
2016112500100432,2016년 11월 25일 17시,금요일,제주특별자치도 서귀포시 표선면,부상신고사고,0,0,0,1,차대차 - 기타,안전운전불이행,기타,맑음,단일로 - 기타,기타불명,기타불명,기타불명,기타불명,이륜,여,59세,부상신고
2016112500100433,2016년 11월 25일 17시,금요일,제주특별자치도 제주시 연동,경상사고,0,0,1,0,차대차 - 측면충돌,안전운전불이행,건조,맑음,교차로 - 교차로안,승용,여,51세,경상,화물,남,36세,상해없음
2016112500100540,2016년 11월 25일 19시,금요일,제주특별자치도 제주시 애월읍,중상사고,0,1,0,0,차대사람 - 횡단중,안전운전불이행,건조,맑음,단일로 - 기타,승합,여,44세,상해없음,보행자,남,23세,중상
2016112500100695,2016년 11월 25일 23시,금요일,제주특별자치도 제주시 노형동,경상사고,0,0,1,0,차대차 - 기타,안전운전불이행,건조,맑음,교차로 - 교차로부근,승용,여,42세,상해없음,승용,남,43세,상해없음
2016112600100079,2016년 11월 26일 03시,토요일,제주특별자치도 제주시 화북일동,부상신고사고,0,0,0,1,차량단독 - 전도전복,안전운전불이행,건조,맑음,단일로 - 기타,승용,여,20세,상해없음,,,,
2016112600100200,2016년 11월 26일 11시,토요일,제주특별자치도 제주시 일도일동,중상사고,0,1,0,0,차대사람 - 기타,안전운전불이행,건조,맑음,단일로 - 기타,승합,남,53세,상해없음,보행자,남,85세,중상
2016112600100201,2016년 11월 26일 11시,토요일,제주특별자치도 서귀포시 성산읍,경상사고,0,0,1,0,차대사람 - 기타,안전운전불이행,건조,맑음,기타 - 기타,승용,남,62세,상해없음,보행자,남,46세,경상
2016112600100261,2016년 11월 26일 13시,토요일,제주특별자치도 제주시 도두일동,경상사고,0,0,1,0,차대사람 - 기타,안전운전불이행,건조,맑음,단일로 - 기타,승용,남,61세,상해없음,보행자,남,1세,경상
2016112600100292,2016년 11월 26일 14시,토요일,제주특별자치도 제주시 한림읍,중상사고,0,2,1,0,차량단독 - 전도전복,안전운전불이행,습기,비,단일로 - 기타,승용,여,47세,경상,,,,
2016112600100338,2016년 11월 26일 15시,토요일,제주특별자치도 제주시 구좌읍,경상사고,0,0,1,0,차대사람 - 기타,안전운전불이행,건조,맑음,단일로 - 기타,승용,남,30세,상해없음,보행자,여,39세,경상
2016112600100339,2016년 11월 26일 15시,토요일,제주특별자치도 제주시 이호이동,경상사고,0,0,2,0,차대차 - 기타,안전운전불이행,습기,비,교차로 - 교차로안,승용,남,31세,경상,건설기계,남,51세,상해없음
2016112600100340,2016년 11월 26일 15시,토요일,제주특별자치도 제주시 노형동,경상사고,0,0,1,0,차대차 - 측면충돌,직진우회전진행방해,습기,비,교차로 - 교차로안,승합,남,41세,경상,승용,여,70세,상해없음
2016112600100374,2016년 11월 26일 16시,토요일,제주특별자치도 제주시 연동,경상사고,0,0,1,1,차대차 - 측면직각충돌,안전거리미확보,습기,비,교차로 - 교차로안,승용,남,50세,상해없음,승용,남,20세,부상신고
2016112600100505,2016년 11월 26일 18시,토요일,제주특별자치도 서귀포시 동홍동,중상사고,0,1,0,0,차대사람 - 횡단중,신호위반,습기,비,교차로 - 교차로안,승용,남,52세,상해없음,보행자,여,77세,중상
2016112600100506,2016년 11월 26일 18시,토요일,제주특별자치도 서귀포시 남원읍,중상사고,0,1,0,0,차량단독 - 기타,안전운전불이행,건조,맑음,단일로 - 기타,승합,남,49세,상해없음,,,,
2016112600100507,2016년 11월 26일 18시,토요일,제주특별자치도 제주시 용담이동,경상사고,0,0,4,0,차대차 - 추돌,안전운전불이행,습기,비,교차로 - 교차로부근,승용,남,58세,상해없음,승용,여,45세,경상