사고번호,사고일시,요일,시군구,사고내용,사망자수,중상자수,경상자수,부상신고자수,사고유형,법규위반,노면상태,기상상태,도로형태,가해운전자 차종,가해운전자 성별,가해운전자 연령,가해운전자 상해정도,피해운전자 차종,피해운전자 성별,피해운전자 연령,피해운전자 상해정도
2016112600100578,2016년 11월 26일 19시,토요일,제주특별자치도 제주시 일도이동,경상사고,0,0,1,0,차대차 - 추돌,안전운전불이행,습기,비,교차로 - 교차로부근,승용,남,42세,상해없음,승용,남,24세,경상
2016112600100579,2016년 11월 26일 19시,토요일,제주특별자치도 제주시 노형동,중상사고,0,1,0,0,차대사람 - 횡단중,보행자보호의무위반,건조,맑음,단일로 - 기타,승용,남,44세,상해없음,보행자,남,44세,중상
2016112600100580,2016년 11월 26일 19시,토요일,제주특별자치도 제주시 노형동,경상사고,0,0,2,0,차대차 - 측면충돌,신호위반,건조,맑음,교차로 - 교차로안,승용,남,38세,상해없음,승용,남,26세,경상
2016112600100628,2016년 11월 26일 20시,토요일,제주특별자치도 제주시 구좌읍,중상사고,0,2,0,0,차대사람 - 횡단중,안전운전불이행,습기,비,단일로 - 기타,승용,남,53세,상해없음,보행자,남,53세,중상
2016112600100629,2016년 11월 26일 20시,토요일,제주특별자치도 제주시 외도일동,경상사고,0,0,2,0,차대차 - 기타,안전운전불이행,습기,비,교차로 - 교차로부근,승용,남,36세,상해없음,원동기,남,20세,경상
2016112600100661,2016년 11월 26일 21시,토요일,제주특별자치도 서귀포시 서귀동,경상사고,0,0,2,0,차대차 - 측면충돌,직진우회전진행방해,건조,맑음,교차로 - 교차로안,승용,남,47세,경상,승용,남,23세,경상
2016112600100662,2016년 11월 26일 21시,토요일,제주특별자치도 서귀포시 동홍동,경상사고,0,0,1,0,차대차 - 측면충돌,안전운전불이행,습기,비,교차로 - 교차로안,화물,남,57세,상해없음,승용,남,33세,경상
2016112600100702,2016년 11월 26일 22시,토요일,제주특별자치도 제주시 용담이동,경상사고,0,0,1,0,차대사람 - 기타,안전운전불이행,건조,흐림,기타 - 기타,승합,남,60세,상해없음,보행자,남,51세,경상
2016112600100724,2016년 11월 26일 23시,토요일,제주특별자치도 제주시 연동,경상사고,0,0,3,1,차대차 - 측면충돌,안전운전불이행,습기,비,교차로 - 교차로부근,승용,남,26세,부상신고,승용,여,53세,경상
2016112700100045,2016년 11월 27일 01시,일요일,제주특별자치도 제주시 연동,경상사고,0,0,1,0,차대차 - 기타,안전거리미확보,건조,맑음,교차로 - 교차로부근,승용,남,38세,상해없음,승용,남,55세,경상
2016112700100108,2016년 11월 27일 06시,일요일,제주특별자치도 서귀포시 서홍동,중상사고,0,1,0,0,차대차 - 기타,직진우회전진행방해,건조,맑음,교차로 - 교차로안,승용,여,44세,상해없음,승용,여,43세,중상
2016112700100222,2016년 11월 27일 13시,일요일,제주특별자치도 서귀포시 서귀동,경상사고,0,0,1,0,차대사람 - 기타,안전운전불이행,기타,맑음,단일로 - 기타,승용,여,48세,기타불명,보행자,남,76세,경상
2016112700100249,2016년 11월 27일 14시,일요일,제주특별자치도 제주시 노형동,경상사고,0,0,1,0,차대차 - 기타,직진우회전진행방해,건조,맑음,교차로 - 교차로안,승용,남,57세,상해없음,원동기,남,19세,경상
2016112700100251,2016년 11월 27일 14시,일요일,제주특별자치도 제주시 한경면,중상사고,0,1,0,0,차대사람 - 횡단중,안전운전불이행,건조,맑음,단일로 - 기타,승용,여,51세,상해없음,보행자,남,7세,중상
2016112700100288,2016년 11월 27일 15시,일요일,제주특별자치도 서귀포시 안덕면,경상사고,0,0,1,0,차대사람 - 보도통행중,안전운전불이행,건조,맑음,교차로 - 교차로부근,승용,여,19세,상해없음,보행자,남,23세,경상
2016112700100444,2016년 11월 27일 20시,일요일,제주특별자치도 서귀포시 성산읍,중상사고,0,1,0,0,차대차 - 측면충돌,직진우회전진행방해,건조,맑음,교차로 - 교차로안,이륜,남,57세,중상,승용,남,32세,상해없음
2016112700100480,2016년 11월 27일 22시,일요일,제주특별자치도 서귀포시 대포동,중상사고,0,1,0,0,차량단독 - 공작물충돌,안전운전불이행,건조,맑음,단일로 - 기타,승용,남,54세,중상,,,,
2016112700100501,2016년 11월 27일 23시,일요일,제주특별자치도 제주시 연동,중상사고,0,1,1,0,차대차 - 측면충돌,직진우회전진행방해,건조,맑음,교차로 - 교차로안,승용,남,22세,기타불명,승용,남,47세,경상
2016112800100063,2016년 11월 28일 06시,월요일,제주특별자치도 서귀포시 대정읍,사망사고,1,0,0,0,차대사람 - 횡단중,보행자보호의무위반,건조,맑음,단일로 - 기타,승용,남,55세,상해없음,보행자,여,76세,사망
2016112800100064,2016년 11월 28일 06시,월요일,제주특별자치도 제주시 연동,중상사고,0,1,0,0,차대사람 - 횡단중,안전운전불이행,건조,맑음,단일로 - 기타,승용,여,53세,상해없음,보행자,여,78세,중상
2016112800100222,2016년 11월 28일 10시,월요일,제주특별자치도 서귀포시 동홍동,중상사고,0,1,0,0,차대사람 - 횡단중,안전운전불이행,건조,맑음,단일로 - 횡단보도상,승용,여,68세,상해없음,보행자,여,81세,중상
2016112800100316,2016년 11월 28일 13시,월요일,제주특별자치도 서귀포시 법환동,중상사고,0,1,0,0,차대사람 - 횡단중,신호위반,건조,맑음,단일로 - 횡단보도상,자전거,남,31세,상해없음,보행자,여,55세,중상
2016112800100357,2016년 11월 28일 14시,월요일,제주특별자치도 제주시 구좌읍,중상사고,0,3,0,0,차대차 - 측면직각충돌,교차로운행방법위반,건조,맑음,교차로 - 교차로안,승용,남,48세,중상,승용,여,55세,상해없음
2016112800100472,2016년 11월 28일 17시,월요일,제주특별자치도 제주시 구좌읍,중상사고,0,1,0,0,차대사람 - 횡단중,안전운전불이행,건조,맑음,단일로 - 기타,승용,남,29세,상해없음,보행자,여,42세,중상
2016112800100473,2016년 11월 28일 17시,월요일,제주특별자치도 서귀포시 법환동,경상사고,0,0,1,0,차대사람 - 횡단중,안전운전불이행,건조,맑음,교차로 - 교차로안,승용,여,42세,상해없음,보행자,여,68세,경상
2016112800100614,2016년 11월 28일 20시,월요일,제주특별자치도 제주시 구좌읍,중상사고,0,2,4,1,차대차 - 정면충돌,신호위반,건조,맑음,교차로 - 교차로안,화물,남,46세,경상,승합,남,29세,경상
2016112800100681,2016년 11월 28일 23시,월요일,제주특별자치도 제주시 삼도일동,중상사고,0,1,0,0,차대사람 - 횡단중,신호위반,건조,맑음,단일로 - 횡단보도부근,승용,남,54세,상해없음,보행자,여,48세,중상
2016112900100031,2016년 11월 29일 03시,화요일,제주특별자치도 서귀포시 회수동,중상사고,0,1,0,0,차량단독 - 공작물충돌,안전운전불이행,건조,맑음,단일로 - 기타,승용,여,26세,중상,,,,
2016112900100086,2016년 11월 29일 07시,화요일,제주특별자치도 제주시 화북이동,중상사고,0,1,0,0,차대사람 - 횡단중,보행자보호의무위반,건조,맑음,단일로 - 횡단보도상,화물,남,45세,상해없음,보행자,여,61세,중상
2016112900100087,2016년 11월 29일 07시,화요일,제주특별자치도 서귀포시 대정읍,부상신고사고,0,0,0,1,차대차 - 추돌,안전운전불이행,건조,맑음,단일로 - 기타,원동기,남,20세,부상신고,화물,남,41세,상해없음
2016112900100137,2016년 11월 29일 08시,화요일,제주특별자치도 서귀포시 호근동,중상사고,0,1,2,0,차대차 - 측면직각충돌,과속,건조,맑음,교차로 - 교차로안,승용,남,59세,경상,승용,여,36세,중상
2016112900100210,2016년 11월 29일 10시,화요일,제주특별자치도 제주시 도련일동,경상사고,0,0,1,0,차대차 - 기타,안전운전불이행,건조,맑음,교차로 - 교차로부근,승용,남,61세,상해없음,원동기,남,32세,경상
2016112900100331,2016년 11월 29일 14시,화요일,제주특별자치도 제주시 구좌읍,중상사고,0,1,1,0,차대차 - 추돌,안전운전불이행,건조,맑음,교차로 - 교차로부근,화물,남,34세,상해없음,승용,남,26세,경상
2016112900100370,2016년 11월 29일 15시,화요일,제주특별자치도 제주시 화북일동,경상사고,0,0,2,0,차대차 - 측면직각충돌,안전거리미확보,건조,맑음,단일로 - 기타,승용,남,65세,경상,승합,여,52세,경상
2016112900100401,2016년 11월 29일 16시,화요일,제주특별자치도 서귀포시 남원읍,경상사고,0,0,1,0,차대차 - 측면직각충돌,차로위반,건조,맑음,단일로 - 기타,승용,여,36세,상해없음,승용,남,27세,경상
2016112900100451,2016년 11월 29일 17시,화요일,제주특별자치도 서귀포시 동홍동,중상사고,0,1,0,0,차대차 - 추돌,안전운전불이행,건조,맑음,교차로 - 교차로부근,승용,여,49세,상해없음,이륜,남,69세,중상
2016112900100501,2016년 11월 29일 18시,화요일,제주특별자치도 제주시 조천읍,경상사고,0,0,10,0,차대차 - 추돌,안전운전불이행,건조,맑음,단일로 - 기타,승합,남,42세,상해없음,승합,남,44세,경상
2016112900100543,2016년 11월 29일 19시,화요일,제주특별자치도 제주시 연동,경상사고,0,0,1,0,차대사람 - 길가장자리구역통행중,안전운전불이행,기타,맑음,기타 - 기타,승용,남,43세,상해없음,보행자,여,12세,경상
2016112900100629,2016년 11월 29일 22시,화요일,제주특별자치도 제주시 구좌읍,경상사고,0,0,1,0,차대차 - 정면충돌,교차로운행방법위반,건조,맑음,교차로 - 교차로안,승용,남,50세,상해없음,승용,여,47세,상해없음
2016113000100020,2016년 11월 30일 01시,수요일,제주특별자치도 제주시 삼도일동,경상사고,0,0,3,0,차대차 - 기타,중앙선침범,건조,맑음,단일로 - 기타,승용,남,21세,상해없음,승용,남,45세,경상
2016113000100021,2016년 11월 30일 01시,수요일,제주특별자치도 제주시 노형동,부상신고사고,0,0,0,1,차대차 - 측면직각충돌,직진우회전진행방해,습기,비,단일로 - 기타,승용,여,44세,기타불명,승용,남,39세,부상신고
2016113000100094,2016년 11월 30일 07시,수요일,제주특별자치도 제주시 한경면,경상사고,0,0,1,0,차대차 - 측면충돌,교차로운행방법위반,건조,맑음,교차로 - 교차로안,승합,남,57세,상해없음,승용,여,28세,경상
2016113000100123,2016년 11월 30일 08시,수요일,제주특별자치도 제주시 구좌읍,중상사고,0,1,1,0,차대차 - 기타,안전운전불이행,습기,비,단일로 - 기타,화물,남,21세,경상,원동기,기타불명,기타불명,기타불명
2016113000100180,2016년 11월 30일 10시,수요일,제주특별자치도 제주시 연동,경상사고,0,0,1,0,차대차 - 기타,안전거리미확보,건조,맑음,단일로 - 기타,승용,여,49세,상해없음,승용,남,41세,경상
2016113000100200,2016년 11월 30일 11시,수요일,제주특별자치도 서귀포시 남원읍,경상사고,0,0,1,0,차대사람 - 기타,안전운전불이행,기타,맑음,기타 - 기타,승합,남,53세,기타불명,보행자,남,81세,경상
2016113000100272,2016년 11월 30일 14시,수요일,제주특별자치도 제주시 연동,경상사고,0,0,1,0,차대차 - 측면충돌,안전운전불이행,습기,비,교차로 - 교차로안,승합,남,25세,상해없음,승용,남,37세,경상
2016113000100309,2016년 11월 30일 15시,수요일,제주특별자치도 제주시 구좌읍,중상사고,0,4,3,0,차대차 - 정면충돌,직진우회전진행방해,건조,흐림,교차로 - 교차로안,승용,여,29세,중상,승용,남,28세,경상
2016113000100385,2016년 11월 30일 17시,수요일,제주특별자치도 서귀포시 성산읍,경상사고,0,0,1,0,차대차 - 측면충돌,직진우회전진행방해,건조,맑음,교차로 - 교차로안,승합,남,52세,상해없음,승용,남,40세,경상
2016113000100386,2016년 11월 30일 17시,수요일,제주특별자치도 제주시 노형동,경상사고,0,0,1,0,차대차 - 기타,안전운전불이행,건조,맑음,기타 - 기타,승용,남,66세,상해없음,승용,남,31세,경상
2016113000100511,2016년 11월 30일 20시,수요일,제주특별자치도 제주시 연동,경상사고,0,0,3,1,차대차 - 추돌,안전운전불이행,건조,맑음,단일로 - 기타,승용,남,45세,상해없음,승용,여,22세,부상신고
2016113000100512,2016년 11월 30일 20시,수요일,제주특별자치도 제주시 연동,경상사고,0,0,1,0,차대차 - 측면직각충돌,직진우회전진행방해,습기,흐림,단일로 - 기타,승용,여,57세,기타불명,승용,여,51세,경상
2016113000100556,2016년 11월 30일 21시,수요일,제주특별자치도 제주시 아라이동,경상사고,0,0,2,0,차대차 - 추돌,안전운전불이행,건조,맑음,단일로 - 기타,승용,남,26세,경상,승용,여,50세,경상
2016120100100020,2016년 12월 1일 00시,목요일,제주특별자치도 제주시 이도이동,경상사고,0,0,1,0,차대차 - 정면충돌,신호위반,건조,맑음,교차로 - 교차로안,승용,남,29세,상해없음,승용,여,39세,경상
2016120100100155,2016년 12월 1일 08시,목요일,제주특별자치도 제주시 아라일동,경상사고,0,0,1,0,차대차 - 정면충돌,교차로운행방법위반,기타,맑음,교차로 - 교차로안,승용,남,22세,상해없음,승용,여,38세,경상
2016120100100156,2016년 12월 1일 08시,목요일,제주특별자치도 제주시 일도이동,중상사고,0,1,0,0,차대사람 - 횡단중,보행자보호의무위반,건조,맑음,단일로 - 횡단보도상,승용,여,38세,상해없음,보행자,여,22세,중상
2016120100100199,2016년 12월 1일 09시,목요일,제주특별자치도 서귀포시 도순동,경상사고,0,0,1,0,차대차 - 추돌,안전거리미확보,건조,맑음,단일로 - 기타,승용,여,42세,상해없음,승용,남,50세,경상
2016120100100249,2016년 12월 1일 11시,목요일,제주특별자치도 제주시 노형동,부상신고사고,0,0,0,1,차대사람 - 기타,보행자보호의무위반,건조,맑음,교차로 - 교차로안,건설기계,남,43세,상해없음,보행자,여,21세,부상신고
2016120100100280,2016년 12월 1일 12시,목요일,제주특별자치도 제주시 한림읍,경상사고,0,0,4,1,차대차 - 추돌,안전거리미확보,건조,맑음,교차로 - 교차로부근,승용,남,45세,상해없음,승용,남,45세,경상
2016120100100281,2016년 12월 1일 12시,목요일,제주특별자치도 제주시 용담삼동,경상사고,0,0,2,0,차대차 - 측면충돌,중앙선침범,건조,맑음,단일로 - 기타,승용,남,22세,상해없음,화물,남,41세,경상
2016120100100299,2016년 12월 1일 13시,목요일,제주특별자치도 서귀포시 성산읍,부상신고사고,0,0,0,1,차량단독 - 전도전복,안전운전불이행,건조,맑음,단일로 - 기타,이륜,남,55세,부상신고,,,,
2016120100100615,2016년 12월 1일 21시,목요일,제주특별자치도 제주시 일도이동,중상사고,0,1,0,0,차대차 - 정면충돌,교차로운행방법위반,건조,맑음,교차로 - 교차로안,승용,남,49세,상해없음,이륜,남,22세,중상
2016120100100642,2016년 12월 1일 22시,목요일,제주특별자치도 제주시 오라삼동,중상사고,0,2,1,0,차대차 - 추돌,안전운전불이행,건조,맑음,단일로 - 기타,승용,여,24세,상해없음,승용,남,23세,경상
2016120100100643,2016년 12월 1일 22시,목요일,제주특별자치도 서귀포시 남원읍,중상사고,0,1,0,0,차대차 - 추돌,안전운전불이행,건조,맑음,교차로 - 교차로부근,승용,남,55세,상해없음,승용,여,36세,중상
2016120200100028,2016년 12월 2일 01시,금요일,제주특별자치도 제주시 도남동,경상사고,0,0,2,0,차대차 - 정면충돌,안전운전불이행,건조,맑음,교차로 - 교차로부근,승용,남,22세,상해없음,승용,남,60세,경상
2016120200100029,2016년 12월 2일 01시,금요일,제주특별자치도 제주시 용담이동,경상사고,0,0,1,0,차량단독 - 전도전복,안전운전불이행,기타,맑음,교차로 - 교차로부근,이륜,남,26세,경상,,,,
2016120200100085,2016년 12월 2일 06시,금요일,제주특별자치도 제주시 이도일동,중상사고,0,1,0,0,차대차 - 기타,안전운전불이행,습기,흐림,교차로 - 교차로안,원동기,남,39세,중상,승용,남,54세,상해없음
2016120200100109,2016년 12월 2일 07시,금요일,제주특별자치도 제주시 오라일동,경상사고,0,0,1,0,차대차 - 측면직각충돌,신호위반,건조,맑음,교차로 - 교차로안,승용,남,43세,상해없음,승용,남,27세,상해없음
2016120200100207,2016년 12월 2일 10시,금요일,제주특별자치도 제주시 용담삼동,경상사고,0,0,2,1,차대차 - 기타,안전운전불이행,건조,맑음,교차로 - 교차로부근,승용,여,27세,부상신고,승용,여,54세,경상
2016120200100247,2016년 12월 2일 11시,금요일,제주특별자치도 제주시 이도이동,중상사고,0,1,0,0,차대사람 - 보도통행중,안전운전불이행,건조,맑음,단일로 - 기타,화물,남,51세,상해없음,보행자,남,81세,중상
2016120200100248,2016년 12월 2일 11시,금요일,제주특별자치도 서귀포시 동홍동,경상사고,0,0,1,0,차대차 - 측면직각충돌,교차로운행방법위반,건조,맑음,교차로 - 교차로안,승용,남,67세,기타불명,화물,남,39세,경상
2016120200100278,2016년 12월 2일 12시,금요일,제주특별자치도 서귀포시 서귀동,경상사고,0,0,1,0,차대사람 - 횡단중,보행자보호의무위반,건조,맑음,교차로 - 교차로부근,승용,남,66세,상해없음,보행자,남,18세,경상
2016120200100315,2016년 12월 2일 13시,금요일,제주특별자치도 제주시 삼도일동,경상사고,0,0,1,0,차대사람 - 횡단중,보행자보호의무위반,기타,맑음,단일로 - 횡단보도상,승용,여,26세,상해없음,보행자,남,78세,경상
2016120200100316,2016년 12월 2일 13시,금요일,제주특별자치도 제주시 노형동,부상신고사고,0,0,0,1,차대차 - 기타,안전운전불이행,건조,맑음,교차로 - 교차로안,승합,여,55세,상해없음,이륜,남,46세,부상신고
2016120200100432,2016년 12월 2일 16시,금요일,제주특별자치도 제주시 조천읍,중상사고,0,1,0,0,차대차 - 측면직각충돌,안전운전불이행,건조,맑음,단일로 - 기타,승용,여,69세,상해없음,승용,여,30세,중상
2016120200100433,2016년 12월 2일 16시,금요일,제주특별자치도 제주시 이도이동,경상사고,0,0,1,0,차대차 - 기타,안전운전불이행,건조,맑음,교차로 - 교차로안,승용,남,75세,상해없음,자전거,남,14세,경상
2016120200100434,2016년 12월 2일 16시,금요일,제주특별자치도 제주시 영평동,경상사고,0,0,1,0,차대차 - 측면직각충돌,교차로운행방법위반,건조,맑음,교차로 - 교차로안,승용,여,58세,상해없음,화물,남,68세,경상
2016120200100435,2016년 12월 2일 16시,금요일,제주특별자치도 제주시 노형동,경상사고,0,0,2,0,차대차 - 기타,직진우회전진행방해,건조,맑음,교차로 - 교차로안,승용,남,40세,상해없음,승용,남,74세,경상
2016120200100436,2016년 12월 2일 16시,금요일,제주특별자치도 제주시 한림읍,중상사고,0,1,0,0,차대차 - 측면충돌,안전운전불이행,건조,맑음,단일로 - 기타,화물,남,62세,중상,화물,남,50세,상해없음
2016120200100479,2016년 12월 2일 17시,금요일,제주특별자치도 제주시 용담일동,중상사고,0,1,1,0,차대차 - 정면충돌,신호위반,건조,맑음,교차로 - 교차로안,승용,남,46세,상해없음,승용,남,55세,중상
2016120200100480,2016년 12월 2일 17시,금요일,제주특별자치도 서귀포시 남원읍,경상사고,0,0,2,0,차대차 - 추돌,안전운전불이행,건조,맑음,교차로 - 교차로부근,화물,남,59세,상해없음,승용,남,56세,경상
2016120200100481,2016년 12월 2일 17시,금요일,제주특별자치도 서귀포시 남원읍,경상사고,0,0,1,0,차대차 - 추돌,안전운전불이행,건조,맑음,단일로 - 기타,승합,남,35세,상해없음,승용,남,38세,경상
2016120200100549,2016년 12월 2일 18시,금요일,제주특별자치도 서귀포시 상예동,중상사고,0,2,2,0,차대차 - 추돌,안전거리미확보,건조,맑음,단일로 - 기타,승용,남,67세,경상,농기계,남,61세,경상
2016120200100550,2016년 12월 2일 18시,금요일,제주특별자치도 서귀포시 동홍동,중상사고,0,1,0,0,차대사람 - 횡단중,안전운전불이행,건조,맑음,교차로 - 교차로안,화물,남,62세,상해없음,보행자,남,57세,중상
2016120200100551,2016년 12월 2일 18시,금요일,제주특별자치도 제주시 연동,경상사고,0,0,1,0,차대차 - 추돌,안전운전불이행,기타,맑음,교차로 - 교차로부근,승용,남,38세,상해없음,승용,남,46세,경상
2016120200100552,2016년 12월 2일 18시,금요일,제주특별자치도 제주시 도두일동,경상사고,0,0,1,0,차대사람 - 횡단중,보행자보호의무위반,건조,맑음,교차로 - 교차로안,화물,남,61세,상해없음,보행자,남,56세,경상
2016120200100628,2016년 12월 2일 20시,금요일,제주특별자치도 제주시 이도일동,중상사고,0,3,2,0,차대차 - 정면충돌,안전거리미확보,건조,맑음,단일로 - 기타,승용,남,59세,중상,승용,여,46세,중상
2016120200100683,2016년 12월 2일 22시,금요일,제주특별자치도 제주시 연동,경상사고,0,0,1,0,차대사람 - 기타,안전운전불이행,건조,맑음,단일로 - 기타,승용,여,56세,상해없음,보행자,여,48세,경상
2016120200100712,2016년 12월 2일 23시,금요일,제주특별자치도 제주시 이도이동,경상사고,0,0,2,0,차대차 - 추돌,안전운전불이행,건조,맑음,교차로 - 교차로부근,승용,남,47세,상해없음,승용,여,43세,경상
2016120300100048,2016년 12월 3일 01시,토요일,제주특별자치도 제주시 건입동,부상신고사고,0,0,0,1,차량단독 - 공작물충돌,안전운전불이행,건조,맑음,단일로 - 기타,승용,남,32세,부상신고,,,,
2016120300100065,2016년 12월 3일 02시,토요일,제주특별자치도 제주시 연동,경상사고,0,0,2,0,차대차 - 측면직각충돌,직진우회전진행방해,건조,맑음,교차로 - 교차로안,승용,남,24세,경상,승용,여,33세,경상
2016120300100281,2016년 12월 3일 12시,토요일,제주특별자치도 제주시 노형동,중상사고,0,1,1,1,차대차 - 추돌,안전거리미확보,건조,맑음,단일로 - 기타,승합,남,48세,상해없음,승용,여,43세,부상신고
2016120300100352,2016년 12월 3일 14시,토요일,제주특별자치도 제주시 연동,경상사고,0,0,1,0,차대차 - 측면충돌,신호위반,건조,맑음,교차로 - 교차로안,승용,여,50세,상해없음,승용,남,67세,경상
2016120300100416,2016년 12월 3일 16시,토요일,제주특별자치도 제주시 한림읍,경상사고,0,0,1,0,차대차 - 측면충돌,안전운전불이행,건조,맑음,기타 - 기타,승용,남,46세,상해없음,이륜,남,27세,경상
2016120300100450,2016년 12월 3일 17시,토요일,제주특별자치도 서귀포시 성산읍,경상사고,0,0,2,0,차대차 - 측면충돌,차로위반,건조,맑음,단일로 - 기타,화물,남,22세,경상,승용,여,48세,경상
2016120300100490,2016년 12월 3일 18시,토요일,제주특별자치도 제주시 삼도이동,사망사고,1,0,0,0,차대사람 - 횡단중,보행자보호의무위반,건조,맑음,단일로 - 기타,화물,남,50세,상해없음,보행자,남,72세,사망
2016120300100491,2016년 12월 3일 18시,토요일,제주특별자치도 제주시 조천읍,중상사고,0,1,1,0,차대사람 - 길가장자리구역통행중,안전운전불이행,건조,기타,단일로 - 기타,승용,남,26세,경상,보행자,남,59세,중상
2016120300100492,2016년 12월 3일 18시,토요일,제주특별자치도 제주시 애월읍,중상사고,0,1,0,0,차대차 - 기타,안전운전불이행,건조,맑음,교차로 - 교차로안,승용,남,38세,상해없음,자전거,남,18세,중상
2016120300100604,2016년 12월 3일 21시,토요일,제주특별자치도 제주시 연동,중상사고,0,1,1,0,차대사람 - 횡단중,보행자보호의무위반,건조,맑음,단일로 - 횡단보도상,승합,남,59세,상해없음,보행자,남,35세,중상
2016120400100126,2016년 12월 4일 10시,일요일,제주특별자치도 제주시 오등동,중상사고,0,1,0,0,차량단독 - 전도전복,안전운전불이행,건조,맑음,교차로 - 교차로안,화물,남,52세,중상,,,,
2016120400100127,2016년 12월 4일 10시,일요일,제주특별자치도 서귀포시 서귀동,부상신고사고,0,0,0,1,차대차 - 측면직각충돌,직진우회전진행방해,건조,맑음,교차로 - 교차로안,승용,남,32세,기타불명,승용,여,66세,부상신고
2016120400100145,2016년 12월 4일 11시,일요일,제주특별자치도 제주시 화북이동,경상사고,0,0,1,0,차대차 - 추돌,안전거리미확보,건조,맑음,단일로 - 기타,화물,남,52세,상해없음,화물,남,43세,경상
2016120400100170,2016년 12월 4일 12시,일요일,제주특별자치도 서귀포시 대정읍,경상사고,0,0,1,0,차대차 - 측면충돌,안전운전불이행,건조,맑음,단일로 - 기타,승용,남,45세,기타불명,승용,여,53세,경상
2016120400100211,2016년 12월 4일 14시,일요일,제주특별자치도 제주시 연동,경상사고,0,0,2,0,차대차 - 기타,교차로운행방법위반,건조,맑음,교차로 - 교차로안,승합,남,54세,기타불명,승용,남,39세,경상
2016120400100232,2016년 12월 4일 15시,일요일,제주특별자치도 제주시 조천읍,중상사고,0,1,0,0,차대차 - 정면충돌,신호위반,건조,맑음,교차로 - 교차로안,화물,남,57세,상해없음,화물,남,27세,중상
2016120400100355,2016년 12월 4일 19시,일요일,제주특별자치도 제주시 오라일동,중상사고,0,1,0,0,차대차 - 정면충돌,직진우회전진행방해,건조,기타,교차로 - 교차로안,승용,남,40세,상해없음,이륜,남,34세,중상
2016120400100356,2016년 12월 4일 19시,일요일,제주특별자치도 서귀포시 서귀동,경상사고,0,0,2,0,차대사람 - 기타,안전운전불이행,건조,맑음,단일로 - 기타,승용,남,78세,상해없음,보행자,남,67세,경상
2016120500100022,2016년 12월 5일 01시,월요일,제주특별자치도 서귀포시 동홍동,부상신고사고,0,0,0,1,차대사람 - 횡단중,안전운전불이행,건조,기타,단일로 - 기타,기타불명,기타불명,기타불명,기타불명,보행자,남,45세,부상신고
2016120500100067,2016년 12월 5일 06시,월요일,제주특별자치도 제주시 애월읍,경상사고,0,0,1,0,차대차 - 추돌,신호위반,건조,맑음,교차로 - 교차로안,승용,여,56세,경상,승용,기타불명,기타불명,기타불명
2016120500100130,2016년 12월 5일 08시,월요일,제주특별자치도 제주시 오라일동,중상사고,0,1,0,0,차대사람 - 횡단중,안전운전불이행,건조,맑음,교차로 - 교차로부근,승용,여,41세,상해없음,보행자,여,73세,중상
2016120500100131,2016년 12월 5일 08시,월요일,제주특별자치도 제주시 이도이동,중상사고,0,1,1,0,차대사람 - 횡단중,보행자보호의무위반,건조,맑음,단일로 - 횡단보도상,승용,여,60세,상해없음,보행자,여,13세,경상
2016120500100132,2016년 12월 5일 08시,월요일,제주특별자치도 제주시 노형동,경상사고,0,0,1,0,차대차 - 추돌,안전운전불이행,건조,맑음,기타 - 기타,승용,남,51세,상해없음,승용,여,43세,경상
2016120500100185,2016년 12월 5일 10시,월요일,제주특별자치도 서귀포시 호근동,경상사고,0,0,1,0,차대차 - 정면충돌,과속,건조,맑음,교차로 - 교차로부근,화물,남,43세,경상,승합,남,45세,상해없음
2016120500100186,2016년 12월 5일 10시,월요일,제주특별자치도 서귀포시 대정읍,사망사고,1,0,0,0,차량단독 - 전도전복,안전운전불이행,건조,맑음,단일로 - 기타,농기계,여,79세,사망,,,,
2016120500100217,2016년 12월 5일 11시,월요일,제주특별자치도 서귀포시 안덕면,경상사고,0,0,1,0,차대차 - 기타,직진우회전진행방해,건조,맑음,교차로 - 교차로안,건설기계,남,68세,상해없음,승용,여,44세,경상
2016120500100247,2016년 12월 5일 12시,월요일,제주특별자치도 제주시 아라이동,중상사고,0,2,2,0,차대차 - 정면충돌,안전운전불이행,건조,맑음,단일로 - 기타,승용,남,45세,상해없음,승용,여,35세,중상
2016120500100369,2016년 12월 5일 17시,월요일,제주특별자치도 제주시 삼양이동,경상사고,0,0,1,0,차대차 - 정면충돌,신호위반,건조,맑음,교차로 - 교차로안,승용,여,70세,상해없음,승용,여,57세,상해없음
2016120500100432,2016년 12월 5일 18시,월요일,제주특별자치도 제주시 이도이동,부상신고사고,0,0,0,1,차대차 - 정면충돌,차로위반,건조,기타,교차로 - 교차로부근,이륜,남,31세,부상신고,승용,남,49세,상해없음
2016120500100433,2016년 12월 5일 18시,월요일,제주특별자치도 제주시 노형동,중상사고,0,1,0,0,차대사람 - 횡단중,안전운전불이행,건조,맑음,기타 - 기타,승용,남,53세,상해없음,보행자,여,45세,중상
2016120500100480,2016년 12월 5일 19시,월요일,제주특별자치도 제주시 화북이동,경상사고,0,0,4,1,차대차 - 측면충돌,차로위반,기타,맑음,단일로 - 기타,승합,남,48세,상해없음,승합,남,43세,경상