사고번호,사고일시,요일,시군구,사고내용,사망자수,중상자수,경상자수,부상신고자수,사고유형,법규위반,노면상태,기상상태,도로형태,가해운전자 차종,가해운전자 성별,가해운전자 연령,가해운전자 상해정도,피해운전자 차종,피해운전자 성별,피해운전자 연령,피해운전자 상해정도
2016121500100475,2016년 12월 15일 18시,목요일,제주특별자치도 제주시 건입동,경상사고,0,0,1,0,차대사람 - 횡단중,안전운전불이행,건조,맑음,단일로 - 기타,승용,남,74세,상해없음,보행자,남,28세,경상
2016121500100476,2016년 12월 15일 18시,목요일,제주특별자치도 제주시 아라일동,중상사고,0,1,0,0,차대차 - 기타,안전운전불이행,건조,흐림,단일로 - 기타,기타불명,기타불명,기타불명,기타불명,이륜,남,69세,중상
2016121500100477,2016년 12월 15일 18시,목요일,제주특별자치도 서귀포시 대정읍,중상사고,0,1,0,0,차대사람 - 차도통행중,안전운전불이행,건조,맑음,단일로 - 기타,화물,남,39세,상해없음,보행자,남,47세,중상
2016121500100478,2016년 12월 15일 18시,목요일,제주특별자치도 제주시 한림읍,경상사고,0,0,1,0,차대차 - 정면충돌,직진우회전진행방해,건조,맑음,교차로 - 교차로안,승용,남,26세,상해없음,승용,여,45세,경상
2016121500100479,2016년 12월 15일 18시,목요일,제주특별자치도 제주시 한림읍,중상사고,0,1,0,0,차대차 - 기타,직진우회전진행방해,건조,맑음,교차로 - 교차로안,승용,남,61세,상해없음,승용,남,24세,중상
2016121500100541,2016년 12월 15일 20시,목요일,제주특별자치도 서귀포시 서귀동,경상사고,0,0,1,0,차대사람 - 횡단중,보행자보호의무위반,건조,맑음,단일로 - 횡단보도상,승용,남,32세,상해없음,보행자,남,36세,경상
2016121500100571,2016년 12월 15일 21시,목요일,제주특별자치도 제주시 화북일동,경상사고,0,0,2,0,차대차 - 기타,교차로운행방법위반,건조,맑음,교차로 - 교차로부근,승용,남,61세,상해없음,승용,여,45세,경상
2016121600100027,2016년 12월 16일 01시,금요일,제주특별자치도 서귀포시 안덕면,경상사고,0,0,2,0,차대차 - 측면충돌,직진우회전진행방해,습기,흐림,교차로 - 교차로안,승용,남,56세,기타불명,승용,남,24세,경상
2016121600100028,2016년 12월 16일 01시,금요일,제주특별자치도 제주시 연동,중상사고,0,1,0,0,차대차 - 측면직각충돌,교차로운행방법위반,습기,비,교차로 - 교차로안,승용,남,52세,상해없음,이륜,남,29세,중상
2016121600100433,2016년 12월 16일 16시,금요일,제주특별자치도 서귀포시 남원읍,중상사고,0,2,1,0,차대차 - 측면충돌,교차로운행방법위반,건조,맑음,교차로 - 교차로안,승용,남,23세,경상,승용,남,33세,중상
2016121600100687,2016년 12월 16일 23시,금요일,제주특별자치도 서귀포시 남원읍,경상사고,0,0,1,0,차대차 - 기타,직진우회전진행방해,건조,맑음,교차로 - 교차로안,승용,남,45세,상해없음,승용,남,38세,상해없음
2016121700100048,2016년 12월 17일 01시,토요일,제주특별자치도 제주시 삼양일동,경상사고,0,0,1,0,차량단독 - 공작물충돌,안전운전불이행,건조,맑음,교차로 - 교차로부근,승용,남,47세,상해없음,,,,
2016121700100111,2016년 12월 17일 06시,토요일,제주특별자치도 서귀포시 서홍동,부상신고사고,0,0,0,1,차대차 - 추돌,안전거리미확보,건조,맑음,교차로 - 교차로부근,승용,남,61세,부상신고,특수,남,55세,상해없음
2016121700100125,2016년 12월 17일 07시,토요일,제주특별자치도 서귀포시 남원읍,중상사고,0,1,1,1,차대차 - 측면충돌,직진우회전진행방해,건조,맑음,교차로 - 교차로안,승용,여,62세,부상신고,승합,남,53세,상해없음
2016121700100164,2016년 12월 17일 09시,토요일,제주특별자치도 제주시 영평동,경상사고,0,0,1,0,차대차 - 측면직각충돌,안전거리미확보,건조,맑음,단일로 - 기타,승합,남,48세,상해없음,승용,남,34세,경상
2016121700100259,2016년 12월 17일 12시,토요일,제주특별자치도 제주시 이도일동,경상사고,0,0,2,0,차대차 - 기타,안전거리미확보,건조,맑음,단일로 - 기타,승용,여,54세,상해없음,승합,남,42세,상해없음
2016121700100286,2016년 12월 17일 13시,토요일,제주특별자치도 서귀포시 서귀동,경상사고,0,0,2,0,차대사람 - 횡단중,보행자보호의무위반,건조,맑음,단일로 - 기타,승용,남,48세,상해없음,보행자,남,16세,경상
2016121700100287,2016년 12월 17일 13시,토요일,제주특별자치도 제주시 도두일동,경상사고,0,0,1,0,차대사람 - 횡단중,안전운전불이행,건조,맑음,단일로 - 기타,승용,남,47세,상해없음,보행자,여,84세,경상
2016121700100356,2016년 12월 17일 15시,토요일,제주특별자치도 제주시 노형동,경상사고,0,0,1,0,차대사람 - 길가장자리구역통행중,안전운전불이행,건조,맑음,단일로 - 기타,승용,여,28세,상해없음,보행자,남,22세,경상
2016121700100379,2016년 12월 17일 16시,토요일,제주특별자치도 제주시 일도이동,경상사고,0,0,1,0,차대사람 - 횡단중,안전운전불이행,건조,맑음,교차로 - 교차로안,승용,남,37세,상해없음,보행자,남,56세,경상
2016121700100380,2016년 12월 17일 16시,토요일,제주특별자치도 제주시 연동,경상사고,0,0,1,0,차대차 - 측면충돌,안전운전불이행,건조,맑음,교차로 - 교차로부근,승용,여,66세,상해없음,승용,여,30세,경상
2016121700100464,2016년 12월 17일 18시,토요일,제주특별자치도 서귀포시 하예동,중상사고,0,1,0,0,차대사람 - 횡단중,안전운전불이행,건조,맑음,단일로 - 기타,승용,여,30세,상해없음,보행자,남,66세,중상
2016121700100465,2016년 12월 17일 18시,토요일,제주특별자치도 제주시 용담이동,경상사고,0,0,1,0,차대차 - 기타,안전운전불이행,건조,맑음,단일로 - 기타,승용,여,35세,상해없음,승용,남,64세,상해없음
2016121700100528,2016년 12월 17일 19시,토요일,제주특별자치도 제주시 삼양이동,경상사고,0,0,1,0,차대차 - 정면충돌,신호위반,건조,기타,교차로 - 교차로안,이륜,남,19세,경상,승용,여,23세,상해없음
2016121700100529,2016년 12월 17일 19시,토요일,제주특별자치도 제주시 용담이동,중상사고,0,1,2,0,차대차 - 기타,안전거리미확보,건조,맑음,단일로 - 기타,승용,남,47세,상해없음,승용,남,55세,경상
2016121700100600,2016년 12월 17일 21시,토요일,제주특별자치도 제주시 도남동,경상사고,0,0,1,0,차대사람 - 횡단중,안전운전불이행,건조,맑음,교차로 - 교차로부근,승용,남,35세,상해없음,보행자,남,60세,경상
2016121700100632,2016년 12월 17일 22시,토요일,제주특별자치도 서귀포시 동홍동,경상사고,0,0,2,0,차대차 - 측면직각충돌,직진우회전진행방해,건조,맑음,교차로 - 교차로안,승용,남,57세,상해없음,승용,남,43세,경상
2016121800100042,2016년 12월 18일 01시,일요일,제주특별자치도 제주시 도련일동,경상사고,0,0,3,0,차대차 - 측면충돌,신호위반,건조,맑음,교차로 - 교차로안,승용,남,22세,경상,승용,남,25세,상해없음
2016121800100090,2016년 12월 18일 05시,일요일,제주특별자치도 제주시 삼도이동,중상사고,0,1,0,0,차량단독 - 전도전복,안전운전불이행,건조,맑음,교차로 - 교차로안,승용,남,56세,상해없음,,,,
2016121800100091,2016년 12월 18일 05시,일요일,제주특별자치도 제주시 이도이동,중상사고,0,1,0,0,차대사람 - 횡단중,안전운전불이행,건조,흐림,단일로 - 기타,승용,여,61세,상해없음,보행자,여,59세,중상
2016121800100131,2016년 12월 18일 08시,일요일,제주특별자치도 제주시 노형동,경상사고,0,0,2,0,차대차 - 기타,안전운전불이행,건조,맑음,단일로 - 기타,승용,여,58세,경상,승용,여,50세,경상
2016121800100145,2016년 12월 18일 09시,일요일,제주특별자치도 제주시 도련일동,중상사고,0,1,0,0,차대사람 - 횡단중,안전운전불이행,건조,맑음,교차로 - 교차로안,화물,남,70세,상해없음,보행자,여,78세,중상
2016121800100163,2016년 12월 18일 10시,일요일,제주특별자치도 제주시 건입동,경상사고,0,0,1,0,차대차 - 정면충돌,안전운전불이행,건조,맑음,기타 - 기타,승용,남,49세,상해없음,승용,여,37세,경상
2016121800100180,2016년 12월 18일 11시,일요일,제주특별자치도 제주시 조천읍,경상사고,0,0,1,0,차대차 - 정면충돌,안전운전불이행,건조,맑음,교차로 - 교차로부근,이륜,여,74세,경상,승합,여,58세,상해없음
2016121800100189,2016년 12월 18일 12시,일요일,제주특별자치도 제주시 도남동,부상신고사고,0,0,0,1,차량단독 - 전도전복,안전운전불이행,건조,맑음,단일로 - 기타,승용,남,54세,상해없음,,,,
2016121800100190,2016년 12월 18일 12시,일요일,제주특별자치도 서귀포시 안덕면,부상신고사고,0,0,0,1,차대차 - 측면충돌,차로위반,건조,맑음,교차로 - 교차로안,기타불명,기타불명,기타불명,기타불명,승용,남,47세,부상신고
2016121800100191,2016년 12월 18일 12시,일요일,제주특별자치도 서귀포시 서홍동,경상사고,0,0,1,0,차대사람 - 횡단중,안전운전불이행,건조,맑음,단일로 - 기타,승용,여,69세,기타불명,보행자,남,50세,경상
2016121800100309,2016년 12월 18일 17시,일요일,제주특별자치도 제주시 봉개동,중상사고,0,2,0,0,차대차 - 정면충돌,중앙선침범,건조,맑음,단일로 - 기타,승용,남,36세,중상,승용,남,66세,중상
2016121800100376,2016년 12월 18일 19시,일요일,제주특별자치도 제주시 일도일동,중상사고,0,1,0,0,차대차 - 정면충돌,안전운전불이행,건조,맑음,단일로 - 기타,승용,남,56세,상해없음,자전거,남,23세,중상
2016121800100377,2016년 12월 18일 19시,일요일,제주특별자치도 제주시 아라일동,부상신고사고,0,0,0,1,차대사람 - 기타,안전운전불이행,건조,맑음,단일로 - 기타,승용,남,34세,상해없음,보행자,남,90세 이상,부상신고
2016121800100378,2016년 12월 18일 19시,일요일,제주특별자치도 제주시 노형동,경상사고,0,0,1,0,차대사람 - 횡단중,보행자보호의무위반,건조,맑음,단일로 - 횡단보도상,승용,남,50세,상해없음,보행자,남,25세,경상
2016121800100404,2016년 12월 18일 20시,일요일,제주특별자치도 제주시 일도이동,중상사고,0,1,0,0,차대차 - 정면충돌,신호위반,건조,맑음,교차로 - 교차로안,승용,여,52세,상해없음,승용,남,57세,중상
2016121800100405,2016년 12월 18일 20시,일요일,제주특별자치도 제주시 노형동,사망사고,1,0,0,0,차대차 - 기타,안전거리미확보,건조,맑음,단일로 - 기타,승합,남,45세,상해없음,이륜,남,33세,상해없음
2016121900100008,2016년 12월 19일 00시,월요일,제주특별자치도 제주시 도남동,경상사고,0,0,4,0,차대차 - 정면충돌,안전거리미확보,건조,흐림,단일로 - 기타,승용,남,37세,상해없음,승용,남,68세,경상
2016121900100016,2016년 12월 19일 01시,월요일,제주특별자치도 제주시 이도일동,경상사고,0,0,1,0,차대차 - 정면충돌,중앙선침범,건조,기타,단일로 - 기타,승용,남,27세,상해없음,승용,남,63세,상해없음
2016121900100086,2016년 12월 19일 06시,월요일,제주특별자치도 제주시 용담일동,사망사고,1,0,0,0,차대사람 - 횡단중,안전운전불이행,건조,맑음,단일로 - 기타,승용,여,54세,상해없음,보행자,여,76세,사망
2016121900100148,2016년 12월 19일 08시,월요일,제주특별자치도 제주시 애월읍,경상사고,0,0,1,0,차대사람 - 기타,안전운전불이행,습기,흐림,교차로 - 교차로안,화물,남,28세,상해없음,보행자,여,31세,경상
2016121900100182,2016년 12월 19일 09시,월요일,제주특별자치도 서귀포시 안덕면,경상사고,0,0,2,0,차대차 - 추돌,안전운전불이행,건조,맑음,단일로 - 기타,승용,여,23세,상해없음,승용,남,27세,경상
2016121900100238,2016년 12월 19일 11시,월요일,제주특별자치도 서귀포시 성산읍,중상사고,0,1,1,0,차대차 - 측면직각충돌,신호위반,습기,비,교차로 - 교차로안,승용,여,56세,경상,화물,남,48세,상해없음
2016121900100280,2016년 12월 19일 13시,월요일,제주특별자치도 제주시 구좌읍,경상사고,0,0,2,0,차대차 - 정면충돌,안전운전불이행,건조,흐림,단일로 - 기타,화물,남,49세,기타불명,화물,남,40세,경상
2016121900100382,2016년 12월 19일 16시,월요일,제주특별자치도 제주시 삼양이동,경상사고,0,0,3,0,차대차 - 정면충돌,안전운전불이행,습기,흐림,교차로 - 교차로부근,승용,남,45세,상해없음,화물,남,35세,경상
2016121900100420,2016년 12월 19일 17시,월요일,제주특별자치도 서귀포시 서귀동,부상신고사고,0,0,0,1,차대사람 - 기타,안전운전불이행,기타,비,교차로 - 교차로부근,기타불명,기타불명,기타불명,기타불명,보행자,여,31세,부상신고
2016121900100421,2016년 12월 19일 17시,월요일,제주특별자치도 제주시 연동,경상사고,0,0,1,0,차대사람 - 횡단중,신호위반,습기,비,교차로 - 교차로안,기타불명,기타불명,기타불명,기타불명,보행자,여,19세,경상
2016121900100476,2016년 12월 19일 18시,월요일,제주특별자치도 서귀포시 남원읍,중상사고,0,1,2,0,차대차 - 측면직각충돌,교차로운행방법위반,습기,비,교차로 - 교차로안,승용,남,71세,경상,승용,여,53세,경상
2016121900100514,2016년 12월 19일 19시,월요일,제주특별자치도 서귀포시 서귀동,경상사고,0,0,1,0,차대사람 - 횡단중,보행자보호의무위반,습기,비,단일로 - 횡단보도상,승용,여,42세,상해없음,보행자,남,61세,경상
2016121900100542,2016년 12월 19일 20시,월요일,제주특별자치도 제주시 삼도일동,경상사고,0,0,1,0,차대차 - 정면충돌,교차로운행방법위반,건조,맑음,교차로 - 교차로안,승용,남,47세,상해없음,이륜,남,39세,경상
2016121900100600,2016년 12월 19일 22시,월요일,제주특별자치도 제주시 연동,경상사고,0,0,1,0,차대사람 - 기타,안전운전불이행,습기,비,교차로 - 교차로부근,승용,여,44세,상해없음,보행자,남,58세,경상
2016122000100110,2016년 12월 20일 07시,화요일,제주특별자치도 제주시 조천읍,경상사고,0,0,1,0,차대차 - 측면충돌,신호위반,습기,비,교차로 - 교차로안,승용,여,60세,상해없음,화물,남,33세,경상
2016122000100141,2016년 12월 20일 08시,화요일,제주특별자치도 제주시 삼도일동,경상사고,0,0,1,0,차대사람 - 기타,안전운전불이행,건조,맑음,단일로 - 기타,승합,남,33세,상해없음,보행자,남,50세,경상
2016122000100142,2016년 12월 20일 08시,화요일,제주특별자치도 제주시 아라일동,부상신고사고,0,0,0,1,차대차 - 정면충돌,교차로운행방법위반,건조,맑음,교차로 - 교차로안,원동기,남,26세,부상신고,승용,여,29세,상해없음
2016122000100143,2016년 12월 20일 08시,화요일,제주특별자치도 서귀포시 남원읍,경상사고,0,0,1,0,차대차 - 측면충돌,기타,건조,맑음,교차로 - 교차로안,승용,남,58세,상해없음,승용,남,37세,경상
2016122000100176,2016년 12월 20일 09시,화요일,제주특별자치도 서귀포시 표선면,경상사고,0,0,1,0,차대차 - 추돌,안전운전불이행,건조,맑음,교차로 - 교차로부근,승용,남,54세,상해없음,승용,남,49세,경상
2016122000100177,2016년 12월 20일 09시,화요일,제주특별자치도 서귀포시 표선면,부상신고사고,0,0,0,1,차대차 - 추돌,교차로운행방법위반,건조,맑음,교차로 - 교차로안,건설기계,남,41세,상해없음,승용,남,72세,부상신고
2016122000100178,2016년 12월 20일 09시,화요일,제주특별자치도 제주시 애월읍,경상사고,0,0,1,0,차대차 - 측면충돌,안전운전불이행,건조,맑음,단일로 - 기타,화물,남,62세,상해없음,이륜,여,71세,경상
2016122000100257,2016년 12월 20일 11시,화요일,제주특별자치도 제주시 건입동,경상사고,0,0,1,0,차대사람 - 기타,안전운전불이행,건조,맑음,기타 - 기타,화물,남,63세,상해없음,보행자,남,63세,경상
2016122000100381,2016년 12월 20일 15시,화요일,제주특별자치도 서귀포시 표선면,경상사고,0,0,1,0,차대차 - 측면충돌,신호위반,건조,맑음,교차로 - 교차로안,승합,남,56세,상해없음,건설기계,남,33세,경상
2016122000100402,2016년 12월 20일 16시,화요일,제주특별자치도 제주시 삼도일동,경상사고,0,0,1,0,차대차 - 추돌,안전운전불이행,건조,맑음,교차로 - 교차로부근,화물,남,25세,상해없음,승용,남,44세,경상
2016122000100403,2016년 12월 20일 16시,화요일,제주특별자치도 서귀포시 동홍동,부상신고사고,0,0,0,1,차대차 - 기타,안전운전불이행,건조,맑음,단일로 - 기타,승합,남,37세,부상신고,승합,기타불명,기타불명,기타불명
2016122000100448,2016년 12월 20일 17시,화요일,제주특별자치도 서귀포시 동홍동,경상사고,0,0,2,0,차대차 - 추돌,안전운전불이행,건조,맑음,단일로 - 기타,특수,남,25세,상해없음,승합,남,56세,상해없음
2016122000100449,2016년 12월 20일 17시,화요일,제주특별자치도 서귀포시 강정동,경상사고,0,0,1,1,차대차 - 측면직각충돌,직진우회전진행방해,건조,맑음,교차로 - 교차로안,승용,여,54세,상해없음,승용,남,69세,경상
2016122000100450,2016년 12월 20일 17시,화요일,제주특별자치도 제주시 한림읍,경상사고,0,0,1,0,차대차 - 기타,안전운전불이행,건조,맑음,기타 - 기타,화물,남,38세,상해없음,자전거,여,57세,경상
2016122000100501,2016년 12월 20일 18시,화요일,제주특별자치도 제주시 화북이동,경상사고,0,0,1,0,차대차 - 추돌,안전운전불이행,습기,비,단일로 - 기타,승용,여,54세,상해없음,승용,여,31세,경상
2016122000100575,2016년 12월 20일 20시,화요일,제주특별자치도 제주시 도남동,중상사고,0,1,1,0,차대차 - 정면충돌,신호위반,건조,맑음,교차로 - 교차로안,승용,남,25세,상해없음,승용,남,50세,중상
2016122000100576,2016년 12월 20일 20시,화요일,제주특별자치도 서귀포시 남원읍,경상사고,0,0,1,0,차대차 - 정면충돌,기타,건조,맑음,단일로 - 기타,화물,남,45세,상해없음,승용,남,26세,경상
2016122000100611,2016년 12월 20일 21시,화요일,제주특별자치도 제주시 삼양이동,경상사고,0,0,1,0,차대차 - 기타,교차로운행방법위반,건조,맑음,교차로 - 교차로안,승용,여,55세,상해없음,승용,여,21세,경상
2016122000100643,2016년 12월 20일 22시,화요일,제주특별자치도 제주시 삼도이동,경상사고,0,0,1,0,차대차 - 정면충돌,안전운전불이행,건조,맑음,단일로 - 기타,이륜,남,47세,경상,승용,여,33세,상해없음
2016122000100672,2016년 12월 20일 23시,화요일,제주특별자치도 제주시 이호이동,경상사고,0,0,2,0,차대차 - 측면직각충돌,안전운전불이행,건조,맑음,단일로 - 기타,승용,남,37세,상해없음,승용,여,54세,경상
2016122100100029,2016년 12월 21일 01시,수요일,제주특별자치도 제주시 화북이동,부상신고사고,0,0,0,1,차량단독 - 공작물충돌,안전운전불이행,습기,비,교차로 - 교차로부근,승용,남,24세,부상신고,,,,
2016122100100030,2016년 12월 21일 01시,수요일,제주특별자치도 제주시 건입동,중상사고,0,1,0,0,차량단독 - 기타,기타,건조,맑음,단일로 - 기타,승용,남,56세,상해없음,,,,
2016122100100031,2016년 12월 21일 01시,수요일,제주특별자치도 서귀포시 호근동,중상사고,0,1,0,0,차량단독 - 전도전복,안전운전불이행,건조,맑음,교차로 - 교차로부근,승용,여,61세,중상,,,,
2016122100100032,2016년 12월 21일 01시,수요일,제주특별자치도 제주시 도두일동,중상사고,0,1,0,0,차대사람 - 횡단중,안전운전불이행,건조,흐림,교차로 - 교차로안,승용,여,45세,상해없음,보행자,남,37세,중상
2016122100100099,2016년 12월 21일 07시,수요일,제주특별자치도 서귀포시 대정읍,중상사고,0,1,0,1,차대차 - 정면충돌,직진우회전진행방해,건조,맑음,교차로 - 교차로안,승용,남,46세,부상신고,승용,남,34세,중상
2016122100100169,2016년 12월 21일 09시,수요일,제주특별자치도 제주시 노형동,중상사고,0,2,0,0,차대사람 - 횡단중,안전운전불이행,습기,흐림,단일로 - 기타,자전거,남,18세,중상,보행자,여,82세,중상
2016122100100260,2016년 12월 21일 12시,수요일,제주특별자치도 서귀포시 서귀동,중상사고,0,1,0,0,차대사람 - 횡단중,안전운전불이행,습기,비,단일로 - 기타,승용,여,62세,상해없음,보행자,여,48세,중상
2016122100100283,2016년 12월 21일 13시,수요일,제주특별자치도 제주시 삼도일동,경상사고,0,0,1,0,차대사람 - 횡단중,안전운전불이행,습기,비,교차로 - 교차로안,화물,남,33세,상해없음,보행자,여,70세,경상
2016122100100284,2016년 12월 21일 13시,수요일,제주특별자치도 제주시 노형동,중상사고,0,1,0,0,차대차 - 기타,안전거리미확보,건조,맑음,단일로 - 기타,승용,남,50세,기타불명,승용,여,42세,중상
2016122100100339,2016년 12월 21일 15시,수요일,제주특별자치도 서귀포시 대포동,경상사고,0,0,1,0,차대차 - 기타,안전거리미확보,습기,흐림,교차로 - 교차로부근,승용,남,52세,경상,승용,남,24세,기타불명
2016122100100374,2016년 12월 21일 16시,수요일,제주특별자치도 제주시 일도이동,경상사고,0,0,1,0,차대사람 - 횡단중,보행자보호의무위반,습기,비,교차로 - 교차로부근,화물,남,76세,상해없음,보행자,여,58세,경상
2016122100100453,2016년 12월 21일 17시,수요일,제주특별자치도 서귀포시 표선면,경상사고,0,0,1,0,차대사람 - 횡단중,안전운전불이행,습기,비,단일로 - 기타,화물,남,72세,상해없음,보행자,여,52세,경상
2016122100100550,2016년 12월 21일 18시,수요일,제주특별자치도 제주시 아라일동,경상사고,0,0,1,0,차대사람 - 횡단중,안전운전불이행,기타,비,단일로 - 기타,승용,남,37세,상해없음,보행자,여,73세,경상
2016122100100551,2016년 12월 21일 18시,수요일,제주특별자치도 제주시 화북이동,경상사고,0,0,1,0,차대차 - 기타,신호위반,습기,비,교차로 - 교차로안,화물,남,53세,상해없음,이륜,남,26세,경상
2016122100100618,2016년 12월 21일 19시,수요일,제주특별자치도 제주시 건입동,경상사고,0,0,2,0,차대차 - 추돌,안전운전불이행,습기,비,단일로 - 기타,승용,남,29세,상해없음,승용,여,63세,상해없음
2016122100100619,2016년 12월 21일 19시,수요일,제주특별자치도 서귀포시 서귀동,중상사고,0,1,0,0,차대사람 - 기타,교차로운행방법위반,습기,비,단일로 - 기타,승합,남,37세,상해없음,보행자,남,62세,중상
2016122100100620,2016년 12월 21일 19시,수요일,제주특별자치도 서귀포시 동홍동,경상사고,0,0,1,0,차대사람 - 횡단중,안전운전불이행,습기,비,단일로 - 기타,승용,여,39세,상해없음,보행자,여,15세,경상
2016122100100735,2016년 12월 21일 21시,수요일,제주특별자치도 제주시 일도이동,중상사고,0,1,0,0,차대사람 - 횡단중,보행자보호의무위반,습기,비,단일로 - 횡단보도상,승용,남,26세,상해없음,보행자,여,65세,중상
2016122100100736,2016년 12월 21일 21시,수요일,제주특별자치도 서귀포시 성산읍,경상사고,0,0,1,0,차대차 - 측면직각충돌,안전운전불이행,습기,비,교차로 - 교차로안,승용,남,59세,상해없음,승합,남,48세,경상
2016122100100847,2016년 12월 21일 23시,수요일,제주특별자치도 제주시 일도이동,경상사고,0,0,2,0,차대차 - 정면충돌,교차로운행방법위반,습기,흐림,교차로 - 교차로안,승용,남,42세,상해없음,승용,남,31세,경상
2016122200100045,2016년 12월 22일 00시,목요일,제주특별자치도 제주시 노형동,경상사고,0,0,1,0,차대차 - 측면직각충돌,안전운전불이행,습기,비,교차로 - 교차로안,승용,남,36세,상해없음,승용,남,57세,경상
2016122200100182,2016년 12월 22일 07시,목요일,제주특별자치도 제주시 일도이동,중상사고,0,1,0,0,차대사람 - 횡단중,보행자보호의무위반,습기,비,교차로 - 교차로부근,화물,남,52세,상해없음,보행자,남,59세,중상
2016122200100183,2016년 12월 22일 07시,목요일,제주특별자치도 제주시 노형동,경상사고,0,0,1,0,차대사람 - 횡단중,안전운전불이행,습기,비,단일로 - 횡단보도부근,화물,남,47세,상해없음,보행자,남,14세,경상
2016122200100229,2016년 12월 22일 08시,목요일,제주특별자치도 서귀포시 안덕면,부상신고사고,0,0,0,1,차대차 - 측면충돌,직진우회전진행방해,건조,맑음,교차로 - 교차로안,승용,남,29세,상해없음,화물,여,44세,부상신고
2016122200100307,2016년 12월 22일 12시,목요일,제주특별자치도 제주시 이도이동,경상사고,0,0,1,0,차대사람 - 횡단중,중앙선침범,건조,맑음,단일로 - 기타,승용,남,54세,상해없음,보행자,여,57세,경상
2016122200100308,2016년 12월 22일 12시,목요일,제주특별자치도 서귀포시 동홍동,사망사고,1,0,0,0,차대사람 - 횡단중,안전운전불이행,건조,흐림,교차로 - 교차로부근,승용,남,29세,상해없음,보행자,여,74세,사망
2016122200100309,2016년 12월 22일 12시,목요일,제주특별자치도 서귀포시 서홍동,부상신고사고,0,0,0,1,차대차 - 추돌,안전운전불이행,건조,맑음,단일로 - 기타,승용,남,38세,상해없음,승용,여,59세,부상신고
2016122200100364,2016년 12월 22일 14시,목요일,제주특별자치도 제주시 삼도이동,경상사고,0,0,1,0,차대사람 - 기타,안전운전불이행,건조,맑음,교차로 - 교차로부근,승용,남,71세,상해없음,보행자,여,35세,경상
2016122200100467,2016년 12월 22일 17시,목요일,제주특별자치도 제주시 노형동,경상사고,0,0,1,0,차대사람 - 횡단중,보행자보호의무위반,건조,흐림,단일로 - 횡단보도상,승용,남,58세,상해없음,보행자,여,14세,경상
2016122200100524,2016년 12월 22일 18시,목요일,제주특별자치도 서귀포시 서홍동,경상사고,0,0,3,1,차대차 - 측면충돌,안전운전불이행,건조,맑음,교차로 - 교차로안,승용,여,48세,경상,승용,여,24세,경상
2016122200100569,2016년 12월 22일 19시,목요일,제주특별자치도 제주시 삼도일동,경상사고,0,0,1,0,차대사람 - 횡단중,안전운전불이행,건조,맑음,교차로 - 교차로안,기타불명,기타불명,기타불명,기타불명,보행자,남,13세,경상
2016122200100570,2016년 12월 22일 19시,목요일,제주특별자치도 제주시 아라일동,경상사고,0,0,1,0,차대차 - 정면충돌,안전운전불이행,건조,기타,교차로 - 교차로안,승용,남,61세,상해없음,승용,남,56세,경상
2016122200100638,2016년 12월 22일 21시,목요일,제주특별자치도 서귀포시 남원읍,경상사고,0,0,2,0,차대차 - 정면충돌,중앙선침범,건조,맑음,단일로 - 기타,이륜,남,17세,경상,승용,남,47세,상해없음
2016122200100670,2016년 12월 22일 22시,목요일,제주특별자치도 제주시 일도이동,경상사고,0,0,2,0,차대차 - 정면충돌,차로위반,건조,맑음,단일로 - 기타,승용,남,64세,경상,승용,남,57세,경상
2016122300100104,2016년 12월 23일 07시,금요일,제주특별자치도 서귀포시 안덕면,경상사고,0,0,1,0,차대차 - 기타,안전운전불이행,건조,맑음,단일로 - 기타,승용,남,41세,상해없음,화물,남,66세,경상
2016122300100145,2016년 12월 23일 08시,금요일,제주특별자치도 제주시 애월읍,경상사고,0,0,1,0,차대차 - 기타,안전운전불이행,건조,맑음,교차로 - 교차로안,승용,남,25세,상해없음,승용,남,45세,경상
2016122300100183,2016년 12월 23일 09시,금요일,제주특별자치도 제주시 이도이동,경상사고,0,0,1,0,차대사람 - 보도통행중,기타,습기,비,기타 - 기타,원동기,남,72세,상해없음,보행자,여,47세,경상
2016122300100203,2016년 12월 23일 10시,금요일,제주특별자치도 제주시 한경면,중상사고,0,1,2,0,차대차 - 기타,중앙선침범,건조,맑음,단일로 - 기타,화물,남,37세,중상,승용,남,53세,경상
2016122300100265,2016년 12월 23일 12시,금요일,제주특별자치도 제주시 용담일동,중상사고,0,1,0,0,차대사람 - 횡단중,안전운전불이행,기타,맑음,단일로 - 기타,승용,남,63세,상해없음,보행자,여,76세,중상
2016122300100266,2016년 12월 23일 12시,금요일,제주특별자치도 서귀포시 성산읍,중상사고,0,4,2,0,차대차 - 측면직각충돌,직진우회전진행방해,건조,맑음,교차로 - 교차로안,승용,남,26세,경상,승용,남,38세,중상
2016122300100297,2016년 12월 23일 13시,금요일,제주특별자치도 제주시 구좌읍,경상사고,0,0,1,0,차대사람 - 횡단중,보행자보호의무위반,건조,맑음,단일로 - 기타,승용,여,38세,상해없음,보행자,여,23세,경상