사고번호,사고일시,요일,시군구,사고내용,사망자수,중상자수,경상자수,부상신고자수,사고유형,법규위반,노면상태,기상상태,도로형태,가해운전자 차종,가해운전자 성별,가해운전자 연령,가해운전자 상해정도,피해운전자 차종,피해운전자 성별,피해운전자 연령,피해운전자 상해정도
2016122300100321,2016년 12월 23일 14시,금요일,제주특별자치도 제주시 조천읍,중상사고,0,1,0,0,차대사람 - 보도통행중,기타,건조,흐림,단일로 - 기타,승합,여,41세,상해없음,보행자,여,84세,중상
2016122300100389,2016년 12월 23일 16시,금요일,제주특별자치도 제주시 애월읍,중상사고,0,1,1,0,차대차 - 측면충돌,중앙선침범,건조,맑음,단일로 - 기타,화물,남,57세,중상,승용,남,49세,경상
2016122300100564,2016년 12월 23일 20시,금요일,제주특별자치도 서귀포시 토평동,중상사고,0,2,0,1,차대차 - 측면직각충돌,신호위반,건조,맑음,교차로 - 교차로안,승용,남,24세,상해없음,승용,남,49세,부상신고
2016122300100565,2016년 12월 23일 20시,금요일,제주특별자치도 제주시 애월읍,중상사고,0,1,0,0,차대사람 - 횡단중,안전운전불이행,건조,맑음,교차로 - 교차로부근,승용,남,28세,상해없음,보행자,남,70세,중상
2016122300100648,2016년 12월 23일 22시,금요일,제주특별자치도 서귀포시 서귀동,경상사고,0,0,1,0,차대사람 - 기타,안전운전불이행,건조,맑음,교차로 - 교차로부근,승용,남,22세,상해없음,보행자,남,60세,경상
2016122400100038,2016년 12월 24일 01시,토요일,제주특별자치도 서귀포시 성산읍,부상신고사고,0,0,0,2,차대차 - 정면충돌,안전운전불이행,기타,기타,단일로 - 기타,승용,남,28세,상해없음,승용,남,39세,기타불명
2016122400100137,2016년 12월 24일 07시,토요일,제주특별자치도 제주시 일도일동,사망사고,1,0,0,0,차대사람 - 횡단중,안전운전불이행,건조,맑음,단일로 - 기타,화물,남,63세,상해없음,보행자,남,53세,사망
2016122400100138,2016년 12월 24일 07시,토요일,제주특별자치도 제주시 애월읍,중상사고,0,1,0,0,차대사람 - 횡단중,안전운전불이행,건조,맑음,교차로 - 교차로부근,승용,남,62세,상해없음,보행자,여,70세,중상
2016122400100207,2016년 12월 24일 11시,토요일,제주특별자치도 제주시 한림읍,경상사고,0,0,1,1,차대차 - 추돌,안전거리미확보,건조,맑음,단일로 - 기타,승용,남,31세,상해없음,승용,남,24세,경상
2016122400100234,2016년 12월 24일 12시,토요일,제주특별자치도 제주시 삼도일동,중상사고,0,1,0,0,차대사람 - 횡단중,보행자보호의무위반,건조,맑음,교차로 - 교차로안,승합,남,56세,상해없음,보행자,여,61세,중상
2016122400100235,2016년 12월 24일 12시,토요일,제주특별자치도 제주시 일도일동,경상사고,0,0,1,0,차대사람 - 횡단중,안전운전불이행,건조,맑음,교차로 - 교차로안,기타불명,기타불명,기타불명,기타불명,보행자,남,60세,경상
2016122400100307,2016년 12월 24일 15시,토요일,제주특별자치도 제주시 이도일동,경상사고,0,0,3,0,차대차 - 정면충돌,직진우회전진행방해,건조,흐림,교차로 - 교차로안,승용,남,23세,상해없음,승용,남,66세,기타불명
2016122400100308,2016년 12월 24일 15시,토요일,제주특별자치도 제주시 한림읍,중상사고,0,1,0,0,차대차 - 정면충돌,중앙선침범,건조,흐림,단일로 - 기타,승용,남,72세,상해없음,자전거,남,11세,중상
2016122400100336,2016년 12월 24일 16시,토요일,제주특별자치도 제주시 한림읍,경상사고,0,0,1,0,차대차 - 측면충돌,교차로운행방법위반,건조,맑음,교차로 - 교차로안,승용,여,37세,상해없음,승용,남,48세,경상
2016122400100372,2016년 12월 24일 17시,토요일,제주특별자치도 제주시 영평동,경상사고,0,0,2,0,차대차 - 추돌,안전거리미확보,기타,맑음,단일로 - 기타,승용,여,23세,상해없음,승용,여,26세,상해없음
2016122400100373,2016년 12월 24일 17시,토요일,제주특별자치도 제주시 조천읍,경상사고,0,0,4,0,차대차 - 추돌,안전거리미확보,건조,맑음,단일로 - 기타,승용,남,64세,상해없음,승용,남,30세,경상
2016122400100426,2016년 12월 24일 18시,토요일,제주특별자치도 제주시 노형동,경상사고,0,0,1,0,차대차 - 측면충돌,직진우회전진행방해,건조,맑음,교차로 - 교차로안,원동기,남,48세,경상,승용,여,42세,상해없음
2016122400100458,2016년 12월 24일 19시,토요일,제주특별자치도 제주시 용담이동,경상사고,0,0,1,0,차대사람 - 횡단중,보행자보호의무위반,건조,맑음,단일로 - 기타,승합,남,51세,상해없음,보행자,남,69세,경상
2016122400100459,2016년 12월 24일 19시,토요일,제주특별자치도 제주시 한경면,경상사고,0,0,2,0,차대차 - 측면충돌,안전운전불이행,건조,맑음,교차로 - 교차로안,화물,여,67세,상해없음,승용,남,44세,경상
2016122400100497,2016년 12월 24일 20시,토요일,제주특별자치도 서귀포시 동홍동,중상사고,0,1,0,0,차대사람 - 횡단중,안전운전불이행,건조,맑음,단일로 - 기타,승용,남,67세,상해없음,보행자,여,54세,중상
2016122400100498,2016년 12월 24일 20시,토요일,제주특별자치도 서귀포시 중문동,경상사고,0,0,2,0,차대차 - 추돌,안전운전불이행,건조,맑음,단일로 - 기타,승용,남,48세,상해없음,승용,남,50세,경상
2016122400100526,2016년 12월 24일 21시,토요일,제주특별자치도 제주시 용담일동,경상사고,0,0,1,0,차대사람 - 횡단중,안전운전불이행,건조,기타,단일로 - 횡단보도상,승용,여,49세,상해없음,보행자,남,50세,경상
2016122400100553,2016년 12월 24일 22시,토요일,제주특별자치도 서귀포시 대정읍,중상사고,0,4,2,0,차대차 - 추돌,안전거리미확보,건조,맑음,단일로 - 기타,승용,남,60세,중상,승용,남,40세,경상
2016122500100013,2016년 12월 25일 00시,일요일,제주특별자치도 제주시 아라일동,사망사고,1,0,0,0,차대차 - 측면충돌,신호위반,기타,맑음,단일로 - 횡단보도상,승용,남,50세,상해없음,자전거,남,19세,사망
2016122500100079,2016년 12월 25일 06시,일요일,제주특별자치도 서귀포시 하효동,경상사고,0,0,1,0,차대사람 - 횡단중,안전운전불이행,건조,맑음,교차로 - 교차로안,승합,남,78세,상해없음,보행자,남,76세,경상
2016122500100089,2016년 12월 25일 07시,일요일,제주특별자치도 제주시 연동,경상사고,0,0,1,0,차대차 - 기타,안전운전불이행,건조,맑음,단일로 - 기타,승용,남,25세,상해없음,승용,남,33세,경상
2016122500100169,2016년 12월 25일 12시,일요일,제주특별자치도 제주시 도평동,경상사고,0,0,1,0,차대차 - 기타,안전운전불이행,건조,맑음,기타 - 기타,승용,여,32세,기타불명,승용,남,45세,경상
2016122500100205,2016년 12월 25일 13시,일요일,제주특별자치도 서귀포시 서호동,경상사고,0,0,1,0,차대차 - 측면충돌,안전거리미확보,건조,맑음,교차로 - 교차로안,승용,여,23세,상해없음,승용,여,45세,경상
2016122500100227,2016년 12월 25일 14시,일요일,제주특별자치도 제주시 화북이동,경상사고,0,0,2,0,차대차 - 추돌,안전거리미확보,건조,맑음,교차로 - 교차로부근,승용,남,39세,상해없음,승용,남,45세,경상
2016122500100269,2016년 12월 25일 16시,일요일,제주특별자치도 제주시 일도이동,경상사고,0,0,1,0,차대차 - 측면충돌,안전운전불이행,건조,맑음,교차로 - 교차로안,승용,남,56세,상해없음,승용,남,55세,경상
2016122500100326,2016년 12월 25일 18시,일요일,제주특별자치도 제주시 조천읍,경상사고,0,0,1,0,차대차 - 추돌,안전거리미확보,건조,흐림,교차로 - 교차로부근,화물,남,20세,상해없음,승합,남,45세,경상
2016122500100327,2016년 12월 25일 18시,일요일,제주특별자치도 제주시 한경면,중상사고,0,1,0,0,차대사람 - 횡단중,안전운전불이행,건조,맑음,단일로 - 기타,화물,남,24세,상해없음,보행자,남,49세,중상
2016122500100359,2016년 12월 25일 19시,일요일,제주특별자치도 제주시 이도이동,중상사고,0,1,0,0,차대차 - 측면직각충돌,안전운전불이행,습기,비,단일로 - 기타,승용,여,48세,상해없음,승용,여,26세,중상
2016122500100360,2016년 12월 25일 19시,일요일,제주특별자치도 서귀포시 서귀동,부상신고사고,0,0,0,1,차대사람 - 기타,안전운전불이행,건조,맑음,단일로 - 기타,승용,남,26세,상해없음,보행자,여,19세,부상신고
2016122500100361,2016년 12월 25일 19시,일요일,제주특별자치도 제주시 연동,경상사고,0,0,2,0,차대차 - 측면충돌,직진우회전진행방해,건조,맑음,교차로 - 교차로안,승용,남,28세,경상,승용,여,32세,상해없음
2016122500100432,2016년 12월 25일 22시,일요일,제주특별자치도 제주시 연동,부상신고사고,0,0,0,4,차대차 - 측면충돌,안전거리미확보,건조,맑음,단일로 - 기타,승용,남,52세,상해없음,승용,여,44세,부상신고
2016122600100054,2016년 12월 26일 05시,월요일,제주특별자치도 서귀포시 법환동,중상사고,0,1,0,0,차대사람 - 횡단중,보행자보호의무위반,습기,비,단일로 - 횡단보도상,승합,남,60세,상해없음,보행자,여,61세,중상
2016122600100070,2016년 12월 26일 06시,월요일,제주특별자치도 제주시 일도일동,중상사고,0,1,0,0,차대사람 - 횡단중,안전운전불이행,습기,비,단일로 - 기타,승용,여,50세,상해없음,보행자,여,24세,중상
2016122600100071,2016년 12월 26일 06시,월요일,제주특별자치도 제주시 용담일동,중상사고,0,1,0,0,차대사람 - 횡단중,보행자보호의무위반,습기,비,단일로 - 횡단보도상,화물,남,54세,상해없음,보행자,여,74세,중상
2016122600100089,2016년 12월 26일 07시,월요일,제주특별자치도 서귀포시 동홍동,경상사고,0,0,1,0,차대차 - 측면충돌,직진우회전진행방해,건조,맑음,교차로 - 교차로안,승용,여,49세,상해없음,이륜,남,54세,경상
2016122600100170,2016년 12월 26일 10시,월요일,제주특별자치도 제주시 화북이동,중상사고,0,1,0,0,차대차 - 측면충돌,신호위반,습기,비,교차로 - 교차로안,승용,남,23세,상해없음,화물,남,35세,중상
2016122600100171,2016년 12월 26일 10시,월요일,제주특별자치도 제주시 도두일동,경상사고,0,0,2,0,차대차 - 추돌,안전운전불이행,건조,맑음,미분류 - 미분류,화물,남,28세,상해없음,승용,남,56세,경상
2016122600100219,2016년 12월 26일 12시,월요일,제주특별자치도 서귀포시 토평동,중상사고,0,1,0,0,차대차 - 정면충돌,중앙선침범,습기,비,단일로 - 기타,승용,남,44세,중상,승합,남,48세,상해없음
2016122600100252,2016년 12월 26일 13시,월요일,제주특별자치도 제주시 연동,중상사고,0,1,0,0,차대사람 - 기타,안전운전불이행,건조,맑음,기타 - 기타,승용,남,53세,상해없음,보행자,남,18세,중상
2016122600100286,2016년 12월 26일 14시,월요일,제주특별자치도 제주시 삼도일동,경상사고,0,0,2,0,차대차 - 기타,기타,습기,비,단일로 - 기타,화물,남,53세,상해없음,승용,남,34세,경상
2016122600100287,2016년 12월 26일 14시,월요일,제주특별자치도 제주시 애월읍,경상사고,0,0,1,1,차량단독 - 전도전복,안전운전불이행,습기,비,단일로 - 기타,승용,여,22세,부상신고,,,,
2016122600100313,2016년 12월 26일 15시,월요일,제주특별자치도 서귀포시 신효동,중상사고,0,1,4,0,차대차 - 기타,신호위반,습기,비,교차로 - 교차로안,승용,여,50세,경상,승용,남,29세,경상
2016122600100314,2016년 12월 26일 15시,월요일,제주특별자치도 서귀포시 동홍동,경상사고,0,0,2,0,차대차 - 추돌,안전운전불이행,습기,비,교차로 - 교차로부근,승용,남,43세,상해없음,승용,남,30세,경상
2016122600100388,2016년 12월 26일 17시,월요일,제주특별자치도 제주시 화북일동,경상사고,0,0,1,0,차대사람 - 횡단중,안전운전불이행,습기,비,교차로 - 교차로안,기타불명,기타불명,기타불명,기타불명,보행자,여,13세,경상
2016122600100450,2016년 12월 26일 18시,월요일,제주특별자치도 제주시 조천읍,경상사고,0,0,3,0,차대차 - 정면충돌,신호위반,기타,맑음,교차로 - 교차로안,화물,남,79세,경상,승용,남,43세,경상
2016122600100451,2016년 12월 26일 18시,월요일,제주특별자치도 제주시 노형동,경상사고,0,0,1,0,차대사람 - 횡단중,보행자보호의무위반,습기,비,교차로 - 교차로안,승용,여,50세,상해없음,보행자,남,37세,경상
2016122600100452,2016년 12월 26일 18시,월요일,제주특별자치도 제주시 애월읍,중상사고,0,1,1,0,차대차 - 기타,안전거리미확보,건조,맑음,단일로 - 기타,승용,여,31세,상해없음,승용,남,28세,상해없음
2016122600100535,2016년 12월 26일 20시,월요일,제주특별자치도 제주시 한림읍,경상사고,0,0,1,0,차대차 - 기타,중앙선침범,습기,흐림,교차로 - 교차로부근,승합,남,56세,상해없음,승용,남,32세,경상
2016122600100598,2016년 12월 26일 22시,월요일,제주특별자치도 서귀포시 서귀동,중상사고,0,1,0,0,차대사람 - 횡단중,보행자보호의무위반,건조,맑음,교차로 - 교차로부근,승용,남,45세,상해없음,보행자,남,52세,중상
2016122700100038,2016년 12월 27일 02시,화요일,제주특별자치도 제주시 일도이동,경상사고,0,0,1,0,차대차 - 정면충돌,교차로운행방법위반,습기,흐림,교차로 - 교차로안,승용,남,41세,상해없음,승용,남,42세,경상
2016122700100049,2016년 12월 27일 04시,화요일,제주특별자치도 제주시 애월읍,경상사고,0,0,1,0,차량단독 - 공작물충돌,안전운전불이행,습기,비,단일로 - 기타,승용,남,64세,상해없음,,,,
2016122700100127,2016년 12월 27일 08시,화요일,제주특별자치도 제주시 도두일동,부상신고사고,0,0,0,1,차대사람 - 횡단중,안전운전불이행,습기,비,단일로 - 기타,화물,여,60세,상해없음,보행자,남,31세,부상신고
2016122700100172,2016년 12월 27일 10시,화요일,제주특별자치도 제주시 이도이동,중상사고,0,1,0,0,차대사람 - 차도통행중,안전운전불이행,건조,맑음,교차로 - 교차로안,승용,남,40세,상해없음,보행자,여,63세,중상
2016122700100173,2016년 12월 27일 10시,화요일,제주특별자치도 서귀포시 안덕면,중상사고,0,1,1,0,차대차 - 측면충돌,안전운전불이행,건조,맑음,교차로 - 교차로부근,특수,남,50세,중상,승합,남,27세,경상
2016122700100221,2016년 12월 27일 12시,화요일,제주특별자치도 제주시 일도이동,중상사고,0,1,0,0,차대사람 - 횡단중,안전운전불이행,건조,맑음,단일로 - 기타,승용,남,63세,상해없음,보행자,남,50세,중상
2016122700100248,2016년 12월 27일 13시,화요일,제주특별자치도 제주시 아라일동,경상사고,0,0,2,0,차대차 - 측면충돌,신호위반,습기,비,교차로 - 교차로안,승용,여,42세,경상,승용,여,47세,경상
2016122700100249,2016년 12월 27일 13시,화요일,제주특별자치도 서귀포시 대정읍,경상사고,0,0,1,0,차대차 - 기타,안전거리미확보,건조,맑음,단일로 - 기타,승합,남,55세,상해없음,승용,남,44세,경상
2016122700100357,2016년 12월 27일 16시,화요일,제주특별자치도 제주시 오라일동,중상사고,0,1,0,0,차대차 - 정면충돌,직진우회전진행방해,습기,눈,교차로 - 교차로안,승용,남,32세,중상,승용,남,55세,상해없음
2016122700100358,2016년 12월 27일 16시,화요일,제주특별자치도 제주시 이도일동,중상사고,0,1,0,0,차대사람 - 횡단중,안전운전불이행,건조,맑음,단일로 - 기타,승용,여,19세,상해없음,보행자,여,51세,중상
2016122700100391,2016년 12월 27일 17시,화요일,제주특별자치도 제주시 연동,경상사고,0,0,3,0,차대차 - 측면직각충돌,안전운전불이행,습기,비,단일로 - 기타,승용,남,58세,상해없음,승용,남,54세,상해없음
2016122700100565,2016년 12월 27일 22시,화요일,제주특별자치도 제주시 이도일동,중상사고,0,1,0,0,차대차 - 정면충돌,신호위반,건조,맑음,교차로 - 교차로안,이륜,남,23세,중상,승용,여,49세,상해없음
2016122700100566,2016년 12월 27일 22시,화요일,제주특별자치도 서귀포시 중문동,중상사고,0,1,1,0,차대사람 - 횡단중,안전운전불이행,건조,맑음,단일로 - 기타,승용,남,47세,상해없음,보행자,남,32세,중상
2016122700100567,2016년 12월 27일 22시,화요일,제주특별자치도 서귀포시 동홍동,경상사고,0,0,2,0,차대차 - 추돌,안전운전불이행,건조,맑음,교차로 - 교차로부근,승용,여,42세,기타불명,승용,남,29세,경상
2016122800100081,2016년 12월 28일 06시,수요일,제주특별자치도 제주시 오라이동,중상사고,0,1,0,0,차대사람 - 횡단중,신호위반,건조,맑음,단일로 - 횡단보도상,승용,남,61세,상해없음,보행자,여,55세,중상
2016122800100130,2016년 12월 28일 08시,수요일,제주특별자치도 제주시 건입동,중상사고,0,1,0,0,차대사람 - 횡단중,보행자보호의무위반,기타,맑음,단일로 - 횡단보도상,승용,남,30세,상해없음,보행자,여,75세,중상
2016122800100131,2016년 12월 28일 08시,수요일,제주특별자치도 서귀포시 토평동,중상사고,0,1,0,0,차대차 - 기타,차로위반,건조,맑음,교차로 - 교차로부근,승용,여,46세,상해없음,승용,남,28세,중상
2016122800100132,2016년 12월 28일 08시,수요일,제주특별자치도 제주시 연동,중상사고,0,1,0,0,차대사람 - 기타,안전운전불이행,건조,맑음,단일로 - 기타,건설기계,남,54세,상해없음,보행자,남,53세,중상
2016122800100166,2016년 12월 28일 09시,수요일,제주특별자치도 제주시 이도일동,중상사고,0,1,0,0,차대차 - 정면충돌,교차로운행방법위반,건조,맑음,교차로 - 교차로안,승용,남,47세,상해없음,승용,여,53세,중상
2016122800100167,2016년 12월 28일 09시,수요일,제주특별자치도 제주시 도남동,경상사고,0,0,1,0,차대차 - 측면직각충돌,차로위반,건조,맑음,단일로 - 기타,승용,여,54세,상해없음,승용,남,35세,경상
2016122800100168,2016년 12월 28일 09시,수요일,제주특별자치도 서귀포시 중문동,경상사고,0,0,1,0,차대차 - 추돌,안전거리미확보,건조,맑음,단일로 - 기타,승용,남,47세,상해없음,승용,여,36세,경상
2016122800100169,2016년 12월 28일 09시,수요일,제주특별자치도 제주시 애월읍,부상신고사고,0,0,0,1,차대차 - 기타,안전거리미확보,건조,맑음,단일로 - 기타,원동기,여,74세,부상신고,건설기계,남,34세,상해없음
2016122800100201,2016년 12월 28일 10시,수요일,제주특별자치도 서귀포시 동홍동,경상사고,0,0,1,0,차대차 - 기타,직진우회전진행방해,건조,맑음,교차로 - 교차로부근,승용,여,56세,상해없음,승합,여,54세,경상
2016122800100230,2016년 12월 28일 11시,수요일,제주특별자치도 제주시 노형동,경상사고,0,0,2,0,차대차 - 추돌,안전거리미확보,건조,맑음,단일로 - 기타,승합,남,44세,상해없음,승용,여,49세,경상
2016122800100321,2016년 12월 28일 14시,수요일,제주특별자치도 서귀포시 대정읍,중상사고,0,1,0,1,차량단독 - 전도전복,안전운전불이행,건조,맑음,단일로 - 기타,화물,남,77세,부상신고,,,,
2016122800100424,2016년 12월 28일 17시,수요일,제주특별자치도 서귀포시 회수동,경상사고,0,0,1,0,차대차 - 측면충돌,직진우회전진행방해,건조,맑음,교차로 - 교차로안,화물,남,54세,상해없음,승용,남,48세,경상
2016122800100482,2016년 12월 28일 18시,수요일,제주특별자치도 제주시 연동,부상신고사고,0,0,0,1,차대차 - 정면충돌,교차로운행방법위반,건조,맑음,교차로 - 교차로부근,승용,여,33세,상해없음,승용,남,27세,부상신고
2016122800100629,2016년 12월 28일 23시,수요일,제주특별자치도 제주시 한림읍,경상사고,0,0,1,0,차대사람 - 기타,안전운전불이행,건조,맑음,교차로 - 교차로부근,승용,남,35세,상해없음,보행자,남,52세,경상
2016122900100051,2016년 12월 29일 02시,목요일,제주특별자치도 제주시 이도이동,사망사고,1,0,0,0,차대사람 - 횡단중,안전운전불이행,건조,맑음,교차로 - 교차로부근,승용,남,60세,상해없음,보행자,남,52세,사망
2016122900100079,2016년 12월 29일 04시,목요일,제주특별자치도 제주시 이도이동,중상사고,0,1,3,0,차대차 - 추돌,안전운전불이행,건조,맑음,교차로 - 교차로부근,승용,남,25세,상해없음,승용,남,45세,경상
2016122900100141,2016년 12월 29일 07시,목요일,제주특별자치도 서귀포시 강정동,사망사고,1,0,0,0,차대사람 - 횡단중,보행자보호의무위반,건조,맑음,단일로 - 기타,화물,남,58세,상해없음,보행자,여,66세,사망
2016122900100181,2016년 12월 29일 08시,목요일,제주특별자치도 제주시 도남동,중상사고,0,2,0,0,차대차 - 기타,안전거리미확보,기타,맑음,단일로 - 기타,승용,남,65세,상해없음,승용,여,43세,중상
2016122900100182,2016년 12월 29일 08시,목요일,제주특별자치도 서귀포시 남원읍,중상사고,0,1,0,0,차대차 - 추돌,기타,건조,흐림,단일로 - 기타,승용,남,56세,상해없음,화물,여,44세,중상
2016122900100322,2016년 12월 29일 12시,목요일,제주특별자치도 제주시 이도이동,경상사고,0,0,2,0,차대차 - 추돌,안전운전불이행,건조,맑음,단일로 - 기타,승용,남,27세,상해없음,승용,여,60세,경상
2016122900100557,2016년 12월 29일 18시,목요일,제주특별자치도 제주시 건입동,경상사고,0,0,1,0,차대사람 - 횡단중,보행자보호의무위반,건조,맑음,단일로 - 기타,승용,여,21세,상해없음,보행자,여,41세,경상
2016122900100610,2016년 12월 29일 19시,목요일,제주특별자치도 제주시 오라일동,중상사고,0,1,0,0,차대사람 - 차도통행중,안전운전불이행,건조,맑음,교차로 - 교차로부근,승합,남,61세,상해없음,보행자,남,54세,중상
2016122900100611,2016년 12월 29일 19시,목요일,제주특별자치도 서귀포시 남원읍,경상사고,0,0,4,0,차대차 - 추돌,안전운전불이행,건조,맑음,단일로 - 기타,승용,남,31세,경상,승용,남,49세,경상
2016122900100612,2016년 12월 29일 19시,목요일,제주특별자치도 제주시 도평동,중상사고,0,1,0,0,차대사람 - 횡단중,안전운전불이행,건조,맑음,기타 - 기타,승용,여,50세,상해없음,보행자,여,12세,중상
2016122900100664,2016년 12월 29일 20시,목요일,제주특별자치도 제주시 애월읍,사망사고,1,0,0,0,차대사람 - 횡단중,안전운전불이행,건조,맑음,단일로 - 기타,승용,남,27세,상해없음,보행자,여,76세,사망
2016122900100786,2016년 12월 29일 23시,목요일,제주특별자치도 제주시 연동,경상사고,0,0,1,0,차대차 - 측면충돌,중앙선침범,건조,맑음,교차로 - 교차로부근,승용,여,37세,상해없음,승용,남,51세,경상
2016123000100027,2016년 12월 30일 00시,금요일,제주특별자치도 서귀포시 강정동,경상사고,0,0,2,0,차대차 - 정면충돌,안전운전불이행,기타,맑음,단일로 - 기타,승용,남,35세,상해없음,승용,여,21세,경상
2016123000100050,2016년 12월 30일 01시,금요일,제주특별자치도 제주시 연동,경상사고,0,0,1,0,차대차 - 기타,안전운전불이행,기타,기타,교차로 - 교차로부근,기타불명,기타불명,기타불명,기타불명,승용,남,49세,상해없음
2016123000100123,2016년 12월 30일 06시,금요일,제주특별자치도 제주시 화북일동,중상사고,0,1,0,0,차대사람 - 길가장자리구역통행중,안전운전불이행,건조,흐림,단일로 - 기타,승용,남,26세,상해없음,보행자,남,57세,중상
2016123000100225,2016년 12월 30일 09시,금요일,제주특별자치도 서귀포시 안덕면,경상사고,0,0,1,1,차대차 - 측면직각충돌,신호위반,건조,맑음,교차로 - 교차로안,화물,남,45세,부상신고,승합,남,28세,경상
2016123000100254,2016년 12월 30일 10시,금요일,제주특별자치도 제주시 한림읍,경상사고,0,0,4,1,차량단독 - 전도전복,안전운전불이행,건조,맑음,단일로 - 기타,승용,남,33세,부상신고,,,,
2016123000100294,2016년 12월 30일 11시,금요일,제주특별자치도 서귀포시 대정읍,경상사고,0,0,1,1,차대차 - 기타,교차로운행방법위반,건조,맑음,교차로 - 교차로부근,건설기계,남,54세,부상신고,승용,남,62세,경상
2016123000100378,2016년 12월 30일 13시,금요일,제주특별자치도 제주시 조천읍,경상사고,0,0,1,0,차대차 - 정면충돌,중앙선침범,건조,맑음,단일로 - 기타,승용,여,44세,상해없음,농기계,남,기타불명,기타불명
2016123000100381,2016년 12월 30일 13시,금요일,제주특별자치도 제주시 한경면,경상사고,0,0,1,1,차대차 - 측면충돌,신호위반,건조,맑음,교차로 - 교차로안,승용,남,72세,부상신고,승합,남,44세,경상
2016123000100464,2016년 12월 30일 15시,금요일,제주특별자치도 제주시 노형동,경상사고,0,0,3,0,차대차 - 기타,중앙선침범,건조,맑음,교차로 - 교차로안,승용,여,67세,상해없음,승용,여,26세,경상
2016123000100505,2016년 12월 30일 16시,금요일,제주특별자치도 제주시 영평동,중상사고,0,1,0,0,차대사람 - 횡단중,안전운전불이행,건조,맑음,교차로 - 교차로부근,승용,여,32세,상해없음,보행자,여,72세,중상
2016123000100552,2016년 12월 30일 17시,금요일,제주특별자치도 제주시 건입동,경상사고,0,0,1,0,차대차 - 정면충돌,신호위반,건조,맑음,교차로 - 교차로안,화물,남,48세,상해없음,승용,여,38세,경상
2016123000100553,2016년 12월 30일 17시,금요일,제주특별자치도 제주시 오라이동,경상사고,0,0,6,1,차대차 - 추돌,안전거리미확보,건조,맑음,교차로 - 교차로부근,승합,남,54세,경상,화물,남,36세,경상
2016123000100554,2016년 12월 30일 17시,금요일,제주특별자치도 제주시 도련일동,중상사고,0,1,0,0,차대사람 - 횡단중,보행자보호의무위반,건조,맑음,단일로 - 횡단보도상,승용,여,53세,상해없음,보행자,여,74세,중상
2016123000100623,2016년 12월 30일 18시,금요일,제주특별자치도 제주시 오라일동,경상사고,0,0,1,0,차대차 - 추돌,교차로운행방법위반,건조,맑음,교차로 - 교차로부근,승용,남,64세,상해없음,이륜,남,27세,경상
2016123000100739,2016년 12월 30일 20시,금요일,제주특별자치도 제주시 도남동,경상사고,0,0,1,0,차대차 - 정면충돌,안전운전불이행,건조,맑음,단일로 - 기타,이륜,남,67세,경상,화물,남,34세,상해없음
2016123100100021,2016년 12월 31일 00시,토요일,제주특별자치도 제주시 노형동,경상사고,0,0,2,0,차대차 - 측면충돌,직진우회전진행방해,건조,맑음,교차로 - 교차로안,승용,남,35세,상해없음,승용,남,41세,상해없음
2016123100100148,2016년 12월 31일 06시,토요일,제주특별자치도 제주시 연동,중상사고,0,3,0,1,차대차 - 추돌,안전운전불이행,건조,맑음,교차로 - 교차로부근,화물,남,52세,상해없음,승용,남,46세,중상
2016123100100194,2016년 12월 31일 09시,토요일,제주특별자치도 제주시 구좌읍,중상사고,0,1,0,0,차량단독 - 기타,안전운전불이행,건조,맑음,단일로 - 기타,화물,남,59세,상해없음,,,,
2016123100100209,2016년 12월 31일 10시,토요일,제주특별자치도 서귀포시 서홍동,경상사고,0,0,1,0,차대차 - 측면충돌,직진우회전진행방해,건조,맑음,교차로 - 교차로안,승용,남,76세,상해없음,승용,남,68세,상해없음
2016123100100290,2016년 12월 31일 13시,토요일,제주특별자치도 제주시 건입동,경상사고,0,0,1,0,차대차 - 추돌,안전운전불이행,기타,맑음,단일로 - 기타,화물,남,52세,상해없음,승용,남,38세,상해없음
2016123100100291,2016년 12월 31일 13시,토요일,제주특별자치도 서귀포시 표선면,중상사고,0,1,2,0,차대차 - 정면충돌,직진우회전진행방해,건조,맑음,교차로 - 교차로안,승용,남,34세,중상,승용,여,42세,경상
2016123100100330,2016년 12월 31일 14시,토요일,제주특별자치도 서귀포시 안덕면,부상신고사고,0,0,0,1,차대사람 - 기타,보행자보호의무위반,건조,맑음,기타 - 기타,승용,남,69세,상해없음,보행자,남,32세,부상신고
2016123100100331,2016년 12월 31일 14시,토요일,제주특별자치도 제주시 노형동,경상사고,0,0,2,0,차대차 - 추돌,안전운전불이행,건조,맑음,단일로 - 기타,승용,남,21세,상해없음,승용,여,25세,경상
2016123100100506,2016년 12월 31일 19시,토요일,제주특별자치도 제주시 건입동,경상사고,0,0,1,0,차대차 - 정면충돌,안전거리미확보,건조,맑음,단일로 - 기타,승용,여,33세,상해없음,승용,남,60세,경상
2016123100100507,2016년 12월 31일 19시,토요일,제주특별자치도 서귀포시 서귀동,경상사고,0,0,1,0,차대사람 - 횡단중,안전운전불이행,건조,맑음,단일로 - 기타,승용,남,31세,상해없음,보행자,남,63세,경상